2026-04-21 18:15:03 | INFO     | cli | New order request | symbol=BTCUSDT side=BUY type=MARKET qty=0.01 price=None
2026-04-21 18:15:03 | INFO     | bot.orders | Placing MARKET order | BUY 0.01 BTCUSDT
2026-04-21 18:15:03 | DEBUG    | bot.client | POST https://testnet.binancefuture.com/fapi/v1/order | params: {'symbol': 'BTCUSDT', 'side': 'BUY', 'type': 'MARKET', 'quantity': 0.01, 'timestamp': 1745242503412, 'recvWindow': 5000}
2026-04-21 18:15:04 | DEBUG    | bot.client | Response [200]: {'orderId': 4291058374, 'symbol': 'BTCUSDT', 'status': 'FILLED', 'clientOrderId': 'x-R4BD3S82', 'price': '0.00', 'avgPrice': '87432.60', 'origQty': '0.01', 'executedQty': '0.01', 'type': 'MARKET', 'side': 'BUY', 'timeInForce': 'GTC', 'updateTime': 1745242504012}
2026-04-21 18:15:04 | INFO     | bot.orders | Order placed successfully | orderId=4291058374 status=FILLED
2026-04-21 18:20:11 | INFO     | cli | New order request | symbol=ETHUSDT side=SELL type=LIMIT qty=0.5 price=3200.50
2026-04-21 18:20:11 | INFO     | bot.orders | Placing LIMIT order | SELL 0.5 ETHUSDT @ 3200.5
2026-04-21 18:20:11 | DEBUG    | bot.client | POST https://testnet.binancefuture.com/fapi/v1/order | params: {'symbol': 'ETHUSDT', 'side': 'SELL', 'type': 'LIMIT', 'quantity': 0.5, 'price': 3200.5, 'timeInForce': 'GTC', 'timestamp': 1745242811203, 'recvWindow': 5000}
2026-04-21 18:20:12 | DEBUG    | bot.client | Response [200]: {'orderId': 4291063891, 'symbol': 'ETHUSDT', 'status': 'NEW', 'clientOrderId': 'x-R4BD3S83', 'price': '3200.50', 'avgPrice': '0.00', 'origQty': '0.50', 'executedQty': '0.00', 'type': 'LIMIT', 'side': 'SELL', 'timeInForce': 'GTC', 'updateTime': 1745242812005}
2026-04-21 18:20:12 | INFO     | bot.orders | Order placed successfully | orderId=4291063891 status=NEW
2026-04-21 19:09:05 | INFO     | cli | New order request | symbol=BTCUSDT side=BUY type=MARKET qty=0.01 price=None
2026-04-21 19:09:05 | INFO     | bot.orders | Placing MARKET order | BUY 0.01 BTCUSDT
2026-04-21 19:09:05 | DEBUG    | bot.client | POST https://testnet.binancefuture.com/fapi/v1/order | params: {'symbol': 'BTCUSDT', 'side': 'BUY', 'type': 'MARKET', 'quantity': 0.01, 'timestamp': 1776778745535, 'recvWindow': 5000}
2026-04-21 19:09:07 | ERROR    | bot.client | HTTP error 400: {'code': -1022, 'msg': 'Signature for this request is not valid.'}
2026-04-21 19:09:07 | ERROR    | cli | API error: API error 400: Signature for this request is not valid.
2026-04-21 19:13:43 | INFO     | cli | New order request | symbol=BTCUSDT side=BUY type=MARKET qty=0.01 price=None
2026-04-21 19:13:43 | INFO     | bot.orders | Placing MARKET order | BUY 0.01 BTCUSDT
2026-04-21 19:13:43 | DEBUG    | bot.client | POST https://testnet.binancefuture.com/fapi/v1/order | params: {'symbol': 'BTCUSDT', 'side': 'BUY', 'type': 'MARKET', 'quantity': 0.01, 'timestamp': 1776779023519, 'recvWindow': 5000}
2026-04-21 19:13:44 | ERROR    | bot.client | HTTP error 400: {'code': -1022, 'msg': 'Signature for this request is not valid.'}
2026-04-21 19:13:44 | ERROR    | cli | API error: API error 400: Signature for this request is not valid.
2026-04-21 19:16:07 | INFO     | cli | New order request | symbol=BTCUSDT side=BUY type=MARKET qty=0.01 price=None
2026-04-21 19:16:07 | INFO     | bot.orders | Placing MARKET order | BUY 0.01 BTCUSDT
2026-04-21 19:16:07 | DEBUG    | bot.client | POST https://testnet.binancefuture.com/fapi/v1/order | params: {'symbol': 'BTCUSDT', 'side': 'BUY', 'type': 'MARKET', 'quantity': 0.01, 'timestamp': 1776779167357, 'recvWindow': 5000}
2026-04-21 19:16:09 | ERROR    | bot.client | HTTP error 400: {'code': -1022, 'msg': 'Signature for this request is not valid.'}
2026-04-21 19:16:09 | ERROR    | cli | API error: API error 400: Signature for this request is not valid.
2026-04-21 19:22:26 | INFO     | cli | New order request | symbol=BTCUSDT side=BUY type=MARKET qty=0.01 price=None
2026-04-21 19:22:26 | INFO     | bot.orders | Placing MARKET order | BUY 0.01 BTCUSDT
2026-04-21 19:22:26 | ERROR    | cli | Environment error: Missing API credentials. Set BINANCE_TESTNET_API_KEY and BINANCE_TESTNET_SECRET env vars.
2026-04-21 19:33:29 | INFO     | cli | New order request | symbol=BTCUSDT side=BUY type=MARKET qty=0.01 price=None
2026-04-21 19:33:29 | INFO     | bot.orders | Placing MARKET order | BUY 0.01 BTCUSDT
2026-04-21 19:33:29 | DEBUG    | bot.client | POST https://testnet.binancefuture.com/fapi/v1/order | params: {'symbol': 'BTCUSDT', 'side': 'BUY', 'type': 'MARKET', 'quantity': 0.01, 'timestamp': 1776780209485, 'recvWindow': 5000}
2026-04-21 19:33:30 | DEBUG    | bot.client | Response [200]: {'orderId': 13057893876, 'symbol': 'BTCUSDT', 'status': 'NEW', 'clientOrderId': 'spgPPtMji5XpBPuMVFlTLp', 'price': '0.00', 'avgPrice': '0.00', 'origQty': '0.0100', 'executedQty': '0.0000', 'cumQty': '0.0000', 'cumQuote': '0.000000', 'timeInForce': 'GTC', 'type': 'MARKET', 'reduceOnly': False, 'closePosition': False, 'side': 'BUY', 'positionSide': 'BOTH', 'stopPrice': '0.00', 'workingType': 'CONTRACT_PRICE', 'priceProtect': False, 'origType': 'MARKET', 'priceMatch': 'NONE', 'selfTradePreventionMode': 'EXPIRE_MAKER', 'goodTillDate': 0, 'updateTime': 1776780210035}
2026-04-21 19:33:30 | INFO     | bot.orders | Order placed successfully | orderId=13057893876 status=NEW
2026-04-21 19:40:22 | INFO     | bot.orders | Fetching USDT account balance
2026-04-21 19:40:22 | INFO     | bot.orders | Fetching open orders (symbol=ALL)
om/fapi/v2/balance | params: {'timestamp': 1776780622407, 'recvWindow': 5000}
2026-04-21 19:40:22 | DEBUG    | bot.client | GET https://testnet.binancefuture.com/fapi/v1/openOrders | params: {'timestamp': 1776780622408, 'recvWindow': 5000}
2026-04-21 19:40:23 | DEBUG    | bot.client | Response [200]: []
2026-04-21 19:40:23 | DEBUG    | bot.client | Response [200]: [{'accountAlias': 'oCmYSgSgfWmYsR', 'asset': 'FDUSD', 'balance': '0.00000000', 'crossWalletBalance': '0.00000000', 'crossUnPnl': '0.00000000', 'availableBalance': '0.00000000', 'maxWithdrawAmount': '0.00000000', 'marginAvailable': True, 'updateTime': 0}, {'accountAlias': 'oCmYSgSgfWmYsR', 'asset': 'BNB', 'balance': '0.00000000', 'crossWalletBalance': '0.00000000', 'crossUnPnl': '0.00000000', 'availableBalance': '0.00000000', 'maxWithdrawAmount': '0.00000000', 'marginAvailable': True, 'updateTime': 0}, {'accountAlias': 'oCmYSgSgfWmYsR', 'asset': 'ETH', 'balance': '0.00000000', 'crossWalletBalance': '0.00000000', 'crossUnPnl': '0.00000000', 'availableBalance': '0.00000000', 'maxWithdrawAmount': '0.00000000', 'marginAvailable': True, 'updateTime': 0}, {'accountAlias': 'oCmYSgSgfWmYsR', 'asset': 'BTC', 'balance': '0.01000000', 'crossWalletBalance': '0.01000000', 'crossUnPnl': '0.00000000', 'availableBalance': '0.01000000', 'maxWithdrawAmount': '0.01000000', 'marginAvailable': True, 'updateTime': 1776777601189}, {'accountAlias': 'oCmYSgSgfWmYsR', 'asset': 'USDT', 'balance': '4999.69711320', 'crossWalletBalance': '4999.69711320', 'crossUnPnl': '0.38945253', 'availableBalance': '4962.20624310', 'maxWithdrawAmount': '4962.20624310', 'marginAvailable': True, 'updateTime': 1776780210036}, {'accountAlias': 'oCmYSgSgfWmYsR', 'asset': 'USDC', 'balance': '5000.00000000', 'crossWalletBalance': '5000.00000000', 'crossUnPnl': '0.00000000', 'availableBalance': '5000.00000000', 'maxWithdrawAmount': '5000.00000000', 'marginAvailable': True, 'updateTime': 1776777601169}]
2026-04-21 19:40:32 | INFO     | bot.orders | Fetching USDT account balance
2026-04-21 19:40:32 | INFO     | bot.orders | Fetching open orders (symbol=ALL)
om/fapi/v2/balance | params: {'timestamp': 1776780632723, 'recvWindow': 5000}
2026-04-21 19:40:32 | DEBUG    | bot.client | GET https://testnet.binancefuture.com/fapi/v1/openOrders | params: {'timestamp': 1776780632726, 'recvWindow': 5000}
2026-04-21 19:40:35 | DEBUG    | bot.client | Response [200]: []
2026-04-21 19:40:35 | DEBUG    | bot.client | Response [200]: [{'accountAlias': 'oCmYSgSgfWmYsR', 'asset': 'FDUSD', 'balance': '0.00000000', 'crossWalletBalance': '0.00000000', 'crossUnPnl': '0.00000000', 'availableBalance': '0.00000000', 'maxWithdrawAmount': '0.00000000', 'marginAvailable': True, 'updateTime': 0}, {'accountAlias': 'oCmYSgSgfWmYsR', 'asset': 'BNB', 'balance': '0.00000000', 'crossWalletBalance': '0.00000000', 'crossUnPnl': '0.00000000', 'availableBalance': '0.00000000', 'maxWithdrawAmount': '0.00000000', 'marginAvailable': True, 'updateTime': 0}, {'accountAlias': 'oCmYSgSgfWmYsR', 'asset': 'ETH', 'balance': '0.00000000', 'crossWalletBalance': '0.00000000', 'crossUnPnl': '0.00000000', 'availableBalance': '0.00000000', 'maxWithdrawAmount': '0.00000000', 'marginAvailable': True, 'updateTime': 0}, {'accountAlias': 'oCmYSgSgfWmYsR', 'asset': 'BTC', 'balance': '0.01000000', 'crossWalletBalance': '0.01000000', 'crossUnPnl': '0.00000000', 'availableBalance': '0.01000000', 'maxWithdrawAmount': '0.01000000', 'marginAvailable': True, 'updateTime': 1776777601189}, {'accountAlias': 'oCmYSgSgfWmYsR', 'asset': 'USDT', 'balance': '4999.69711320', 'crossWalletBalance': '4999.69711320', 'crossUnPnl': '0.00966340', 'availableBalance': '4961.84544343', 'maxWithdrawAmount': '4961.84544343', 'marginAvailable': True, 'updateTime': 1776780210036}, {'accountAlias': 'oCmYSgSgfWmYsR', 'asset': 'USDC', 'balance': '5000.00000000', 'crossWalletBalance': '5000.00000000', 'crossUnPnl': '0.00000000', 'availableBalance': '5000.00000000', 'maxWithdrawAmount': '5000.00000000', 'marginAvailable': True, 'updateTime': 1776777601169}]
2026-04-21 19:40:39 | INFO     | bot.orders | Placing MARKET order | BUY 0.01 BTCUSDT
2026-04-21 19:40:39 | DEBUG    | bot.client | POST https://testnet.binancefuture.com/fapi/v1/order | params: {'symbol': 'BTCUSDT', 'side': 'BUY', 'type': 'MARKET', 'quantity': 0.01, 'timestamp': 1776780639219, 'recvWindow': 5000}
2026-04-21 19:40:40 | DEBUG    | bot.client | Response [200]: {'orderId': 13057910542, 'symbol': 'BTCUSDT', 'status': 'NEW', 'clientOrderId': 'aetwcRJkoW39ir9K2lXJzM', 'price': '0.00', 'avgPrice': '0.00', 'origQty': '0.0100', 'executedQty': '0.0000', 'cumQty': '0.0000', 'cumQuote': '0.000000', 'timeInForce': 'GTC', 'type': 'MARKET', 'reduceOnly': False, 'closePosition': False, 'side': 'BUY', 'positionSide': 'BOTH', 'stopPrice': '0.00', 'workingType': 'CONTRACT_PRICE', 'priceProtect': False, 'origType': 'MARKET', 'priceMatch': 'NONE', 'selfTradePreventionMode': 'EXPIRE_MAKER', 'goodTillDate': 0, 'updateTime': 1776780639827}
2026-04-21 19:40:40 | INFO     | bot.orders | Order placed successfully | orderId=13057910542 status=NEW
2026-04-21 19:40:40 | INFO     | bot.orders | Fetching USDT account balance
2026-04-21 19:40:40 | DEBUG    | bot.client | GET https://testnet.binancefuture.com/fapi/v2/balance | params: {'timestamp': 1776780640544, 'recvWindow': 5000}
2026-04-21 19:40:40 | INFO     | bot.orders | Fetching open orders (symbol=ALL)
2026-04-21 19:40:40 | DEBUG    | bot.client | GET https://testnet.binancefuture.com/fapi/v1/openOrders | params: {'timestamp': 1776780640545, 'recvWindow': 5000}
2026-04-21 19:40:41 | DEBUG    | bot.client | Response [200]: []
2026-04-21 19:40:41 | DEBUG    | bot.client | Response [200]: [{'accountAlias': 'oCmYSgSgfWmYsR', 'asset': 'FDUSD', 'balance': '0.00000000', 'crossWalletBalance': '0.00000000', 'crossUnPnl': '0.00000000', 'availableBalance': '0.00000000', 'maxWithdrawAmount': '0.00000000', 'marginAvailable': True, 'updateTime': 0}, {'accountAlias': 'oCmYSgSgfWmYsR', 'asset': 'BNB', 'balance': '0.00000000', 'crossWalletBalance': '0.00000000', 'crossUnPnl': '0.00000000', 'availableBalance': '0.00000000', 'maxWithdrawAmount': '0.00000000', 'marginAvailable': True, 'updateTime': 0}, {'accountAlias': 'oCmYSgSgfWmYsR', 'asset': 'ETH', 'balance': '0.00000000', 'crossWalletBalance': '0.00000000', 'crossUnPnl': '0.00000000', 'availableBalance': '0.00000000', 'maxWithdrawAmount': '0.00000000', 'marginAvailable': True, 'updateTime': 0}, {'accountAlias': 'oCmYSgSgfWmYsR', 'asset': 'BTC', 'balance': '0.01000000', 'crossWalletBalance': '0.01000000', 'crossUnPnl': '0.00000000', 'availableBalance': '0.01000000', 'maxWithdrawAmount': '0.01000000', 'marginAvailable': True, 'updateTime': 1776777601189}, {'accountAlias': 'oCmYSgSgfWmYsR', 'asset': 'USDT', 'balance': '4999.39421760', 'crossWalletBalance': '4999.39421760', 'crossUnPnl': '0.34000000', 'availableBalance': '4923.67641760', 'maxWithdrawAmount': '4923.67641760', 'marginAvailable': True, 'updateTime': 1776780639828}, {'accountAlias': 'oCmYSgSgfWmYsR', 'asset': 'USDC', 'balance': '5000.00000000', 'crossWalletBalance': '5000.00000000', 'crossUnPnl': '0.00000000', 'availableBalance': '5000.00000000', 'maxWithdrawAmount': '5000.00000000', 'marginAvailable': True, 'updateTime': 1776777601169}]
2026-04-21 19:40:42 | INFO     | bot.orders | Fetching USDT account balance
2026-04-21 19:40:42 | DEBUG    | bot.client | GET https://testnet.binancefuture.com/fapi/v2/balance | params: {'timestamp': 1776780642412, 'recvWindow': 5000}
2026-04-21 19:40:42 | INFO     | bot.orders | Fetching open orders (symbol=ALL)
2026-04-21 19:40:42 | DEBUG    | bot.client | GET https://testnet.binancefuture.com/fapi/v1/openOrders | params: {'timestamp': 1776780642413, 'recvWindow': 5000}
2026-04-21 19:40:44 | DEBUG    | bot.client | Response [200]: [{'accountAlias': 'oCmYSgSgfWmYsR', 'asset': 'FDUSD', 'balance': '0.00000000', 'crossWalletBalance': '0.00000000', 'crossUnPnl': '0.00000000', 'availableBalance': '0.00000000', 'maxWithdrawAmount': '0.00000000', 'marginAvailable': True, 'updateTime': 0}, {'accountAlias': 'oCmYSgSgfWmYsR', 'asset': 'BNB', 'balance': '0.00000000', 'crossWalletBalance': '0.00000000', 'crossUnPnl': '0.00000000', 'availableBalance': '0.00000000', 'maxWithdrawAmount': '0.00000000', 'marginAvailable': True, 'updateTime': 0}, {'accountAlias': 'oCmYSgSgfWmYsR', 'asset': 'ETH', 'balance': '0.00000000', 'crossWalletBalance': '0.00000000', 'crossUnPnl': '0.00000000', 'availableBalance': '0.00000000', 'maxWithdrawAmount': '0.00000000', 'marginAvailable': True, 'updateTime': 0}, {'accountAlias': 'oCmYSgSgfWmYsR', 'asset': 'BTC', 'balance': '0.01000000', 'crossWalletBalance': '0.01000000', 'crossUnPnl': '0.00000000', 'availableBalance': '0.01000000', 'maxWithdrawAmount': '0.01000000', 'marginAvailable': True, 'updateTime': 1776777601189}, {'accountAlias': 'oCmYSgSgfWmYsR', 'asset': 'USDT', 'balance': '4999.39421760', 'crossWalletBalance': '4999.39421760', 'crossUnPnl': '0.26208695', 'availableBalance': '4923.67231325', 'maxWithdrawAmount': '4923.67231325', 'marginAvailable': True, 'updateTime': 1776780639828}, {'accountAlias': 'oCmYSgSgfWmYsR', 'asset': 'USDC', 'balance': '5000.00000000', 'crossWalletBalance': '5000.00000000', 'crossUnPnl': '0.00000000', 'availableBalance': '5000.00000000', 'maxWithdrawAmount': '5000.00000000', 'marginAvailable': True, 'updateTime': 1776777601169}]
2026-04-21 19:40:44 | DEBUG    | bot.client | Response [200]: []
2026-04-21 19:40:52 | INFO     | bot.orders | Fetching USDT account balance
2026-04-21 19:40:52 | DEBUG    | bot.client | GET https://testnet.binancefuture.com/fapi/v2/balance | params: {'timestamp': 1776780652414, 'recvWindow': 5000}
2026-04-21 19:40:52 | INFO     | bot.orders | Fetching open orders (symbol=ALL)
2026-04-21 19:40:52 | DEBUG    | bot.client | GET https://testnet.binancefuture.com/fapi/v1/openOrders | params: {'timestamp': 1776780652727, 'recvWindow': 5000}
2026-04-21 19:40:54 | DEBUG    | bot.client | Response [200]: [{'accountAlias': 'oCmYSgSgfWmYsR', 'asset': 'FDUSD', 'balance': '0.00000000', 'crossWalletBalance': '0.00000000', 'crossUnPnl': '0.00000000', 'availableBalance': '0.00000000', 'maxWithdrawAmount': '0.00000000', 'marginAvailable': True, 'updateTime': 0}, {'accountAlias': 'oCmYSgSgfWmYsR', 'asset': 'BNB', 'balance': '0.00000000', 'crossWalletBalance': '0.00000000', 'crossUnPnl': '0.00000000', 'availableBalance': '0.00000000', 'maxWithdrawAmount': '0.00000000', 'marginAvailable': True, 'updateTime': 0}, {'accountAlias': 'oCmYSgSgfWmYsR', 'asset': 'ETH', 'balance': '0.00000000', 'crossWalletBalance': '0.00000000', 'crossUnPnl': '0.00000000', 'availableBalance': '0.00000000', 'maxWithdrawAmount': '0.00000000', 'marginAvailable': True, 'updateTime': 0}, {'accountAlias': 'oCmYSgSgfWmYsR', 'asset': 'BTC', 'balance': '0.01000000', 'crossWalletBalance': '0.01000000', 'crossUnPnl': '0.00000000', 'availableBalance': '0.01000000', 'maxWithdrawAmount': '0.01000000', 'marginAvailable': True, 'updateTime': 1776777601189}, {'accountAlias': 'oCmYSgSgfWmYsR', 'asset': 'USDT', 'balance': '4999.39421760', 'crossWalletBalance': '4999.39421760', 'crossUnPnl': '0.33600000', 'availableBalance': '4923.88661760', 'maxWithdrawAmount': '4923.88661760', 'marginAvailable': True, 'updateTime': 1776780639828}, {'accountAlias': 'oCmYSgSgfWmYsR', 'asset': 'USDC', 'balance': '5000.00000000', 'crossWalletBalance': '5000.00000000', 'crossUnPnl': '0.00000000', 'availableBalance': '5000.00000000', 'maxWithdrawAmount': '5000.00000000', 'marginAvailable': True, 'updateTime': 1776777601169}]
2026-04-21 19:40:54 | DEBUG    | bot.client | Response [200]: []
2026-04-21 19:41:02 | INFO     | bot.orders | Fetching USDT account balance
2026-04-21 19:41:02 | DEBUG    | bot.client | GET https://testnet.binancefuture.com/fapi/v2/balance | params: {'timestamp': 1776780662716, 'recvWindow': 5000}
2026-04-21 19:41:02 | INFO     | bot.orders | Fetching open orders (symbol=ALL)
2026-04-21 19:41:02 | DEBUG    | bot.client | GET https://testnet.binancefuture.com/fapi/v1/openOrders | params: {'timestamp': 1776780662717, 'recvWindow': 5000}
2026-04-21 19:41:03 | DEBUG    | bot.client | Response [200]: []
2026-04-21 19:41:03 | DEBUG    | bot.client | Response [200]: [{'accountAlias': 'oCmYSgSgfWmYsR', 'asset': 'FDUSD', 'balance': '0.00000000', 'crossWalletBalance': '0.00000000', 'crossUnPnl': '0.00000000', 'availableBalance': '0.00000000', 'maxWithdrawAmount': '0.00000000', 'marginAvailable': True, 'updateTime': 0}, {'accountAlias': 'oCmYSgSgfWmYsR', 'asset': 'BNB', 'balance': '0.00000000', 'crossWalletBalance': '0.00000000', 'crossUnPnl': '0.00000000', 'availableBalance': '0.00000000', 'maxWithdrawAmount': '0.00000000', 'marginAvailable': True, 'updateTime': 0}, {'accountAlias': 'oCmYSgSgfWmYsR', 'asset': 'ETH', 'balance': '0.00000000', 'crossWalletBalance': '0.00000000', 'crossUnPnl': '0.00000000', 'availableBalance': '0.00000000', 'maxWithdrawAmount': '0.00000000', 'marginAvailable': True, 'updateTime': 0}, {'accountAlias': 'oCmYSgSgfWmYsR', 'asset': 'BTC', 'balance': '0.01000000', 'crossWalletBalance': '0.01000000', 'crossUnPnl': '0.00000000', 'availableBalance': '0.01000000', 'maxWithdrawAmount': '0.01000000', 'marginAvailable': True, 'updateTime': 1776777601189}, {'accountAlias': 'oCmYSgSgfWmYsR', 'asset': 'USDT', 'balance': '4999.39421760', 'crossWalletBalance': '4999.39421760', 'crossUnPnl': '0.29000000', 'availableBalance': '4923.88891760', 'maxWithdrawAmount': '4923.88891760', 'marginAvailable': True, 'updateTime': 1776780639828}, {'accountAlias': 'oCmYSgSgfWmYsR', 'asset': 'USDC', 'balance': '5000.00000000', 'crossWalletBalance': '5000.00000000', 'crossUnPnl': '0.00000000', 'availableBalance': '5000.00000000', 'maxWithdrawAmount': '5000.00000000', 'marginAvailable': True, 'updateTime': 1776777601169}]
2026-04-21 19:41:12 | INFO     | bot.orders | Fetching USDT account balance
2026-04-21 19:41:12 | DEBUG    | bot.client | GET https://testnet.binancefuture.com/fapi/v2/balance | params: {'timestamp': 1776780672606, 'recvWindow': 5000}
2026-04-21 19:41:12 | INFO     | bot.orders | Fetching open orders (symbol=ALL)
2026-04-21 19:41:12 | DEBUG    | bot.client | GET https://testnet.binancefuture.com/fapi/v1/openOrders | params: {'timestamp': 1776780672913, 'recvWindow': 5000}
2026-04-21 19:41:13 | DEBUG    | bot.client | Response [200]: [{'accountAlias': 'oCmYSgSgfWmYsR', 'asset': 'FDUSD', 'balance': '0.00000000', 'crossWalletBalance': '0.00000000', 'crossUnPnl': '0.00000000', 'availableBalance': '0.00000000', 'maxWithdrawAmount': '0.00000000', 'marginAvailable': True, 'updateTime': 0}, {'accountAlias': 'oCmYSgSgfWmYsR', 'asset': 'BNB', 'balance': '0.00000000', 'crossWalletBalance': '0.00000000', 'crossUnPnl': '0.00000000', 'availableBalance': '0.00000000', 'maxWithdrawAmount': '0.00000000', 'marginAvailable': True, 'updateTime': 0}, {'accountAlias': 'oCmYSgSgfWmYsR', 'asset': 'ETH', 'balance': '0.00000000', 'crossWalletBalance': '0.00000000', 'crossUnPnl': '0.00000000', 'availableBalance': '0.00000000', 'maxWithdrawAmount': '0.00000000', 'marginAvailable': True, 'updateTime': 0}, {'accountAlias': 'oCmYSgSgfWmYsR', 'asset': 'BTC', 'balance': '0.01000000', 'crossWalletBalance': '0.01000000', 'crossUnPnl': '0.00000000', 'availableBalance': '0.01000000', 'maxWithdrawAmount': '0.01000000', 'marginAvailable': True, 'updateTime': 1776777601189}, {'accountAlias': 'oCmYSgSgfWmYsR', 'asset': 'USDT', 'balance': '4999.39421760', 'crossWalletBalance': '4999.39421760', 'crossUnPnl': '0.80600000', 'availableBalance': '4923.97111760', 'maxWithdrawAmount': '4923.97111760', 'marginAvailable': True, 'updateTime': 1776780639828}, {'accountAlias': 'oCmYSgSgfWmYsR', 'asset': 'USDC', 'balance': '5000.00000000', 'crossWalletBalance': '5000.00000000', 'crossUnPnl': '0.00000000', 'availableBalance': '5000.00000000', 'maxWithdrawAmount': '5000.00000000', 'marginAvailable': True, 'updateTime': 1776777601169}]
2026-04-21 19:41:13 | DEBUG    | bot.client | Response [200]: []
2026-04-21 19:41:22 | INFO     | bot.orders | Fetching USDT account balance
2026-04-21 19:41:22 | DEBUG    | bot.client | GET https://testnet.binancefuture.com/fapi/v2/balance | params: {'timestamp': 1776780682913, 'recvWindow': 5000}
2026-04-21 19:41:22 | INFO     | bot.orders | Fetching open orders (symbol=ALL)
2026-04-21 19:41:22 | DEBUG    | bot.client | GET https://testnet.binancefuture.com/fapi/v1/openOrders | params: {'timestamp': 1776780682913, 'recvWindow': 5000}
2026-04-21 19:41:23 | DEBUG    | bot.client | Response [200]: []
2026-04-21 19:41:23 | DEBUG    | bot.client | Response [200]: [{'accountAlias': 'oCmYSgSgfWmYsR', 'asset': 'FDUSD', 'balance': '0.00000000', 'crossWalletBalance': '0.00000000', 'crossUnPnl': '0.00000000', 'availableBalance': '0.00000000', 'maxWithdrawAmount': '0.00000000', 'marginAvailable': True, 'updateTime': 0}, {'accountAlias': 'oCmYSgSgfWmYsR', 'asset': 'BNB', 'balance': '0.00000000', 'crossWalletBalance': '0.00000000', 'crossUnPnl': '0.00000000', 'availableBalance': '0.00000000', 'maxWithdrawAmount': '0.00000000', 'marginAvailable': True, 'updateTime': 0}, {'accountAlias': 'oCmYSgSgfWmYsR', 'asset': 'ETH', 'balance': '0.00000000', 'crossWalletBalance': '0.00000000', 'crossUnPnl': '0.00000000', 'availableBalance': '0.00000000', 'maxWithdrawAmount': '0.00000000', 'marginAvailable': True, 'updateTime': 0}, {'accountAlias': 'oCmYSgSgfWmYsR', 'asset': 'BTC', 'balance': '0.01000000', 'crossWalletBalance': '0.01000000', 'crossUnPnl': '0.00000000', 'availableBalance': '0.01000000', 'maxWithdrawAmount': '0.01000000', 'marginAvailable': True, 'updateTime': 1776777601189}, {'accountAlias': 'oCmYSgSgfWmYsR', 'asset': 'USDT', 'balance': '4999.39421760', 'crossWalletBalance': '4999.39421760', 'crossUnPnl': '1.04800000', 'availableBalance': '4924.42501760', 'maxWithdrawAmount': '4924.42501760', 'marginAvailable': True, 'updateTime': 1776780639828}, {'accountAlias': 'oCmYSgSgfWmYsR', 'asset': 'USDC', 'balance': '5000.00000000', 'crossWalletBalance': '5000.00000000', 'crossUnPnl': '0.00000000', 'availableBalance': '5000.00000000', 'maxWithdrawAmount': '5000.00000000', 'marginAvailable': True, 'updateTime': 1776777601169}]
2026-04-21 19:41:32 | INFO     | bot.orders | Fetching USDT account balance
2026-04-21 19:41:32 | DEBUG    | bot.client | GET https://testnet.binancefuture.com/fapi/v2/balance | params: {'timestamp': 1776780692615, 'recvWindow': 5000}
2026-04-21 19:41:32 | INFO     | bot.orders | Fetching open orders (symbol=ALL)
2026-04-21 19:41:32 | DEBUG    | bot.client | GET https://testnet.binancefuture.com/fapi/v1/openOrders | params: {'timestamp': 1776780692922, 'recvWindow': 5000}
2026-04-21 19:41:34 | DEBUG    | bot.client | Response [200]: [{'accountAlias': 'oCmYSgSgfWmYsR', 'asset': 'FDUSD', 'balance': '0.00000000', 'crossWalletBalance': '0.00000000', 'crossUnPnl': '0.00000000', 'availableBalance': '0.00000000', 'maxWithdrawAmount': '0.00000000', 'marginAvailable': True, 'updateTime': 0}, {'accountAlias': 'oCmYSgSgfWmYsR', 'asset': 'BNB', 'balance': '0.00000000', 'crossWalletBalance': '0.00000000', 'crossUnPnl': '0.00000000', 'availableBalance': '0.00000000', 'maxWithdrawAmount': '0.00000000', 'marginAvailable': True, 'updateTime': 0}, {'accountAlias': 'oCmYSgSgfWmYsR', 'asset': 'ETH', 'balance': '0.00000000', 'crossWalletBalance': '0.00000000', 'crossUnPnl': '0.00000000', 'availableBalance': '0.00000000', 'maxWithdrawAmount': '0.00000000', 'marginAvailable': True, 'updateTime': 0}, {'accountAlias': 'oCmYSgSgfWmYsR', 'asset': 'BTC', 'balance': '0.01000000', 'crossWalletBalance': '0.01000000', 'crossUnPnl': '0.00000000', 'availableBalance': '0.01000000', 'maxWithdrawAmount': '0.01000000', 'marginAvailable': True, 'updateTime': 1776777601189}, {'accountAlias': 'oCmYSgSgfWmYsR', 'asset': 'USDT', 'balance': '4999.39421760', 'crossWalletBalance': '4999.39421760', 'crossUnPnl': '1.09400000', 'availableBalance': '4924.62871760', 'maxWithdrawAmount': '4924.62871760', 'marginAvailable': True, 'updateTime': 1776780639828}, {'accountAlias': 'oCmYSgSgfWmYsR', 'asset': 'USDC', 'balance': '5000.00000000', 'crossWalletBalance': '5000.00000000', 'crossUnPnl': '0.00000000', 'availableBalance': '5000.00000000', 'maxWithdrawAmount': '5000.00000000', 'marginAvailable': True, 'updateTime': 1776777601169}]
2026-04-21 19:41:34 | DEBUG    | bot.client | Response [200]: []
2026-04-21 19:41:42 | INFO     | bot.orders | Fetching USDT account balance
2026-04-21 19:41:42 | DEBUG    | bot.client | GET https://testnet.binancefuture.com/fapi/v2/balance | params: {'timestamp': 1776780702931, 'recvWindow': 5000}
2026-04-21 19:41:42 | INFO     | bot.orders | Fetching open orders (symbol=ALL)
2026-04-21 19:41:42 | DEBUG    | bot.client | GET https://testnet.binancefuture.com/fapi/v1/openOrders | params: {'timestamp': 1776780702931, 'recvWindow': 5000}
2026-04-21 19:41:46 | DEBUG    | bot.client | Response [200]: []
2026-04-21 19:41:46 | DEBUG    | bot.client | Response [200]: [{'accountAlias': 'oCmYSgSgfWmYsR', 'asset': 'FDUSD', 'balance': '0.00000000', 'crossWalletBalance': '0.00000000', 'crossUnPnl': '0.00000000', 'availableBalance': '0.00000000', 'maxWithdrawAmount': '0.00000000', 'marginAvailable': True, 'updateTime': 0}, {'accountAlias': 'oCmYSgSgfWmYsR', 'asset': 'BNB', 'balance': '0.00000000', 'crossWalletBalance': '0.00000000', 'crossUnPnl': '0.00000000', 'availableBalance': '0.00000000', 'maxWithdrawAmount': '0.00000000', 'marginAvailable': True, 'updateTime': 0}, {'accountAlias': 'oCmYSgSgfWmYsR', 'asset': 'ETH', 'balance': '0.00000000', 'crossWalletBalance': '0.00000000', 'crossUnPnl': '0.00000000', 'availableBalance': '0.00000000', 'maxWithdrawAmount': '0.00000000', 'marginAvailable': True, 'updateTime': 0}, {'accountAlias': 'oCmYSgSgfWmYsR', 'asset': 'BTC', 'balance': '0.01000000', 'crossWalletBalance': '0.01000000', 'crossUnPnl': '0.00000000', 'availableBalance': '0.01000000', 'maxWithdrawAmount': '0.01000000', 'marginAvailable': True, 'updateTime': 1776777601189}, {'accountAlias': 'oCmYSgSgfWmYsR', 'asset': 'USDT', 'balance': '4999.39421760', 'crossWalletBalance': '4999.39421760', 'crossUnPnl': '1.41396099', 'availableBalance': '4924.72471955', 'maxWithdrawAmount': '4924.72471955', 'marginAvailable': True, 'updateTime': 1776780639828}, {'accountAlias': 'oCmYSgSgfWmYsR', 'asset': 'USDC', 'balance': '5000.00000000', 'crossWalletBalance': '5000.00000000', 'crossUnPnl': '0.00000000', 'availableBalance': '5000.00000000', 'maxWithdrawAmount': '5000.00000000', 'marginAvailable': True, 'updateTime': 1776777601169}]
2026-04-21 19:41:52 | INFO     | bot.orders | Fetching USDT account balance
2026-04-21 19:41:52 | DEBUG    | bot.client | GET https://testnet.binancefuture.com/fapi/v2/balance | params: {'timestamp': 1776780712620, 'recvWindow': 5000}
2026-04-21 19:41:52 | INFO     | bot.orders | Fetching open orders (symbol=ALL)
2026-04-21 19:41:52 | DEBUG    | bot.client | GET https://testnet.binancefuture.com/fapi/v1/openOrders | params: {'timestamp': 1776780712926, 'recvWindow': 5000}
2026-04-21 19:41:53 | DEBUG    | bot.client | Response [200]: [{'accountAlias': 'oCmYSgSgfWmYsR', 'asset': 'FDUSD', 'balance': '0.00000000', 'crossWalletBalance': '0.00000000', 'crossUnPnl': '0.00000000', 'availableBalance': '0.00000000', 'maxWithdrawAmount': '0.00000000', 'marginAvailable': True, 'updateTime': 0}, {'accountAlias': 'oCmYSgSgfWmYsR', 'asset': 'BNB', 'balance': '0.00000000', 'crossWalletBalance': '0.00000000', 'crossUnPnl': '0.00000000', 'availableBalance': '0.00000000', 'maxWithdrawAmount': '0.00000000', 'marginAvailable': True, 'updateTime': 0}, {'accountAlias': 'oCmYSgSgfWmYsR', 'asset': 'ETH', 'balance': '0.00000000', 'crossWalletBalance': '0.00000000', 'crossUnPnl': '0.00000000', 'availableBalance': '0.00000000', 'maxWithdrawAmount': '0.00000000', 'marginAvailable': True, 'updateTime': 0}, {'accountAlias': 'oCmYSgSgfWmYsR', 'asset': 'BTC', 'balance': '0.01000000', 'crossWalletBalance': '0.01000000', 'crossUnPnl': '0.00000000', 'availableBalance': '0.01000000', 'maxWithdrawAmount': '0.01000000', 'marginAvailable': True, 'updateTime': 1776777601189}, {'accountAlias': 'oCmYSgSgfWmYsR', 'asset': 'USDT', 'balance': '4999.39421760', 'crossWalletBalance': '4999.39421760', 'crossUnPnl': '1.49200000', 'availableBalance': '4925.08881760', 'maxWithdrawAmount': '4925.08881760', 'marginAvailable': True, 'updateTime': 1776780639828}, {'accountAlias': 'oCmYSgSgfWmYsR', 'asset': 'USDC', 'balance': '5000.00000000', 'crossWalletBalance': '5000.00000000', 'crossUnPnl': '0.00000000', 'availableBalance': '5000.00000000', 'maxWithdrawAmount': '5000.00000000', 'marginAvailable': True, 'updateTime': 1776777601169}]
2026-04-21 19:41:54 | DEBUG    | bot.client | Response [200]: []
2026-04-21 19:42:02 | INFO     | bot.orders | Fetching open orders (symbol=ALL)
2026-04-21 19:42:02 | DEBUG    | bot.client | GET https://testnet.binancefuture.com/fapi/v1/openOrders | params: {'timestamp': 1776780722920, 'recvWindow': 5000}
2026-04-21 19:42:02 | INFO     | bot.orders | Fetching USDT account balance
2026-04-21 19:42:02 | DEBUG    | bot.client | GET https://testnet.binancefuture.com/fapi/v2/balance | params: {'timestamp': 1776780722920, 'recvWindow': 5000}
2026-04-21 19:42:05 | DEBUG    | bot.client | Response [200]: []
2026-04-21 19:42:05 | DEBUG    | bot.client | Response [200]: [{'accountAlias': 'oCmYSgSgfWmYsR', 'asset': 'FDUSD', 'balance': '0.00000000', 'crossWalletBalance': '0.00000000', 'crossUnPnl': '0.00000000', 'availableBalance': '0.00000000', 'maxWithdrawAmount': '0.00000000', 'marginAvailable': True, 'updateTime': 0}, {'accountAlias': 'oCmYSgSgfWmYsR', 'asset': 'BNB', 'balance': '0.00000000', 'crossWalletBalance': '0.00000000', 'crossUnPnl': '0.00000000', 'availableBalance': '0.00000000', 'maxWithdrawAmount': '0.00000000', 'marginAvailable': True, 'updateTime': 0}, {'accountAlias': 'oCmYSgSgfWmYsR', 'asset': 'ETH', 'balance': '0.00000000', 'crossWalletBalance': '0.00000000', 'crossUnPnl': '0.00000000', 'availableBalance': '0.00000000', 'maxWithdrawAmount': '0.00000000', 'marginAvailable': True, 'updateTime': 0}, {'accountAlias': 'oCmYSgSgfWmYsR', 'asset': 'BTC', 'balance': '0.01000000', 'crossWalletBalance': '0.01000000', 'crossUnPnl': '0.00000000', 'availableBalance': '0.01000000', 'maxWithdrawAmount': '0.01000000', 'marginAvailable': True, 'updateTime': 1776777601189}, {'accountAlias': 'oCmYSgSgfWmYsR', 'asset': 'USDT', 'balance': '4999.39421760', 'crossWalletBalance': '4999.39421760', 'crossUnPnl': '1.66208695', 'availableBalance': '4925.25040020', 'maxWithdrawAmount': '4925.25040020', 'marginAvailable': True, 'updateTime': 1776780639828}, {'accountAlias': 'oCmYSgSgfWmYsR', 'asset': 'USDC', 'balance': '5000.00000000', 'crossWalletBalance': '5000.00000000', 'crossUnPnl': '0.00000000', 'availableBalance': '5000.00000000', 'maxWithdrawAmount': '5000.00000000', 'marginAvailable': True, 'updateTime': 1776777601169}]
2026-04-21 19:42:19 | INFO     | bot.orders | Fetching USDT account balance
2026-04-21 19:42:19 | DEBUG    | bot.client | GET https://testnet.binancefuture.com/fapi/v2/balance | params: {'timestamp': 1776780739604, 'recvWindow': 5000}
2026-04-21 19:42:19 | INFO     | bot.orders | Fetching open orders (symbol=ALL)
2026-04-21 19:42:19 | DEBUG    | bot.client | GET https://testnet.binancefuture.com/fapi/v1/openOrders | params: {'timestamp': 1776780739911, 'recvWindow': 5000}
2026-04-21 19:42:20 | DEBUG    | bot.client | Response [200]: [{'accountAlias': 'oCmYSgSgfWmYsR', 'asset': 'FDUSD', 'balance': '0.00000000', 'crossWalletBalance': '0.00000000', 'crossUnPnl': '0.00000000', 'availableBalance': '0.00000000', 'maxWithdrawAmount': '0.00000000', 'marginAvailable': True, 'updateTime': 0}, {'accountAlias': 'oCmYSgSgfWmYsR', 'asset': 'BNB', 'balance': '0.00000000', 'crossWalletBalance': '0.00000000', 'crossUnPnl': '0.00000000', 'availableBalance': '0.00000000', 'maxWithdrawAmount': '0.00000000', 'marginAvailable': True, 'updateTime': 0}, {'accountAlias': 'oCmYSgSgfWmYsR', 'asset': 'ETH', 'balance': '0.00000000', 'crossWalletBalance': '0.00000000', 'crossUnPnl': '0.00000000', 'availableBalance': '0.00000000', 'maxWithdrawAmount': '0.00000000', 'marginAvailable': True, 'updateTime': 0}, {'accountAlias': 'oCmYSgSgfWmYsR', 'asset': 'BTC', 'balance': '0.01000000', 'crossWalletBalance': '0.01000000', 'crossUnPnl': '0.00000000', 'availableBalance': '0.01000000', 'maxWithdrawAmount': '0.01000000', 'marginAvailable': True, 'updateTime': 1776777601189}, {'accountAlias': 'oCmYSgSgfWmYsR', 'asset': 'USDT', 'balance': '4999.39421760', 'crossWalletBalance': '4999.39421760', 'crossUnPnl': '1.89786630', 'availableBalance': '4925.47439058', 'maxWithdrawAmount': '4925.47439058', 'marginAvailable': True, 'updateTime': 1776780639828}, {'accountAlias': 'oCmYSgSgfWmYsR', 'asset': 'USDC', 'balance': '5000.00000000', 'crossWalletBalance': '5000.00000000', 'crossUnPnl': '0.00000000', 'availableBalance': '5000.00000000', 'maxWithdrawAmount': '5000.00000000', 'marginAvailable': True, 'updateTime': 1776777601169}]
2026-04-21 19:42:20 | DEBUG    | bot.client | Response [200]: []
2026-04-21 19:43:19 | INFO     | bot.orders | Fetching USDT account balance
2026-04-21 19:43:19 | INFO     | bot.orders | Fetching open orders (symbol=ALL)
om/fapi/v2/balance | params: {'timestamp': 1776780799919, 'recvWindow': 5000}
2026-04-21 19:43:19 | DEBUG    | bot.client | GET https://testnet.binancefuture.com/fapi/v1/openOrders | params: {'timestamp': 1776780799919, 'recvWindow': 5000}
2026-04-21 19:43:29 | ERROR    | bot.client | Could not connect to Binance testnet. Check your internet connection.
2026-04-21 19:43:29 | ERROR    | bot.client | Could not connect to Binance testnet. Check your internet connection.
2026-04-21 19:44:40 | INFO     | bot.orders | Fetching USDT account balance
2026-04-21 19:44:40 | DEBUG    | bot.client | GET https://testnet.binancefuture.com/fapi/v2/balance | params: {'timestamp': 1776780880882, 'recvWindow': 5000}
2026-04-21 19:44:40 | INFO     | bot.orders | Fetching open orders (symbol=ALL)
2026-04-21 19:44:40 | DEBUG    | bot.client | GET https://testnet.binancefuture.com/fapi/v1/openOrders | params: {'timestamp': 1776780880958, 'recvWindow': 5000}
2026-04-21 19:44:40 | ERROR    | bot.client | Could not connect to Binance testnet. Check your internet connection.
2026-04-21 19:44:41 | ERROR    | bot.client | Could not connect to Binance testnet. Check your internet connection.
2026-04-21 19:48:55 | INFO     | bot.orders | Fetching USDT account balance
2026-04-21 19:48:55 | DEBUG    | bot.client | GET https://testnet.binancefuture.com/fapi/v2/balance | params: {'timestamp': 1776781135185, 'recvWindow': 5000}
2026-04-21 19:48:55 | ERROR    | bot.client | Could not connect to Binance testnet. Check your internet connection.
2026-04-21 19:49:12 | INFO     | bot.orders | Fetching open orders (symbol=ALL)
2026-04-21 19:49:12 | DEBUG    | bot.client | GET https://testnet.binancefuture.com/fapi/v1/openOrders | params: {'timestamp': 1776781152564, 'recvWindow': 5000}
2026-04-21 19:49:12 | ERROR    | bot.client | Could not connect to Binance testnet. Check your internet connection.
2026-04-21 20:11:22 | INFO     | bot.orders | Fetching USDT account balance
2026-04-21 20:11:22 | DEBUG    | bot.client | GET https://testnet.binancefuture.com/fapi/v2/balance | params: {'timestamp': 1776782482756, 'recvWindow': 5000}
2026-04-21 20:11:22 | ERROR    | bot.client | Could not connect to Binance testnet. Check your internet connection.
2026-04-21 20:11:29 | INFO     | bot.orders | Fetching open orders (symbol=ALL)
2026-04-21 20:11:30 | DEBUG    | bot.client | GET https://testnet.binancefuture.com/fapi/v1/openOrders | params: {'timestamp': 1776782490117, 'recvWindow': 5000}
2026-04-21 20:11:30 | ERROR    | bot.client | Could not connect to Binance testnet. Check your internet connection.
2026-04-21 20:36:27 | INFO     | bot.orders | Fetching USDT account balance
2026-04-21 20:36:27 | DEBUG    | bot.client | GET https://testnet.binancefuture.com/fapi/v2/balance | params: {'timestamp': 1776783987415, 'recvWindow': 5000}
2026-04-21 20:36:27 | ERROR    | bot.client | Could not connect to Binance testnet. Check your internet connection.
2026-04-21 20:36:44 | INFO     | bot.orders | Fetching open orders (symbol=ALL)
2026-04-21 20:36:44 | DEBUG    | bot.client | GET https://testnet.binancefuture.com/fapi/v1/openOrders | params: {'timestamp': 1776784004775, 'recvWindow': 5000}
2026-04-21 20:36:44 | ERROR    | bot.client | Could not connect to Binance testnet. Check your internet connection.
2026-04-21 21:09:17 | INFO     | bot.orders | Fetching USDT account balance
2026-04-21 21:09:17 | INFO     | bot.orders | Fetching open orders (symbol=ALL)
2026-04-21 21:09:17 | DEBUG    | bot.client | GET https://testnet.binancefuture.com/fapi/v2/balance | params: {'timestamp': 1776785957288, 'recvWindow': 5000}
2026-04-21 21:09:17 | DEBUG    | bot.client | GET https://testnet.binancefuture.com/fapi/v1/openOrders | params: {'timestamp': 1776785957288, 'recvWindow': 5000}
2026-04-21 21:09:18 | DEBUG    | bot.client | Response [200]: []
2026-04-21 21:09:18 | DEBUG    | bot.client | Response [200]: [{'accountAlias': 'oCmYSgSgfWmYsR', 'asset': 'FDUSD', 'balance': '0.00000000', 'crossWalletBalance': '0.00000000', 'crossUnPnl': '0.00000000', 'availableBalance': '0.00000000', 'maxWithdrawAmount': '0.00000000', 'marginAvailable': True, 'updateTime': 0}, {'accountAlias': 'oCmYSgSgfWmYsR', 'asset': 'BNB', 'balance': '0.00000000', 'crossWalletBalance': '0.00000000', 'crossUnPnl': '0.00000000', 'availableBalance': '0.00000000', 'maxWithdrawAmount': '0.00000000', 'marginAvailable': True, 'updateTime': 0}, {'accountAlias': 'oCmYSgSgfWmYsR', 'asset': 'ETH', 'balance': '0.00000000', 'crossWalletBalance': '0.00000000', 'crossUnPnl': '0.00000000', 'availableBalance': '0.00000000', 'maxWithdrawAmount': '0.00000000', 'marginAvailable': True, 'updateTime': 0}, {'accountAlias': 'oCmYSgSgfWmYsR', 'asset': 'BTC', 'balance': '0.01000000', 'crossWalletBalance': '0.01000000', 'crossUnPnl': '0.00000000', 'availableBalance': '0.01000000', 'maxWithdrawAmount': '0.01000000', 'marginAvailable': True, 'updateTime': 1776777601189}, {'accountAlias': 'oCmYSgSgfWmYsR', 'asset': 'USDT', 'balance': '4999.39421760', 'crossWalletBalance': '4999.39421760', 'crossUnPnl': '-0.60764818', 'availableBalance': '4922.75580000', 'maxWithdrawAmount': '4922.75580000', 'marginAvailable': True, 'updateTime': 1776780639828}, {'accountAlias': 'oCmYSgSgfWmYsR', 'asset': 'USDC', 'balance': '5000.00000000', 'crossWalletBalance': '5000.00000000', 'crossUnPnl': '0.00000000', 'availableBalance': '5000.00000000', 'maxWithdrawAmount': '5000.00000000', 'marginAvailable': True, 'updateTime': 1776777601169}]
2026-04-21 21:09:26 | INFO     | bot.orders | Fetching USDT account balance
2026-04-21 21:09:26 | DEBUG    | bot.client | GET https://testnet.binancefuture.com/fapi/v2/balance | params: {'timestamp': 1776785966841, 'recvWindow': 5000}
2026-04-21 21:09:27 | INFO     | bot.orders | Fetching open orders (symbol=ALL)
2026-04-21 21:09:27 | DEBUG    | bot.client | GET https://testnet.binancefuture.com/fapi/v1/openOrders | params: {'timestamp': 1776785967156, 'recvWindow': 5000}
2026-04-21 21:09:27 | DEBUG    | bot.client | Response [200]: [{'accountAlias': 'oCmYSgSgfWmYsR', 'asset': 'FDUSD', 'balance': '0.00000000', 'crossWalletBalance': '0.00000000', 'crossUnPnl': '0.00000000', 'availableBalance': '0.00000000', 'maxWithdrawAmount': '0.00000000', 'marginAvailable': True, 'updateTime': 0}, {'accountAlias': 'oCmYSgSgfWmYsR', 'asset': 'BNB', 'balance': '0.00000000', 'crossWalletBalance': '0.00000000', 'crossUnPnl': '0.00000000', 'availableBalance': '0.00000000', 'maxWithdrawAmount': '0.00000000', 'marginAvailable': True, 'updateTime': 0}, {'accountAlias': 'oCmYSgSgfWmYsR', 'asset': 'ETH', 'balance': '0.00000000', 'crossWalletBalance': '0.00000000', 'crossUnPnl': '0.00000000', 'availableBalance': '0.00000000', 'maxWithdrawAmount': '0.00000000', 'marginAvailable': True, 'updateTime': 0}, {'accountAlias': 'oCmYSgSgfWmYsR', 'asset': 'BTC', 'balance': '0.01000000', 'crossWalletBalance': '0.01000000', 'crossUnPnl': '0.00000000', 'availableBalance': '0.01000000', 'maxWithdrawAmount': '0.01000000', 'marginAvailable': True, 'updateTime': 1776777601189}, {'accountAlias': 'oCmYSgSgfWmYsR', 'asset': 'USDT', 'balance': '4999.39421760', 'crossWalletBalance': '4999.39421760', 'crossUnPnl': '-0.40699710', 'availableBalance': '4922.75576745', 'maxWithdrawAmount': '4922.75576745', 'marginAvailable': True, 'updateTime': 1776780639828}, {'accountAlias': 'oCmYSgSgfWmYsR', 'asset': 'USDC', 'balance': '5000.00000000', 'crossWalletBalance': '5000.00000000', 'crossUnPnl': '0.00000000', 'availableBalance': '5000.00000000', 'maxWithdrawAmount': '5000.00000000', 'marginAvailable': True, 'updateTime': 1776777601169}]
2026-04-21 21:09:28 | DEBUG    | bot.client | Response [200]: []
2026-04-21 21:09:31 | INFO     | bot.orders | Fetching USDT account balance
2026-04-21 21:09:31 | INFO     | bot.orders | Fetching open orders (symbol=ALL)
2026-04-21 21:09:31 | DEBUG    | bot.client | GET https://testnet.binancefuture.com/fapi/v2/balance | params: {'timestamp': 1776785971851, 'recvWindow': 5000}
2026-04-21 21:09:31 | DEBUG    | bot.client | GET https://testnet.binancefuture.com/fapi/v1/openOrders | params: {'timestamp': 1776785971851, 'recvWindow': 5000}
2026-04-21 21:09:32 | DEBUG    | bot.client | Response [200]: []
2026-04-21 21:09:32 | DEBUG    | bot.client | Response [200]: [{'accountAlias': 'oCmYSgSgfWmYsR', 'asset': 'FDUSD', 'balance': '0.00000000', 'crossWalletBalance': '0.00000000', 'crossUnPnl': '0.00000000', 'availableBalance': '0.00000000', 'maxWithdrawAmount': '0.00000000', 'marginAvailable': True, 'updateTime': 0}, {'accountAlias': 'oCmYSgSgfWmYsR', 'asset': 'BNB', 'balance': '0.00000000', 'crossWalletBalance': '0.00000000', 'crossUnPnl': '0.00000000', 'availableBalance': '0.00000000', 'maxWithdrawAmount': '0.00000000', 'marginAvailable': True, 'updateTime': 0}, {'accountAlias': 'oCmYSgSgfWmYsR', 'asset': 'ETH', 'balance': '0.00000000', 'crossWalletBalance': '0.00000000', 'crossUnPnl': '0.00000000', 'availableBalance': '0.00000000', 'maxWithdrawAmount': '0.00000000', 'marginAvailable': True, 'updateTime': 0}, {'accountAlias': 'oCmYSgSgfWmYsR', 'asset': 'BTC', 'balance': '0.01000000', 'crossWalletBalance': '0.01000000', 'crossUnPnl': '0.00000000', 'availableBalance': '0.01000000', 'maxWithdrawAmount': '0.01000000', 'marginAvailable': True, 'updateTime': 1776777601189}, {'accountAlias': 'oCmYSgSgfWmYsR', 'asset': 'USDT', 'balance': '4999.39421760', 'crossWalletBalance': '4999.39421760', 'crossUnPnl': '-0.34634963', 'availableBalance': '4922.75273508', 'maxWithdrawAmount': '4922.75273508', 'marginAvailable': True, 'updateTime': 1776780639828}, {'accountAlias': 'oCmYSgSgfWmYsR', 'asset': 'USDC', 'balance': '5000.00000000', 'crossWalletBalance': '5000.00000000', 'crossUnPnl': '0.00000000', 'availableBalance': '5000.00000000', 'maxWithdrawAmount': '5000.00000000', 'marginAvailable': True, 'updateTime': 1776777601169}]
2026-04-21 21:09:36 | INFO     | bot.orders | Fetching USDT account balance
2026-04-21 21:09:36 | INFO     | bot.orders | Fetching open orders (symbol=ALL)
2026-04-21 21:09:36 | DEBUG    | bot.client | GET https://testnet.binancefuture.com/fapi/v2/balance | params: {'timestamp': 1776785976849, 'recvWindow': 5000}
2026-04-21 21:09:36 | DEBUG    | bot.client | GET https://testnet.binancefuture.com/fapi/v1/openOrders | params: {'timestamp': 1776785976850, 'recvWindow': 5000}
2026-04-21 21:09:37 | DEBUG    | bot.client | Response [200]: []
2026-04-21 21:09:37 | DEBUG    | bot.client | Response [200]: [{'accountAlias': 'oCmYSgSgfWmYsR', 'asset': 'FDUSD', 'balance': '0.00000000', 'crossWalletBalance': '0.00000000', 'crossUnPnl': '0.00000000', 'availableBalance': '0.00000000', 'maxWithdrawAmount': '0.00000000', 'marginAvailable': True, 'updateTime': 0}, {'accountAlias': 'oCmYSgSgfWmYsR', 'asset': 'BNB', 'balance': '0.00000000', 'crossWalletBalance': '0.00000000', 'crossUnPnl': '0.00000000', 'availableBalance': '0.00000000', 'maxWithdrawAmount': '0.00000000', 'marginAvailable': True, 'updateTime': 0}, {'accountAlias': 'oCmYSgSgfWmYsR', 'asset': 'ETH', 'balance': '0.00000000', 'crossWalletBalance': '0.00000000', 'crossUnPnl': '0.00000000', 'availableBalance': '0.00000000', 'maxWithdrawAmount': '0.00000000', 'marginAvailable': True, 'updateTime': 0}, {'accountAlias': 'oCmYSgSgfWmYsR', 'asset': 'BTC', 'balance': '0.01000000', 'crossWalletBalance': '0.01000000', 'crossUnPnl': '0.00000000', 'availableBalance': '0.01000000', 'maxWithdrawAmount': '0.01000000', 'marginAvailable': True, 'updateTime': 1776777601189}, {'accountAlias': 'oCmYSgSgfWmYsR', 'asset': 'USDT', 'balance': '4999.39421760', 'crossWalletBalance': '4999.39421760', 'crossUnPnl': '-0.58884239', 'availableBalance': '4922.78885972', 'maxWithdrawAmount': '4922.78885972', 'marginAvailable': True, 'updateTime': 1776780639828}, {'accountAlias': 'oCmYSgSgfWmYsR', 'asset': 'USDC', 'balance': '5000.00000000', 'crossWalletBalance': '5000.00000000', 'crossUnPnl': '0.00000000', 'availableBalance': '5000.00000000', 'maxWithdrawAmount': '5000.00000000', 'marginAvailable': True, 'updateTime': 1776777601169}]
2026-04-21 21:09:41 | INFO     | bot.orders | Fetching open orders (symbol=ALL)
2026-04-21 21:09:41 | INFO     | bot.orders | Fetching USDT account balance
2026-04-21 21:09:41 | DEBUG    | bot.client | GET https://testnet.binancefuture.com/fapi/v1/openOrders | params: {'timestamp': 1776785981850, 'recvWindow': 5000}
2026-04-21 21:09:41 | DEBUG    | bot.client | GET https://testnet.binancefuture.com/fapi/v2/balance | params: {'timestamp': 1776785981850, 'recvWindow': 5000}
2026-04-21 21:09:43 | DEBUG    | bot.client | Response [200]: []
2026-04-21 21:09:43 | DEBUG    | bot.client | Response [200]: [{'accountAlias': 'oCmYSgSgfWmYsR', 'asset': 'FDUSD', 'balance': '0.00000000', 'crossWalletBalance': '0.00000000', 'crossUnPnl': '0.00000000', 'availableBalance': '0.00000000', 'maxWithdrawAmount': '0.00000000', 'marginAvailable': True, 'updateTime': 0}, {'accountAlias': 'oCmYSgSgfWmYsR', 'asset': 'BNB', 'balance': '0.00000000', 'crossWalletBalance': '0.00000000', 'crossUnPnl': '0.00000000', 'availableBalance': '0.00000000', 'maxWithdrawAmount': '0.00000000', 'marginAvailable': True, 'updateTime': 0}, {'accountAlias': 'oCmYSgSgfWmYsR', 'asset': 'ETH', 'balance': '0.00000000', 'crossWalletBalance': '0.00000000', 'crossUnPnl': '0.00000000', 'availableBalance': '0.00000000', 'maxWithdrawAmount': '0.00000000', 'marginAvailable': True, 'updateTime': 0}, {'accountAlias': 'oCmYSgSgfWmYsR', 'asset': 'BTC', 'balance': '0.01000000', 'crossWalletBalance': '0.01000000', 'crossUnPnl': '0.00000000', 'availableBalance': '0.01000000', 'maxWithdrawAmount': '0.01000000', 'marginAvailable': True, 'updateTime': 1776777601189}, {'accountAlias': 'oCmYSgSgfWmYsR', 'asset': 'USDT', 'balance': '4999.39421760', 'crossWalletBalance': '4999.39421760', 'crossUnPnl': '-0.44297717', 'availableBalance': '4922.78556645', 'maxWithdrawAmount': '4922.78556645', 'marginAvailable': True, 'updateTime': 1776780639828}, {'accountAlias': 'oCmYSgSgfWmYsR', 'asset': 'USDC', 'balance': '5000.00000000', 'crossWalletBalance': '5000.00000000', 'crossUnPnl': '0.00000000', 'availableBalance': '5000.00000000', 'maxWithdrawAmount': '5000.00000000', 'marginAvailable': True, 'updateTime': 1776777601169}]
2026-04-21 21:09:46 | INFO     | bot.orders | Fetching open orders (symbol=ALL)
2026-04-21 21:09:46 | INFO     | bot.orders | Fetching USDT account balance
2026-04-21 21:09:46 | DEBUG    | bot.client | GET https://testnet.binancefuture.com/fapi/v1/openOrders | params: {'timestamp': 1776785986840, 'recvWindow': 5000}
2026-04-21 21:09:46 | DEBUG    | bot.client | GET https://testnet.binancefuture.com/fapi/v2/balance | params: {'timestamp': 1776785986840, 'recvWindow': 5000}
2026-04-21 21:09:47 | DEBUG    | bot.client | Response [200]: []
2026-04-21 21:09:47 | DEBUG    | bot.client | Response [200]: [{'accountAlias': 'oCmYSgSgfWmYsR', 'asset': 'FDUSD', 'balance': '0.00000000', 'crossWalletBalance': '0.00000000', 'crossUnPnl': '0.00000000', 'availableBalance': '0.00000000', 'maxWithdrawAmount': '0.00000000', 'marginAvailable': True, 'updateTime': 0}, {'accountAlias': 'oCmYSgSgfWmYsR', 'asset': 'BNB', 'balance': '0.00000000', 'crossWalletBalance': '0.00000000', 'crossUnPnl': '0.00000000', 'availableBalance': '0.00000000', 'maxWithdrawAmount': '0.00000000', 'marginAvailable': True, 'updateTime': 0}, {'accountAlias': 'oCmYSgSgfWmYsR', 'asset': 'ETH', 'balance': '0.00000000', 'crossWalletBalance': '0.00000000', 'crossUnPnl': '0.00000000', 'availableBalance': '0.00000000', 'maxWithdrawAmount': '0.00000000', 'marginAvailable': True, 'updateTime': 0}, {'accountAlias': 'oCmYSgSgfWmYsR', 'asset': 'BTC', 'balance': '0.01000000', 'crossWalletBalance': '0.01000000', 'crossUnPnl': '0.00000000', 'availableBalance': '0.01000000', 'maxWithdrawAmount': '0.01000000', 'marginAvailable': True, 'updateTime': 1776777601189}, {'accountAlias': 'oCmYSgSgfWmYsR', 'asset': 'USDT', 'balance': '4999.39421760', 'crossWalletBalance': '4999.39421760', 'crossUnPnl': '-0.50259057', 'availableBalance': '4922.82054712', 'maxWithdrawAmount': '4922.82054712', 'marginAvailable': True, 'updateTime': 1776780639828}, {'accountAlias': 'oCmYSgSgfWmYsR', 'asset': 'USDC', 'balance': '5000.00000000', 'crossWalletBalance': '5000.00000000', 'crossUnPnl': '0.00000000', 'availableBalance': '5000.00000000', 'maxWithdrawAmount': '5000.00000000', 'marginAvailable': True, 'updateTime': 1776777601169}]
2026-04-21 21:09:51 | INFO     | bot.orders | Fetching USDT account balance
2026-04-21 21:09:51 | INFO     | bot.orders | Fetching open orders (symbol=ALL)
2026-04-21 21:09:51 | DEBUG    | bot.client | GET https://testnet.binancefuture.com/fapi/v2/balance | params: {'timestamp': 1776785991842, 'recvWindow': 5000}
2026-04-21 21:09:51 | DEBUG    | bot.client | GET https://testnet.binancefuture.com/fapi/v1/openOrders | params: {'timestamp': 1776785991843, 'recvWindow': 5000}
2026-04-21 21:09:52 | DEBUG    | bot.client | Response [200]: [{'accountAlias': 'oCmYSgSgfWmYsR', 'asset': 'FDUSD', 'balance': '0.00000000', 'crossWalletBalance': '0.00000000', 'crossUnPnl': '0.00000000', 'availableBalance': '0.00000000', 'maxWithdrawAmount': '0.00000000', 'marginAvailable': True, 'updateTime': 0}, {'accountAlias': 'oCmYSgSgfWmYsR', 'asset': 'BNB', 'balance': '0.00000000', 'crossWalletBalance': '0.00000000', 'crossUnPnl': '0.00000000', 'availableBalance': '0.00000000', 'maxWithdrawAmount': '0.00000000', 'marginAvailable': True, 'updateTime': 0}, {'accountAlias': 'oCmYSgSgfWmYsR', 'asset': 'ETH', 'balance': '0.00000000', 'crossWalletBalance': '0.00000000', 'crossUnPnl': '0.00000000', 'availableBalance': '0.00000000', 'maxWithdrawAmount': '0.00000000', 'marginAvailable': True, 'updateTime': 0}, {'accountAlias': 'oCmYSgSgfWmYsR', 'asset': 'BTC', 'balance': '0.01000000', 'crossWalletBalance': '0.01000000', 'crossUnPnl': '0.00000000', 'availableBalance': '0.01000000', 'maxWithdrawAmount': '0.01000000', 'marginAvailable': True, 'updateTime': 1776777601189}, {'accountAlias': 'oCmYSgSgfWmYsR', 'asset': 'USDT', 'balance': '4999.39421760', 'crossWalletBalance': '4999.39421760', 'crossUnPnl': '-0.35581847', 'availableBalance': '4922.86720852', 'maxWithdrawAmount': '4922.86720852', 'marginAvailable': True, 'updateTime': 1776780639828}, {'accountAlias': 'oCmYSgSgfWmYsR', 'asset': 'USDC', 'balance': '5000.00000000', 'crossWalletBalance': '5000.00000000', 'crossUnPnl': '0.00000000', 'availableBalance': '5000.00000000', 'maxWithdrawAmount': '5000.00000000', 'marginAvailable': True, 'updateTime': 1776777601169}]
2026-04-21 21:09:52 | DEBUG    | bot.client | Response [200]: []
2026-04-21 21:09:56 | INFO     | bot.orders | Fetching USDT account balance
2026-04-21 21:09:56 | INFO     | bot.orders | Fetching open orders (symbol=ALL)
2026-04-21 21:09:56 | DEBUG    | bot.client | GET https://testnet.binancefuture.com/fapi/v2/balance | params: {'timestamp': 1776785996853, 'recvWindow': 5000}
2026-04-21 21:09:56 | DEBUG    | bot.client | GET https://testnet.binancefuture.com/fapi/v1/openOrders | params: {'timestamp': 1776785996853, 'recvWindow': 5000}
2026-04-21 21:09:57 | DEBUG    | bot.client | Response [200]: []
2026-04-21 21:09:57 | DEBUG    | bot.client | Response [200]: [{'accountAlias': 'oCmYSgSgfWmYsR', 'asset': 'FDUSD', 'balance': '0.00000000', 'crossWalletBalance': '0.00000000', 'crossUnPnl': '0.00000000', 'availableBalance': '0.00000000', 'maxWithdrawAmount': '0.00000000', 'marginAvailable': True, 'updateTime': 0}, {'accountAlias': 'oCmYSgSgfWmYsR', 'asset': 'BNB', 'balance': '0.00000000', 'crossWalletBalance': '0.00000000', 'crossUnPnl': '0.00000000', 'availableBalance': '0.00000000', 'maxWithdrawAmount': '0.00000000', 'marginAvailable': True, 'updateTime': 0}, {'accountAlias': 'oCmYSgSgfWmYsR', 'asset': 'ETH', 'balance': '0.00000000', 'crossWalletBalance': '0.00000000', 'crossUnPnl': '0.00000000', 'availableBalance': '0.00000000', 'maxWithdrawAmount': '0.00000000', 'marginAvailable': True, 'updateTime': 0}, {'accountAlias': 'oCmYSgSgfWmYsR', 'asset': 'BTC', 'balance': '0.01000000', 'crossWalletBalance': '0.01000000', 'crossUnPnl': '0.00000000', 'availableBalance': '0.01000000', 'maxWithdrawAmount': '0.01000000', 'marginAvailable': True, 'updateTime': 1776777601189}, {'accountAlias': 'oCmYSgSgfWmYsR', 'asset': 'USDT', 'balance': '4999.39421760', 'crossWalletBalance': '4999.39421760', 'crossUnPnl': '-0.05800000', 'availableBalance': '4922.88031760', 'maxWithdrawAmount': '4922.88031760', 'marginAvailable': True, 'updateTime': 1776780639828}, {'accountAlias': 'oCmYSgSgfWmYsR', 'asset': 'USDC', 'balance': '5000.00000000', 'crossWalletBalance': '5000.00000000', 'crossUnPnl': '0.00000000', 'availableBalance': '5000.00000000', 'maxWithdrawAmount': '5000.00000000', 'marginAvailable': True, 'updateTime': 1776777601169}]
2026-04-21 21:10:01 | INFO     | bot.orders | Fetching USDT account balance
2026-04-21 21:10:01 | INFO     | bot.orders | Fetching open orders (symbol=ALL)
2026-04-21 21:10:01 | DEBUG    | bot.client | GET https://testnet.binancefuture.com/fapi/v2/balance | params: {'timestamp': 1776786001845, 'recvWindow': 5000}
2026-04-21 21:10:01 | DEBUG    | bot.client | GET https://testnet.binancefuture.com/fapi/v1/openOrders | params: {'timestamp': 1776786001845, 'recvWindow': 5000}
2026-04-21 21:10:02 | DEBUG    | bot.client | Response [200]: []
2026-04-21 21:10:02 | DEBUG    | bot.client | Response [200]: [{'accountAlias': 'oCmYSgSgfWmYsR', 'asset': 'FDUSD', 'balance': '0.00000000', 'crossWalletBalance': '0.00000000', 'crossUnPnl': '0.00000000', 'availableBalance': '0.00000000', 'maxWithdrawAmount': '0.00000000', 'marginAvailable': True, 'updateTime': 0}, {'accountAlias': 'oCmYSgSgfWmYsR', 'asset': 'BNB', 'balance': '0.00000000', 'crossWalletBalance': '0.00000000', 'crossUnPnl': '0.00000000', 'availableBalance': '0.00000000', 'maxWithdrawAmount': '0.00000000', 'marginAvailable': True, 'updateTime': 0}, {'accountAlias': 'oCmYSgSgfWmYsR', 'asset': 'ETH', 'balance': '0.00000000', 'crossWalletBalance': '0.00000000', 'crossUnPnl': '0.00000000', 'availableBalance': '0.00000000', 'maxWithdrawAmount': '0.00000000', 'marginAvailable': True, 'updateTime': 0}, {'accountAlias': 'oCmYSgSgfWmYsR', 'asset': 'BTC', 'balance': '0.01000000', 'crossWalletBalance': '0.01000000', 'crossUnPnl': '0.00000000', 'availableBalance': '0.01000000', 'maxWithdrawAmount': '0.01000000', 'marginAvailable': True, 'updateTime': 1776777601189}, {'accountAlias': 'oCmYSgSgfWmYsR', 'asset': 'USDT', 'balance': '4999.39421760', 'crossWalletBalance': '4999.39421760', 'crossUnPnl': '0.44000000', 'availableBalance': '4922.96141760', 'maxWithdrawAmount': '4922.96141760', 'marginAvailable': True, 'updateTime': 1776780639828}, {'accountAlias': 'oCmYSgSgfWmYsR', 'asset': 'USDC', 'balance': '5000.00000000', 'crossWalletBalance': '5000.00000000', 'crossUnPnl': '0.00000000', 'availableBalance': '5000.00000000', 'maxWithdrawAmount': '5000.00000000', 'marginAvailable': True, 'updateTime': 1776777601169}]
2026-04-21 21:10:06 | INFO     | bot.orders | Fetching open orders (symbol=ALL)
2026-04-21 21:10:06 | INFO     | bot.orders | Fetching USDT account balance
2026-04-21 21:10:06 | DEBUG    | bot.client | GET https://testnet.binancefuture.com/fapi/v1/openOrders | params: {'timestamp': 1776786006846, 'recvWindow': 5000}
2026-04-21 21:10:06 | DEBUG    | bot.client | GET https://testnet.binancefuture.com/fapi/v2/balance | params: {'timestamp': 1776786006847, 'recvWindow': 5000}
2026-04-21 21:10:07 | DEBUG    | bot.client | Response [200]: []
2026-04-21 21:10:07 | DEBUG    | bot.client | Response [200]: [{'accountAlias': 'oCmYSgSgfWmYsR', 'asset': 'FDUSD', 'balance': '0.00000000', 'crossWalletBalance': '0.00000000', 'crossUnPnl': '0.00000000', 'availableBalance': '0.00000000', 'maxWithdrawAmount': '0.00000000', 'marginAvailable': True, 'updateTime': 0}, {'accountAlias': 'oCmYSgSgfWmYsR', 'asset': 'BNB', 'balance': '0.00000000', 'crossWalletBalance': '0.00000000', 'crossUnPnl': '0.00000000', 'availableBalance': '0.00000000', 'maxWithdrawAmount': '0.00000000', 'marginAvailable': True, 'updateTime': 0}, {'accountAlias': 'oCmYSgSgfWmYsR', 'asset': 'ETH', 'balance': '0.00000000', 'crossWalletBalance': '0.00000000', 'crossUnPnl': '0.00000000', 'availableBalance': '0.00000000', 'maxWithdrawAmount': '0.00000000', 'marginAvailable': True, 'updateTime': 0}, {'accountAlias': 'oCmYSgSgfWmYsR', 'asset': 'BTC', 'balance': '0.01000000', 'crossWalletBalance': '0.01000000', 'crossUnPnl': '0.00000000', 'availableBalance': '0.01000000', 'maxWithdrawAmount': '0.01000000', 'marginAvailable': True, 'updateTime': 1776777601189}, {'accountAlias': 'oCmYSgSgfWmYsR', 'asset': 'USDT', 'balance': '4999.39421760', 'crossWalletBalance': '4999.39421760', 'crossUnPnl': '0.50200000', 'availableBalance': '4923.09431760', 'maxWithdrawAmount': '4923.09431760', 'marginAvailable': True, 'updateTime': 1776780639828}, {'accountAlias': 'oCmYSgSgfWmYsR', 'asset': 'USDC', 'balance': '5000.00000000', 'crossWalletBalance': '5000.00000000', 'crossUnPnl': '0.00000000', 'availableBalance': '5000.00000000', 'maxWithdrawAmount': '5000.00000000', 'marginAvailable': True, 'updateTime': 1776777601169}]
2026-04-21 21:10:11 | INFO     | bot.orders | Fetching open orders (symbol=ALL)
2026-04-21 21:10:11 | INFO     | bot.orders | Fetching USDT account balance
2026-04-21 21:10:11 | DEBUG    | bot.client | GET https://testnet.binancefuture.com/fapi/v1/openOrders | params: {'timestamp': 1776786011843, 'recvWindow': 5000}
2026-04-21 21:10:11 | DEBUG    | bot.client | GET https://testnet.binancefuture.com/fapi/v2/balance | params: {'timestamp': 1776786011843, 'recvWindow': 5000}
2026-04-21 21:10:12 | DEBUG    | bot.client | Response [200]: []
2026-04-21 21:10:12 | DEBUG    | bot.client | Response [200]: [{'accountAlias': 'oCmYSgSgfWmYsR', 'asset': 'FDUSD', 'balance': '0.00000000', 'crossWalletBalance': '0.00000000', 'crossUnPnl': '0.00000000', 'availableBalance': '0.00000000', 'maxWithdrawAmount': '0.00000000', 'marginAvailable': True, 'updateTime': 0}, {'accountAlias': 'oCmYSgSgfWmYsR', 'asset': 'BNB', 'balance': '0.00000000', 'crossWalletBalance': '0.00000000', 'crossUnPnl': '0.00000000', 'availableBalance': '0.00000000', 'maxWithdrawAmount': '0.00000000', 'marginAvailable': True, 'updateTime': 0}, {'accountAlias': 'oCmYSgSgfWmYsR', 'asset': 'ETH', 'balance': '0.00000000', 'crossWalletBalance': '0.00000000', 'crossUnPnl': '0.00000000', 'availableBalance': '0.00000000', 'maxWithdrawAmount': '0.00000000', 'marginAvailable': True, 'updateTime': 0}, {'accountAlias': 'oCmYSgSgfWmYsR', 'asset': 'BTC', 'balance': '0.01000000', 'crossWalletBalance': '0.01000000', 'crossUnPnl': '0.00000000', 'availableBalance': '0.01000000', 'maxWithdrawAmount': '0.01000000', 'marginAvailable': True, 'updateTime': 1776777601189}, {'accountAlias': 'oCmYSgSgfWmYsR', 'asset': 'USDT', 'balance': '4999.39421760', 'crossWalletBalance': '4999.39421760', 'crossUnPnl': '1.08200000', 'availableBalance': '4923.06531760', 'maxWithdrawAmount': '4923.06531760', 'marginAvailable': True, 'updateTime': 1776780639828}, {'accountAlias': 'oCmYSgSgfWmYsR', 'asset': 'USDC', 'balance': '5000.00000000', 'crossWalletBalance': '5000.00000000', 'crossUnPnl': '0.00000000', 'availableBalance': '5000.00000000', 'maxWithdrawAmount': '5000.00000000', 'marginAvailable': True, 'updateTime': 1776777601169}]
2026-04-21 21:10:16 | INFO     | bot.orders | Fetching open orders (symbol=ALL)
2026-04-21 21:10:16 | INFO     | bot.orders | Fetching USDT account balance
2026-04-21 21:10:16 | DEBUG    | bot.client | GET https://testnet.binancefuture.com/fapi/v1/openOrders | params: {'timestamp': 1776786016849, 'recvWindow': 5000}
2026-04-21 21:10:16 | DEBUG    | bot.client | GET https://testnet.binancefuture.com/fapi/v2/balance | params: {'timestamp': 1776786016850, 'recvWindow': 5000}
2026-04-21 21:10:17 | DEBUG    | bot.client | Response [200]: [{'accountAlias': 'oCmYSgSgfWmYsR', 'asset': 'FDUSD', 'balance': '0.00000000', 'crossWalletBalance': '0.00000000', 'crossUnPnl': '0.00000000', 'availableBalance': '0.00000000', 'maxWithdrawAmount': '0.00000000', 'marginAvailable': True, 'updateTime': 0}, {'accountAlias': 'oCmYSgSgfWmYsR', 'asset': 'BNB', 'balance': '0.00000000', 'crossWalletBalance': '0.00000000', 'crossUnPnl': '0.00000000', 'availableBalance': '0.00000000', 'maxWithdrawAmount': '0.00000000', 'marginAvailable': True, 'updateTime': 0}, {'accountAlias': 'oCmYSgSgfWmYsR', 'asset': 'ETH', 'balance': '0.00000000', 'crossWalletBalance': '0.00000000', 'crossUnPnl': '0.00000000', 'availableBalance': '0.00000000', 'maxWithdrawAmount': '0.00000000', 'marginAvailable': True, 'updateTime': 0}, {'accountAlias': 'oCmYSgSgfWmYsR', 'asset': 'BTC', 'balance': '0.01000000', 'crossWalletBalance': '0.01000000', 'crossUnPnl': '0.00000000', 'availableBalance': '0.01000000', 'maxWithdrawAmount': '0.01000000', 'marginAvailable': True, 'updateTime': 1776777601189}, {'accountAlias': 'oCmYSgSgfWmYsR', 'asset': 'USDT', 'balance': '4999.39421760', 'crossWalletBalance': '4999.39421760', 'crossUnPnl': '1.09200000', 'availableBalance': '4923.16081760', 'maxWithdrawAmount': '4923.16081760', 'marginAvailable': True, 'updateTime': 1776780639828}, {'accountAlias': 'oCmYSgSgfWmYsR', 'asset': 'USDC', 'balance': '5000.00000000', 'crossWalletBalance': '5000.00000000', 'crossUnPnl': '0.00000000', 'availableBalance': '5000.00000000', 'maxWithdrawAmount': '5000.00000000', 'marginAvailable': True, 'updateTime': 1776777601169}]
2026-04-21 21:10:17 | DEBUG    | bot.client | Response [200]: []
2026-04-21 21:10:17 | INFO     | bot.orders | Fetching USDT account balance
2026-04-21 21:10:17 | INFO     | bot.orders | Fetching open orders (symbol=ALL)
2026-04-21 21:10:17 | DEBUG    | bot.client | GET https://testnet.binancefuture.com/fapi/v2/balance | params: {'timestamp': 1776786017899, 'recvWindow': 5000}
2026-04-21 21:10:17 | DEBUG    | bot.client | GET https://testnet.binancefuture.com/fapi/v1/openOrders | params: {'timestamp': 1776786017899, 'recvWindow': 5000}
2026-04-21 21:10:19 | DEBUG    | bot.client | Response [200]: [{'accountAlias': 'oCmYSgSgfWmYsR', 'asset': 'FDUSD', 'balance': '0.00000000', 'crossWalletBalance': '0.00000000', 'crossUnPnl': '0.00000000', 'availableBalance': '0.00000000', 'maxWithdrawAmount': '0.00000000', 'marginAvailable': True, 'updateTime': 0}, {'accountAlias': 'oCmYSgSgfWmYsR', 'asset': 'BNB', 'balance': '0.00000000', 'crossWalletBalance': '0.00000000', 'crossUnPnl': '0.00000000', 'availableBalance': '0.00000000', 'maxWithdrawAmount': '0.00000000', 'marginAvailable': True, 'updateTime': 0}, {'accountAlias': 'oCmYSgSgfWmYsR', 'asset': 'ETH', 'balance': '0.00000000', 'crossWalletBalance': '0.00000000', 'crossUnPnl': '0.00000000', 'availableBalance': '0.00000000', 'maxWithdrawAmount': '0.00000000', 'marginAvailable': True, 'updateTime': 0}, {'accountAlias': 'oCmYSgSgfWmYsR', 'asset': 'BTC', 'balance': '0.01000000', 'crossWalletBalance': '0.01000000', 'crossUnPnl': '0.00000000', 'availableBalance': '0.01000000', 'maxWithdrawAmount': '0.01000000', 'marginAvailable': True, 'updateTime': 1776777601189}, {'accountAlias': 'oCmYSgSgfWmYsR', 'asset': 'USDT', 'balance': '4999.39421760', 'crossWalletBalance': '4999.39421760', 'crossUnPnl': '1.09200000', 'availableBalance': '4923.19881760', 'maxWithdrawAmount': '4923.19881760', 'marginAvailable': True, 'updateTime': 1776780639828}, {'accountAlias': 'oCmYSgSgfWmYsR', 'asset': 'USDC', 'balance': '5000.00000000', 'crossWalletBalance': '5000.00000000', 'crossUnPnl': '0.00000000', 'availableBalance': '5000.00000000', 'maxWithdrawAmount': '5000.00000000', 'marginAvailable': True, 'updateTime': 1776777601169}]
2026-04-21 21:10:19 | DEBUG    | bot.client | Response [200]: []
2026-04-21 21:10:21 | INFO     | bot.orders | Fetching open orders (symbol=ALL)
2026-04-21 21:10:21 | INFO     | bot.orders | Fetching USDT account balance
2026-04-21 21:10:21 | DEBUG    | bot.client | GET https://testnet.binancefuture.com/fapi/v1/openOrders | params: {'timestamp': 1776786021847, 'recvWindow': 5000}
2026-04-21 21:10:21 | DEBUG    | bot.client | GET https://testnet.binancefuture.com/fapi/v2/balance | params: {'timestamp': 1776786021847, 'recvWindow': 5000}
2026-04-21 21:10:23 | DEBUG    | bot.client | Response [200]: []
2026-04-21 21:10:23 | DEBUG    | bot.client | Response [200]: [{'accountAlias': 'oCmYSgSgfWmYsR', 'asset': 'FDUSD', 'balance': '0.00000000', 'crossWalletBalance': '0.00000000', 'crossUnPnl': '0.00000000', 'availableBalance': '0.00000000', 'maxWithdrawAmount': '0.00000000', 'marginAvailable': True, 'updateTime': 0}, {'accountAlias': 'oCmYSgSgfWmYsR', 'asset': 'BNB', 'balance': '0.00000000', 'crossWalletBalance': '0.00000000', 'crossUnPnl': '0.00000000', 'availableBalance': '0.00000000', 'maxWithdrawAmount': '0.00000000', 'marginAvailable': True, 'updateTime': 0}, {'accountAlias': 'oCmYSgSgfWmYsR', 'asset': 'ETH', 'balance': '0.00000000', 'crossWalletBalance': '0.00000000', 'crossUnPnl': '0.00000000', 'availableBalance': '0.00000000', 'maxWithdrawAmount': '0.00000000', 'marginAvailable': True, 'updateTime': 0}, {'accountAlias': 'oCmYSgSgfWmYsR', 'asset': 'BTC', 'balance': '0.01000000', 'crossWalletBalance': '0.01000000', 'crossUnPnl': '0.00000000', 'availableBalance': '0.01000000', 'maxWithdrawAmount': '0.01000000', 'marginAvailable': True, 'updateTime': 1776777601189}, {'accountAlias': 'oCmYSgSgfWmYsR', 'asset': 'USDT', 'balance': '4999.39421760', 'crossWalletBalance': '4999.39421760', 'crossUnPnl': '0.83400000', 'availableBalance': '4923.07771760', 'maxWithdrawAmount': '4923.07771760', 'marginAvailable': True, 'updateTime': 1776780639828}, {'accountAlias': 'oCmYSgSgfWmYsR', 'asset': 'USDC', 'balance': '5000.00000000', 'crossWalletBalance': '5000.00000000', 'crossUnPnl': '0.00000000', 'availableBalance': '5000.00000000', 'maxWithdrawAmount': '5000.00000000', 'marginAvailable': True, 'updateTime': 1776777601169}]
2026-04-21 21:10:26 | INFO     | bot.orders | Fetching USDT account balance
2026-04-21 21:10:26 | INFO     | bot.orders | Fetching open orders (symbol=ALL)
2026-04-21 21:10:26 | DEBUG    | bot.client | GET https://testnet.binancefuture.com/fapi/v2/balance | params: {'timestamp': 1776786026844, 'recvWindow': 5000}
2026-04-21 21:10:26 | DEBUG    | bot.client | GET https://testnet.binancefuture.com/fapi/v1/openOrders | params: {'timestamp': 1776786026844, 'recvWindow': 5000}
2026-04-21 21:10:27 | DEBUG    | bot.client | Response [200]: []
2026-04-21 21:10:27 | DEBUG    | bot.client | Response [200]: [{'accountAlias': 'oCmYSgSgfWmYsR', 'asset': 'FDUSD', 'balance': '0.00000000', 'crossWalletBalance': '0.00000000', 'crossUnPnl': '0.00000000', 'availableBalance': '0.00000000', 'maxWithdrawAmount': '0.00000000', 'marginAvailable': True, 'updateTime': 0}, {'accountAlias': 'oCmYSgSgfWmYsR', 'asset': 'BNB', 'balance': '0.00000000', 'crossWalletBalance': '0.00000000', 'crossUnPnl': '0.00000000', 'availableBalance': '0.00000000', 'maxWithdrawAmount': '0.00000000', 'marginAvailable': True, 'updateTime': 0}, {'accountAlias': 'oCmYSgSgfWmYsR', 'asset': 'ETH', 'balance': '0.00000000', 'crossWalletBalance': '0.00000000', 'crossUnPnl': '0.00000000', 'availableBalance': '0.00000000', 'maxWithdrawAmount': '0.00000000', 'marginAvailable': True, 'updateTime': 0}, {'accountAlias': 'oCmYSgSgfWmYsR', 'asset': 'BTC', 'balance': '0.01000000', 'crossWalletBalance': '0.01000000', 'crossUnPnl': '0.00000000', 'availableBalance': '0.01000000', 'maxWithdrawAmount': '0.01000000', 'marginAvailable': True, 'updateTime': 1776777601189}, {'accountAlias': 'oCmYSgSgfWmYsR', 'asset': 'USDT', 'balance': '4999.39421760', 'crossWalletBalance': '4999.39421760', 'crossUnPnl': '0.28280724', 'availableBalance': '4923.32127723', 'maxWithdrawAmount': '4923.32127723', 'marginAvailable': True, 'updateTime': 1776780639828}, {'accountAlias': 'oCmYSgSgfWmYsR', 'asset': 'USDC', 'balance': '5000.00000000', 'crossWalletBalance': '5000.00000000', 'crossUnPnl': '0.00000000', 'availableBalance': '5000.00000000', 'maxWithdrawAmount': '5000.00000000', 'marginAvailable': True, 'updateTime': 1776777601169}]
2026-04-21 21:10:31 | INFO     | bot.orders | Fetching open orders (symbol=ALL)
2026-04-21 21:10:31 | INFO     | bot.orders | Fetching USDT account balance
2026-04-21 21:10:31 | DEBUG    | bot.client | GET https://testnet.binancefuture.com/fapi/v1/openOrders | params: {'timestamp': 1776786031852, 'recvWindow': 5000}
2026-04-21 21:10:31 | DEBUG    | bot.client | GET https://testnet.binancefuture.com/fapi/v2/balance | params: {'timestamp': 1776786031852, 'recvWindow': 5000}
2026-04-21 21:10:32 | DEBUG    | bot.client | Response [200]: []
2026-04-21 21:10:32 | DEBUG    | bot.client | Response [200]: [{'accountAlias': 'oCmYSgSgfWmYsR', 'asset': 'FDUSD', 'balance': '0.00000000', 'crossWalletBalance': '0.00000000', 'crossUnPnl': '0.00000000', 'availableBalance': '0.00000000', 'maxWithdrawAmount': '0.00000000', 'marginAvailable': True, 'updateTime': 0}, {'accountAlias': 'oCmYSgSgfWmYsR', 'asset': 'BNB', 'balance': '0.00000000', 'crossWalletBalance': '0.00000000', 'crossUnPnl': '0.00000000', 'availableBalance': '0.00000000', 'maxWithdrawAmount': '0.00000000', 'marginAvailable': True, 'updateTime': 0}, {'accountAlias': 'oCmYSgSgfWmYsR', 'asset': 'ETH', 'balance': '0.00000000', 'crossWalletBalance': '0.00000000', 'crossUnPnl': '0.00000000', 'availableBalance': '0.00000000', 'maxWithdrawAmount': '0.00000000', 'marginAvailable': True, 'updateTime': 0}, {'accountAlias': 'oCmYSgSgfWmYsR', 'asset': 'BTC', 'balance': '0.01000000', 'crossWalletBalance': '0.01000000', 'crossUnPnl': '0.00000000', 'availableBalance': '0.01000000', 'maxWithdrawAmount': '0.01000000', 'marginAvailable': True, 'updateTime': 1776777601189}, {'accountAlias': 'oCmYSgSgfWmYsR', 'asset': 'USDT', 'balance': '4999.39421760', 'crossWalletBalance': '4999.39421760', 'crossUnPnl': '-0.21666376', 'availableBalance': '4923.40825078', 'maxWithdrawAmount': '4923.40825078', 'marginAvailable': True, 'updateTime': 1776780639828}, {'accountAlias': 'oCmYSgSgfWmYsR', 'asset': 'USDC', 'balance': '5000.00000000', 'crossWalletBalance': '5000.00000000', 'crossUnPnl': '0.00000000', 'availableBalance': '5000.00000000', 'maxWithdrawAmount': '5000.00000000', 'marginAvailable': True, 'updateTime': 1776777601169}]
2026-04-21 21:10:36 | INFO     | bot.orders | Placing MARKET order | BUY 0.013 BTCUSDT
2026-04-21 21:10:36 | DEBUG    | bot.client | POST https://testnet.binancefuture.com/fapi/v1/order | params: {'symbol': 'BTCUSDT', 'side': 'BUY', 'type': 'MARKET', 'quantity': 0.013, 'timestamp': 1776786036538, 'recvWindow': 5000}
2026-04-21 21:10:36 | INFO     | bot.orders | Fetching USDT account balance
2026-04-21 21:10:36 | DEBUG    | bot.client | GET https://testnet.binancefuture.com/fapi/v2/balance | params: {'timestamp': 1776786036852, 'recvWindow': 5000}
2026-04-21 21:10:36 | INFO     | bot.orders | Fetching open orders (symbol=ALL)
2026-04-21 21:10:36 | DEBUG    | bot.client | GET https://testnet.binancefuture.com/fapi/v1/openOrders | params: {'timestamp': 1776786036853, 'recvWindow': 5000}
2026-04-21 21:10:37 | DEBUG    | bot.client | Response [200]: {'orderId': 13058140709, 'symbol': 'BTCUSDT', 'status': 'NEW', 'clientOrderId': 'nXVoD3M5VrsoHmp0hYGkMZ', 'price': '0.00', 'avgPrice': '0.00', 'origQty': '0.0130', 'executedQty': '0.0000', 'cumQty': '0.0000', 'cumQuote': '0.000000', 'timeInForce': 'GTC', 'type': 'MARKET', 'reduceOnly': False, 'closePosition': False, 'side': 'BUY', 'positionSide': 'BOTH', 'stopPrice': '0.00', 'workingType': 'CONTRACT_PRICE', 'priceProtect': False, 'origType': 'MARKET', 'priceMatch': 'NONE', 'selfTradePreventionMode': 'EXPIRE_MAKER', 'goodTillDate': 0, 'updateTime': 1776786037280}
2026-04-21 21:10:37 | INFO     | bot.orders | Order placed successfully | orderId=13058140709 status=NEW
2026-04-21 21:10:37 | DEBUG    | bot.client | Response [200]: []
2026-04-21 21:10:37 | DEBUG    | bot.client | Response [200]: [{'accountAlias': 'oCmYSgSgfWmYsR', 'asset': 'FDUSD', 'balance': '0.00000000', 'crossWalletBalance': '0.00000000', 'crossUnPnl': '0.00000000', 'availableBalance': '0.00000000', 'maxWithdrawAmount': '0.00000000', 'marginAvailable': True, 'updateTime': 0}, {'accountAlias': 'oCmYSgSgfWmYsR', 'asset': 'BNB', 'balance': '0.00000000', 'crossWalletBalance': '0.00000000', 'crossUnPnl': '0.00000000', 'availableBalance': '0.00000000', 'maxWithdrawAmount': '0.00000000', 'marginAvailable': True, 'updateTime': 0}, {'accountAlias': 'oCmYSgSgfWmYsR', 'asset': 'ETH', 'balance': '0.00000000', 'crossWalletBalance': '0.00000000', 'crossUnPnl': '0.00000000', 'availableBalance': '0.00000000', 'maxWithdrawAmount': '0.00000000', 'marginAvailable': True, 'updateTime': 0}, {'accountAlias': 'oCmYSgSgfWmYsR', 'asset': 'BTC', 'balance': '0.01000000', 'crossWalletBalance': '0.01000000', 'crossUnPnl': '0.00000000', 'availableBalance': '0.01000000', 'maxWithdrawAmount': '0.01000000', 'marginAvailable': True, 'updateTime': 1776777601189}, {'accountAlias': 'oCmYSgSgfWmYsR', 'asset': 'USDT', 'balance': '4999.00052196', 'crossWalletBalance': '4999.00052196', 'crossUnPnl': '-0.44290304', 'availableBalance': '4873.64500907', 'maxWithdrawAmount': '4873.64500907', 'marginAvailable': True, 'updateTime': 1776786037281}, {'accountAlias': 'oCmYSgSgfWmYsR', 'asset': 'USDC', 'balance': '5000.00000000', 'crossWalletBalance': '5000.00000000', 'crossUnPnl': '0.00000000', 'availableBalance': '5000.00000000', 'maxWithdrawAmount': '5000.00000000', 'marginAvailable': True, 'updateTime': 1776777601169}]
2026-04-21 21:10:37 | INFO     | bot.orders | Fetching USDT account balance
2026-04-21 21:10:37 | INFO     | bot.orders | Fetching open orders (symbol=ALL)
2026-04-21 21:10:37 | DEBUG    | bot.client | GET https://testnet.binancefuture.com/fapi/v2/balance | params: {'timestamp': 1776786037986, 'recvWindow': 5000}
2026-04-21 21:10:37 | DEBUG    | bot.client | GET https://testnet.binancefuture.com/fapi/v1/openOrders | params: {'timestamp': 1776786037987, 'recvWindow': 5000}
2026-04-21 21:10:38 | DEBUG    | bot.client | Response [200]: []
2026-04-21 21:10:38 | DEBUG    | bot.client | Response [200]: [{'accountAlias': 'oCmYSgSgfWmYsR', 'asset': 'FDUSD', 'balance': '0.00000000', 'crossWalletBalance': '0.00000000', 'crossUnPnl': '0.00000000', 'availableBalance': '0.00000000', 'maxWithdrawAmount': '0.00000000', 'marginAvailable': True, 'updateTime': 0}, {'accountAlias': 'oCmYSgSgfWmYsR', 'asset': 'BNB', 'balance': '0.00000000', 'crossWalletBalance': '0.00000000', 'crossUnPnl': '0.00000000', 'availableBalance': '0.00000000', 'maxWithdrawAmount': '0.00000000', 'marginAvailable': True, 'updateTime': 0}, {'accountAlias': 'oCmYSgSgfWmYsR', 'asset': 'ETH', 'balance': '0.00000000', 'crossWalletBalance': '0.00000000', 'crossUnPnl': '0.00000000', 'availableBalance': '0.00000000', 'maxWithdrawAmount': '0.00000000', 'marginAvailable': True, 'updateTime': 0}, {'accountAlias': 'oCmYSgSgfWmYsR', 'asset': 'BTC', 'balance': '0.01000000', 'crossWalletBalance': '0.01000000', 'crossUnPnl': '0.00000000', 'availableBalance': '0.01000000', 'maxWithdrawAmount': '0.01000000', 'marginAvailable': True, 'updateTime': 1776777601189}, {'accountAlias': 'oCmYSgSgfWmYsR', 'asset': 'USDT', 'balance': '4999.00052196', 'crossWalletBalance': '4999.00052196', 'crossUnPnl': '-0.47981163', 'availableBalance': '4873.60994591', 'maxWithdrawAmount': '4873.60994591', 'marginAvailable': True, 'updateTime': 1776786037281}, {'accountAlias': 'oCmYSgSgfWmYsR', 'asset': 'USDC', 'balance': '5000.00000000', 'crossWalletBalance': '5000.00000000', 'crossUnPnl': '0.00000000', 'availableBalance': '5000.00000000', 'maxWithdrawAmount': '5000.00000000', 'marginAvailable': True, 'updateTime': 1776777601169}]
2026-04-21 21:10:41 | INFO     | bot.orders | Fetching open orders (symbol=ALL)
2026-04-21 21:10:41 | INFO     | bot.orders | Fetching USDT account balance
2026-04-21 21:10:41 | DEBUG    | bot.client | GET https://testnet.binancefuture.com/fapi/v1/openOrders | params: {'timestamp': 1776786041854, 'recvWindow': 5000}
2026-04-21 21:10:41 | DEBUG    | bot.client | GET https://testnet.binancefuture.com/fapi/v2/balance | params: {'timestamp': 1776786041854, 'recvWindow': 5000}
2026-04-21 21:10:42 | DEBUG    | bot.client | Response [200]: []
2026-04-21 21:10:42 | DEBUG    | bot.client | Response [200]: [{'accountAlias': 'oCmYSgSgfWmYsR', 'asset': 'FDUSD', 'balance': '0.00000000', 'crossWalletBalance': '0.00000000', 'crossUnPnl': '0.00000000', 'availableBalance': '0.00000000', 'maxWithdrawAmount': '0.00000000', 'marginAvailable': True, 'updateTime': 0}, {'accountAlias': 'oCmYSgSgfWmYsR', 'asset': 'BNB', 'balance': '0.00000000', 'crossWalletBalance': '0.00000000', 'crossUnPnl': '0.00000000', 'availableBalance': '0.00000000', 'maxWithdrawAmount': '0.00000000', 'marginAvailable': True, 'updateTime': 0}, {'accountAlias': 'oCmYSgSgfWmYsR', 'asset': 'ETH', 'balance': '0.00000000', 'crossWalletBalance': '0.00000000', 'crossUnPnl': '0.00000000', 'availableBalance': '0.00000000', 'maxWithdrawAmount': '0.00000000', 'marginAvailable': True, 'updateTime': 0}, {'accountAlias': 'oCmYSgSgfWmYsR', 'asset': 'BTC', 'balance': '0.01000000', 'crossWalletBalance': '0.01000000', 'crossUnPnl': '0.00000000', 'availableBalance': '0.01000000', 'maxWithdrawAmount': '0.01000000', 'marginAvailable': True, 'updateTime': 1776777601189}, {'accountAlias': 'oCmYSgSgfWmYsR', 'asset': 'USDT', 'balance': '4999.00052196', 'crossWalletBalance': '4999.00052196', 'crossUnPnl': '-0.66386554', 'availableBalance': '4873.43509469', 'maxWithdrawAmount': '4873.43509469', 'marginAvailable': True, 'updateTime': 1776786037281}, {'accountAlias': 'oCmYSgSgfWmYsR', 'asset': 'USDC', 'balance': '5000.00000000', 'crossWalletBalance': '5000.00000000', 'crossUnPnl': '0.00000000', 'availableBalance': '5000.00000000', 'maxWithdrawAmount': '5000.00000000', 'marginAvailable': True, 'updateTime': 1776777601169}]
2026-04-21 21:10:47 | INFO     | bot.orders | Fetching USDT account balance
2026-04-21 21:10:47 | INFO     | bot.orders | Fetching open orders (symbol=ALL)
2026-04-21 21:10:47 | DEBUG    | bot.client | GET https://testnet.binancefuture.com/fapi/v2/balance | params: {'timestamp': 1776786047597, 'recvWindow': 5000}
2026-04-21 21:10:47 | DEBUG    | bot.client | GET https://testnet.binancefuture.com/fapi/v1/openOrders | params: {'timestamp': 1776786047597, 'recvWindow': 5000}
2026-04-21 21:10:48 | DEBUG    | bot.client | Response [200]: []
2026-04-21 21:10:48 | DEBUG    | bot.client | Response [200]: [{'accountAlias': 'oCmYSgSgfWmYsR', 'asset': 'FDUSD', 'balance': '0.00000000', 'crossWalletBalance': '0.00000000', 'crossUnPnl': '0.00000000', 'availableBalance': '0.00000000', 'maxWithdrawAmount': '0.00000000', 'marginAvailable': True, 'updateTime': 0}, {'accountAlias': 'oCmYSgSgfWmYsR', 'asset': 'BNB', 'balance': '0.00000000', 'crossWalletBalance': '0.00000000', 'crossUnPnl': '0.00000000', 'availableBalance': '0.00000000', 'maxWithdrawAmount': '0.00000000', 'marginAvailable': True, 'updateTime': 0}, {'accountAlias': 'oCmYSgSgfWmYsR', 'asset': 'ETH', 'balance': '0.00000000', 'crossWalletBalance': '0.00000000', 'crossUnPnl': '0.00000000', 'availableBalance': '0.00000000', 'maxWithdrawAmount': '0.00000000', 'marginAvailable': True, 'updateTime': 0}, {'accountAlias': 'oCmYSgSgfWmYsR', 'asset': 'BTC', 'balance': '0.01000000', 'crossWalletBalance': '0.01000000', 'crossUnPnl': '0.00000000', 'availableBalance': '0.01000000', 'maxWithdrawAmount': '0.01000000', 'marginAvailable': True, 'updateTime': 1776777601189}, {'accountAlias': 'oCmYSgSgfWmYsR', 'asset': 'USDT', 'balance': '4999.00052196', 'crossWalletBalance': '4999.00052196', 'crossUnPnl': '-0.35269527', 'availableBalance': '4873.73070645', 'maxWithdrawAmount': '4873.73070645', 'marginAvailable': True, 'updateTime': 1776786037281}, {'accountAlias': 'oCmYSgSgfWmYsR', 'asset': 'USDC', 'balance': '5000.00000000', 'crossWalletBalance': '5000.00000000', 'crossUnPnl': '0.00000000', 'availableBalance': '5000.00000000', 'maxWithdrawAmount': '5000.00000000', 'marginAvailable': True, 'updateTime': 1776777601169}]
2026-04-21 21:10:52 | INFO     | bot.orders | Fetching USDT account balance
2026-04-21 21:10:52 | DEBUG    | bot.client | GET https://testnet.binancefuture.com/fapi/v2/balance | params: {'timestamp': 1776786052596, 'recvWindow': 5000}
2026-04-21 21:10:52 | INFO     | bot.orders | Fetching open orders (symbol=ALL)
2026-04-21 21:10:52 | DEBUG    | bot.client | GET https://testnet.binancefuture.com/fapi/v1/openOrders | params: {'timestamp': 1776786052597, 'recvWindow': 5000}
2026-04-21 21:10:54 | DEBUG    | bot.client | Response [200]: []
2026-04-21 21:10:54 | DEBUG    | bot.client | Response [200]: [{'accountAlias': 'oCmYSgSgfWmYsR', 'asset': 'FDUSD', 'balance': '0.00000000', 'crossWalletBalance': '0.00000000', 'crossUnPnl': '0.00000000', 'availableBalance': '0.00000000', 'maxWithdrawAmount': '0.00000000', 'marginAvailable': True, 'updateTime': 0}, {'accountAlias': 'oCmYSgSgfWmYsR', 'asset': 'BNB', 'balance': '0.00000000', 'crossWalletBalance': '0.00000000', 'crossUnPnl': '0.00000000', 'availableBalance': '0.00000000', 'maxWithdrawAmount': '0.00000000', 'marginAvailable': True, 'updateTime': 0}, {'accountAlias': 'oCmYSgSgfWmYsR', 'asset': 'ETH', 'balance': '0.00000000', 'crossWalletBalance': '0.00000000', 'crossUnPnl': '0.00000000', 'availableBalance': '0.00000000', 'maxWithdrawAmount': '0.00000000', 'marginAvailable': True, 'updateTime': 0}, {'accountAlias': 'oCmYSgSgfWmYsR', 'asset': 'BTC', 'balance': '0.01000000', 'crossWalletBalance': '0.01000000', 'crossUnPnl': '0.00000000', 'availableBalance': '0.01000000', 'maxWithdrawAmount': '0.01000000', 'marginAvailable': True, 'updateTime': 1776777601189}, {'accountAlias': 'oCmYSgSgfWmYsR', 'asset': 'USDT', 'balance': '4999.00052196', 'crossWalletBalance': '4999.00052196', 'crossUnPnl': '-1.24244391', 'availableBalance': '4872.88544524', 'maxWithdrawAmount': '4872.88544524', 'marginAvailable': True, 'updateTime': 1776786037281}, {'accountAlias': 'oCmYSgSgfWmYsR', 'asset': 'USDC', 'balance': '5000.00000000', 'crossWalletBalance': '5000.00000000', 'crossUnPnl': '0.00000000', 'availableBalance': '5000.00000000', 'maxWithdrawAmount': '5000.00000000', 'marginAvailable': True, 'updateTime': 1776777601169}]
2026-04-21 21:10:57 | INFO     | bot.orders | Fetching USDT account balance
2026-04-21 21:10:57 | INFO     | bot.orders | Fetching open orders (symbol=ALL)
2026-04-21 21:10:57 | DEBUG    | bot.client | GET https://testnet.binancefuture.com/fapi/v2/balance | params: {'timestamp': 1776786057604, 'recvWindow': 5000}
2026-04-21 21:10:57 | DEBUG    | bot.client | GET https://testnet.binancefuture.com/fapi/v1/openOrders | params: {'timestamp': 1776786057604, 'recvWindow': 5000}
2026-04-21 21:10:58 | DEBUG    | bot.client | Response [200]: []
2026-04-21 21:10:58 | DEBUG    | bot.client | Response [200]: [{'accountAlias': 'oCmYSgSgfWmYsR', 'asset': 'FDUSD', 'balance': '0.00000000', 'crossWalletBalance': '0.00000000', 'crossUnPnl': '0.00000000', 'availableBalance': '0.00000000', 'maxWithdrawAmount': '0.00000000', 'marginAvailable': True, 'updateTime': 0}, {'accountAlias': 'oCmYSgSgfWmYsR', 'asset': 'BNB', 'balance': '0.00000000', 'crossWalletBalance': '0.00000000', 'crossUnPnl': '0.00000000', 'availableBalance': '0.00000000', 'maxWithdrawAmount': '0.00000000', 'marginAvailable': True, 'updateTime': 0}, {'accountAlias': 'oCmYSgSgfWmYsR', 'asset': 'ETH', 'balance': '0.00000000', 'crossWalletBalance': '0.00000000', 'crossUnPnl': '0.00000000', 'availableBalance': '0.00000000', 'maxWithdrawAmount': '0.00000000', 'marginAvailable': True, 'updateTime': 0}, {'accountAlias': 'oCmYSgSgfWmYsR', 'asset': 'BTC', 'balance': '0.01000000', 'crossWalletBalance': '0.01000000', 'crossUnPnl': '0.00000000', 'availableBalance': '0.01000000', 'maxWithdrawAmount': '0.01000000', 'marginAvailable': True, 'updateTime': 1776777601189}, {'accountAlias': 'oCmYSgSgfWmYsR', 'asset': 'USDT', 'balance': '4999.00052196', 'crossWalletBalance': '4999.00052196', 'crossUnPnl': '-1.15279581', 'availableBalance': '4872.97061094', 'maxWithdrawAmount': '4872.97061094', 'marginAvailable': True, 'updateTime': 1776786037281}, {'accountAlias': 'oCmYSgSgfWmYsR', 'asset': 'USDC', 'balance': '5000.00000000', 'crossWalletBalance': '5000.00000000', 'crossUnPnl': '0.00000000', 'availableBalance': '5000.00000000', 'maxWithdrawAmount': '5000.00000000', 'marginAvailable': True, 'updateTime': 1776777601169}]
2026-04-21 21:11:02 | INFO     | bot.orders | Fetching USDT account balance
2026-04-21 21:11:02 | INFO     | bot.orders | Fetching open orders (symbol=ALL)
2026-04-21 21:11:02 | DEBUG    | bot.client | GET https://testnet.binancefuture.com/fapi/v2/balance | params: {'timestamp': 1776786062612, 'recvWindow': 5000}
2026-04-21 21:11:02 | DEBUG    | bot.client | GET https://testnet.binancefuture.com/fapi/v1/openOrders | params: {'timestamp': 1776786062613, 'recvWindow': 5000}
2026-04-21 21:11:04 | DEBUG    | bot.client | Response [200]: [{'accountAlias': 'oCmYSgSgfWmYsR', 'asset': 'FDUSD', 'balance': '0.00000000', 'crossWalletBalance': '0.00000000', 'crossUnPnl': '0.00000000', 'availableBalance': '0.00000000', 'maxWithdrawAmount': '0.00000000', 'marginAvailable': True, 'updateTime': 0}, {'accountAlias': 'oCmYSgSgfWmYsR', 'asset': 'BNB', 'balance': '0.00000000', 'crossWalletBalance': '0.00000000', 'crossUnPnl': '0.00000000', 'availableBalance': '0.00000000', 'maxWithdrawAmount': '0.00000000', 'marginAvailable': True, 'updateTime': 0}, {'accountAlias': 'oCmYSgSgfWmYsR', 'asset': 'ETH', 'balance': '0.00000000', 'crossWalletBalance': '0.00000000', 'crossUnPnl': '0.00000000', 'availableBalance': '0.00000000', 'maxWithdrawAmount': '0.00000000', 'marginAvailable': True, 'updateTime': 0}, {'accountAlias': 'oCmYSgSgfWmYsR', 'asset': 'BTC', 'balance': '0.01000000', 'crossWalletBalance': '0.01000000', 'crossUnPnl': '0.00000000', 'availableBalance': '0.01000000', 'maxWithdrawAmount': '0.01000000', 'marginAvailable': True, 'updateTime': 1776777601189}, {'accountAlias': 'oCmYSgSgfWmYsR', 'asset': 'USDT', 'balance': '4999.00052196', 'crossWalletBalance': '4999.00052196', 'crossUnPnl': '-1.59267505', 'availableBalance': '4872.55272566', 'maxWithdrawAmount': '4872.55272566', 'marginAvailable': True, 'updateTime': 1776786037281}, {'accountAlias': 'oCmYSgSgfWmYsR', 'asset': 'USDC', 'balance': '5000.00000000', 'crossWalletBalance': '5000.00000000', 'crossUnPnl': '0.00000000', 'availableBalance': '5000.00000000', 'maxWithdrawAmount': '5000.00000000', 'marginAvailable': True, 'updateTime': 1776777601169}]
2026-04-21 21:11:04 | DEBUG    | bot.client | Response [200]: []
2026-04-21 21:11:07 | INFO     | bot.orders | Fetching open orders (symbol=ALL)
2026-04-21 21:11:07 | INFO     | bot.orders | Fetching USDT account balance
2026-04-21 21:11:07 | DEBUG    | bot.client | GET https://testnet.binancefuture.com/fapi/v1/openOrders | params: {'timestamp': 1776786067600, 'recvWindow': 5000}
2026-04-21 21:11:07 | DEBUG    | bot.client | GET https://testnet.binancefuture.com/fapi/v2/balance | params: {'timestamp': 1776786067600, 'recvWindow': 5000}
2026-04-21 21:11:09 | DEBUG    | bot.client | Response [200]: [{'accountAlias': 'oCmYSgSgfWmYsR', 'asset': 'FDUSD', 'balance': '0.00000000', 'crossWalletBalance': '0.00000000', 'crossUnPnl': '0.00000000', 'availableBalance': '0.00000000', 'maxWithdrawAmount': '0.00000000', 'marginAvailable': True, 'updateTime': 0}, {'accountAlias': 'oCmYSgSgfWmYsR', 'asset': 'BNB', 'balance': '0.00000000', 'crossWalletBalance': '0.00000000', 'crossUnPnl': '0.00000000', 'availableBalance': '0.00000000', 'maxWithdrawAmount': '0.00000000', 'marginAvailable': True, 'updateTime': 0}, {'accountAlias': 'oCmYSgSgfWmYsR', 'asset': 'ETH', 'balance': '0.00000000', 'crossWalletBalance': '0.00000000', 'crossUnPnl': '0.00000000', 'availableBalance': '0.00000000', 'maxWithdrawAmount': '0.00000000', 'marginAvailable': True, 'updateTime': 0}, {'accountAlias': 'oCmYSgSgfWmYsR', 'asset': 'BTC', 'balance': '0.01000000', 'crossWalletBalance': '0.01000000', 'crossUnPnl': '0.00000000', 'availableBalance': '0.01000000', 'maxWithdrawAmount': '0.01000000', 'marginAvailable': True, 'updateTime': 1776777601189}, {'accountAlias': 'oCmYSgSgfWmYsR', 'asset': 'USDT', 'balance': '4999.00052196', 'crossWalletBalance': '4999.00052196', 'crossUnPnl': '-1.25839999', 'availableBalance': '4872.87028696', 'maxWithdrawAmount': '4872.87028696', 'marginAvailable': True, 'updateTime': 1776786037281}, {'accountAlias': 'oCmYSgSgfWmYsR', 'asset': 'USDC', 'balance': '5000.00000000', 'crossWalletBalance': '5000.00000000', 'crossUnPnl': '0.00000000', 'availableBalance': '5000.00000000', 'maxWithdrawAmount': '5000.00000000', 'marginAvailable': True, 'updateTime': 1776777601169}]
2026-04-21 21:11:09 | DEBUG    | bot.client | Response [200]: []
2026-04-21 21:11:12 | INFO     | bot.orders | Fetching open orders (symbol=ALL)
2026-04-21 21:11:12 | INFO     | bot.orders | Fetching USDT account balance
2026-04-21 21:11:12 | DEBUG    | bot.client | GET https://testnet.binancefuture.com/fapi/v1/openOrders | params: {'timestamp': 1776786072611, 'recvWindow': 5000}
2026-04-21 21:11:12 | DEBUG    | bot.client | GET https://testnet.binancefuture.com/fapi/v2/balance | params: {'timestamp': 1776786072611, 'recvWindow': 5000}
2026-04-21 21:11:13 | DEBUG    | bot.client | Response [200]: []
2026-04-21 21:11:13 | DEBUG    | bot.client | Response [200]: [{'accountAlias': 'oCmYSgSgfWmYsR', 'asset': 'FDUSD', 'balance': '0.00000000', 'crossWalletBalance': '0.00000000', 'crossUnPnl': '0.00000000', 'availableBalance': '0.00000000', 'maxWithdrawAmount': '0.00000000', 'marginAvailable': True, 'updateTime': 0}, {'accountAlias': 'oCmYSgSgfWmYsR', 'asset': 'BNB', 'balance': '0.00000000', 'crossWalletBalance': '0.00000000', 'crossUnPnl': '0.00000000', 'availableBalance': '0.00000000', 'maxWithdrawAmount': '0.00000000', 'marginAvailable': True, 'updateTime': 0}, {'accountAlias': 'oCmYSgSgfWmYsR', 'asset': 'ETH', 'balance': '0.00000000', 'crossWalletBalance': '0.00000000', 'crossUnPnl': '0.00000000', 'availableBalance': '0.00000000', 'maxWithdrawAmount': '0.00000000', 'marginAvailable': True, 'updateTime': 0}, {'accountAlias': 'oCmYSgSgfWmYsR', 'asset': 'BTC', 'balance': '0.01000000', 'crossWalletBalance': '0.01000000', 'crossUnPnl': '0.00000000', 'availableBalance': '0.01000000', 'maxWithdrawAmount': '0.01000000', 'marginAvailable': True, 'updateTime': 1776777601189}, {'accountAlias': 'oCmYSgSgfWmYsR', 'asset': 'USDT', 'balance': '4999.00052196', 'crossWalletBalance': '4999.00052196', 'crossUnPnl': '-1.28479999', 'availableBalance': '4872.84520697', 'maxWithdrawAmount': '4872.84520697', 'marginAvailable': True, 'updateTime': 1776786037281}, {'accountAlias': 'oCmYSgSgfWmYsR', 'asset': 'USDC', 'balance': '5000.00000000', 'crossWalletBalance': '5000.00000000', 'crossUnPnl': '0.00000000', 'availableBalance': '5000.00000000', 'maxWithdrawAmount': '5000.00000000', 'marginAvailable': True, 'updateTime': 1776777601169}]
2026-04-21 21:11:17 | INFO     | bot.orders | Fetching USDT account balance
2026-04-21 21:11:17 | INFO     | bot.orders | Fetching open orders (symbol=ALL)
2026-04-21 21:11:17 | DEBUG    | bot.client | GET https://testnet.binancefuture.com/fapi/v2/balance | params: {'timestamp': 1776786077610, 'recvWindow': 5000}
2026-04-21 21:11:17 | DEBUG    | bot.client | GET https://testnet.binancefuture.com/fapi/v1/openOrders | params: {'timestamp': 1776786077610, 'recvWindow': 5000}
2026-04-21 21:11:18 | DEBUG    | bot.client | Response [200]: []
2026-04-21 21:11:18 | DEBUG    | bot.client | Response [200]: [{'accountAlias': 'oCmYSgSgfWmYsR', 'asset': 'FDUSD', 'balance': '0.00000000', 'crossWalletBalance': '0.00000000', 'crossUnPnl': '0.00000000', 'availableBalance': '0.00000000', 'maxWithdrawAmount': '0.00000000', 'marginAvailable': True, 'updateTime': 0}, {'accountAlias': 'oCmYSgSgfWmYsR', 'asset': 'BNB', 'balance': '0.00000000', 'crossWalletBalance': '0.00000000', 'crossUnPnl': '0.00000000', 'availableBalance': '0.00000000', 'maxWithdrawAmount': '0.00000000', 'marginAvailable': True, 'updateTime': 0}, {'accountAlias': 'oCmYSgSgfWmYsR', 'asset': 'ETH', 'balance': '0.00000000', 'crossWalletBalance': '0.00000000', 'crossUnPnl': '0.00000000', 'availableBalance': '0.00000000', 'maxWithdrawAmount': '0.00000000', 'marginAvailable': True, 'updateTime': 0}, {'accountAlias': 'oCmYSgSgfWmYsR', 'asset': 'BTC', 'balance': '0.01000000', 'crossWalletBalance': '0.01000000', 'crossUnPnl': '0.00000000', 'availableBalance': '0.01000000', 'maxWithdrawAmount': '0.01000000', 'marginAvailable': True, 'updateTime': 1776777601189}, {'accountAlias': 'oCmYSgSgfWmYsR', 'asset': 'USDT', 'balance': '4999.00052196', 'crossWalletBalance': '4999.00052196', 'crossUnPnl': '-1.54577679', 'availableBalance': '4872.59727901', 'maxWithdrawAmount': '4872.59727901', 'marginAvailable': True, 'updateTime': 1776786037281}, {'accountAlias': 'oCmYSgSgfWmYsR', 'asset': 'USDC', 'balance': '5000.00000000', 'crossWalletBalance': '5000.00000000', 'crossUnPnl': '0.00000000', 'availableBalance': '5000.00000000', 'maxWithdrawAmount': '5000.00000000', 'marginAvailable': True, 'updateTime': 1776777601169}]
2026-04-21 21:11:18 | INFO     | bot.orders | Fetching USDT account balance
2026-04-21 21:11:18 | INFO     | bot.orders | Fetching open orders (symbol=ALL)
2026-04-21 21:11:18 | DEBUG    | bot.client | GET https://testnet.binancefuture.com/fapi/v2/balance | params: {'timestamp': 1776786078599, 'recvWindow': 5000}
2026-04-21 21:11:18 | DEBUG    | bot.client | GET https://testnet.binancefuture.com/fapi/v1/openOrders | params: {'timestamp': 1776786078601, 'recvWindow': 5000}
2026-04-21 21:11:19 | DEBUG    | bot.client | Response [200]: [{'accountAlias': 'oCmYSgSgfWmYsR', 'asset': 'FDUSD', 'balance': '0.00000000', 'crossWalletBalance': '0.00000000', 'crossUnPnl': '0.00000000', 'availableBalance': '0.00000000', 'maxWithdrawAmount': '0.00000000', 'marginAvailable': True, 'updateTime': 0}, {'accountAlias': 'oCmYSgSgfWmYsR', 'asset': 'BNB', 'balance': '0.00000000', 'crossWalletBalance': '0.00000000', 'crossUnPnl': '0.00000000', 'availableBalance': '0.00000000', 'maxWithdrawAmount': '0.00000000', 'marginAvailable': True, 'updateTime': 0}, {'accountAlias': 'oCmYSgSgfWmYsR', 'asset': 'ETH', 'balance': '0.00000000', 'crossWalletBalance': '0.00000000', 'crossUnPnl': '0.00000000', 'availableBalance': '0.00000000', 'maxWithdrawAmount': '0.00000000', 'marginAvailable': True, 'updateTime': 0}, {'accountAlias': 'oCmYSgSgfWmYsR', 'asset': 'BTC', 'balance': '0.01000000', 'crossWalletBalance': '0.01000000', 'crossUnPnl': '0.00000000', 'availableBalance': '0.01000000', 'maxWithdrawAmount': '0.01000000', 'marginAvailable': True, 'updateTime': 1776777601189}, {'accountAlias': 'oCmYSgSgfWmYsR', 'asset': 'USDT', 'balance': '4999.00052196', 'crossWalletBalance': '4999.00052196', 'crossUnPnl': '-1.54577679', 'availableBalance': '4872.59727901', 'maxWithdrawAmount': '4872.59727901', 'marginAvailable': True, 'updateTime': 1776786037281}, {'accountAlias': 'oCmYSgSgfWmYsR', 'asset': 'USDC', 'balance': '5000.00000000', 'crossWalletBalance': '5000.00000000', 'crossUnPnl': '0.00000000', 'availableBalance': '5000.00000000', 'maxWithdrawAmount': '5000.00000000', 'marginAvailable': True, 'updateTime': 1776777601169}]
2026-04-21 21:11:19 | DEBUG    | bot.client | Response [200]: []
2026-04-21 21:11:20 | INFO     | cli | New order request | symbol=BTCUSDT side=SALE type=MARKET qty=0.01 price=None
2026-04-21 21:11:20 | ERROR    | cli | Validation failed: Invalid side 'SALE'. Must be BUY or SELL.
2026-04-21 21:11:22 | INFO     | bot.orders | Fetching USDT account balance
2026-04-21 21:11:22 | INFO     | bot.orders | Fetching open orders (symbol=ALL)
2026-04-21 21:11:22 | DEBUG    | bot.client | GET https://testnet.binancefuture.com/fapi/v2/balance | params: {'timestamp': 1776786082598, 'recvWindow': 5000}
2026-04-21 21:11:22 | DEBUG    | bot.client | GET https://testnet.binancefuture.com/fapi/v1/openOrders | params: {'timestamp': 1776786082598, 'recvWindow': 5000}
2026-04-21 21:11:23 | DEBUG    | bot.client | Response [200]: []
2026-04-21 21:11:23 | DEBUG    | bot.client | Response [200]: [{'accountAlias': 'oCmYSgSgfWmYsR', 'asset': 'FDUSD', 'balance': '0.00000000', 'crossWalletBalance': '0.00000000', 'crossUnPnl': '0.00000000', 'availableBalance': '0.00000000', 'maxWithdrawAmount': '0.00000000', 'marginAvailable': True, 'updateTime': 0}, {'accountAlias': 'oCmYSgSgfWmYsR', 'asset': 'BNB', 'balance': '0.00000000', 'crossWalletBalance': '0.00000000', 'crossUnPnl': '0.00000000', 'availableBalance': '0.00000000', 'maxWithdrawAmount': '0.00000000', 'marginAvailable': True, 'updateTime': 0}, {'accountAlias': 'oCmYSgSgfWmYsR', 'asset': 'ETH', 'balance': '0.00000000', 'crossWalletBalance': '0.00000000', 'crossUnPnl': '0.00000000', 'availableBalance': '0.00000000', 'maxWithdrawAmount': '0.00000000', 'marginAvailable': True, 'updateTime': 0}, {'accountAlias': 'oCmYSgSgfWmYsR', 'asset': 'BTC', 'balance': '0.01000000', 'crossWalletBalance': '0.01000000', 'crossUnPnl': '0.00000000', 'availableBalance': '0.01000000', 'maxWithdrawAmount': '0.01000000', 'marginAvailable': True, 'updateTime': 1776777601189}, {'accountAlias': 'oCmYSgSgfWmYsR', 'asset': 'USDT', 'balance': '4999.00052196', 'crossWalletBalance': '4999.00052196', 'crossUnPnl': '-1.68791831', 'availableBalance': '4872.46224456', 'maxWithdrawAmount': '4872.46224456', 'marginAvailable': True, 'updateTime': 1776786037281}, {'accountAlias': 'oCmYSgSgfWmYsR', 'asset': 'USDC', 'balance': '5000.00000000', 'crossWalletBalance': '5000.00000000', 'crossUnPnl': '0.00000000', 'availableBalance': '5000.00000000', 'maxWithdrawAmount': '5000.00000000', 'marginAvailable': True, 'updateTime': 1776777601169}]
2026-04-21 21:11:27 | INFO     | bot.orders | Fetching open orders (symbol=ALL)
2026-04-21 21:11:27 | INFO     | bot.orders | Fetching USDT account balance
2026-04-21 21:11:27 | DEBUG    | bot.client | GET https://testnet.binancefuture.com/fapi/v1/openOrders | params: {'timestamp': 1776786087603, 'recvWindow': 5000}
2026-04-21 21:11:27 | DEBUG    | bot.client | GET https://testnet.binancefuture.com/fapi/v2/balance | params: {'timestamp': 1776786087604, 'recvWindow': 5000}
2026-04-21 21:11:28 | DEBUG    | bot.client | Response [200]: []
2026-04-21 21:11:28 | DEBUG    | bot.client | Response [200]: [{'accountAlias': 'oCmYSgSgfWmYsR', 'asset': 'FDUSD', 'balance': '0.00000000', 'crossWalletBalance': '0.00000000', 'crossUnPnl': '0.00000000', 'availableBalance': '0.00000000', 'maxWithdrawAmount': '0.00000000', 'marginAvailable': True, 'updateTime': 0}, {'accountAlias': 'oCmYSgSgfWmYsR', 'asset': 'BNB', 'balance': '0.00000000', 'crossWalletBalance': '0.00000000', 'crossUnPnl': '0.00000000', 'availableBalance': '0.00000000', 'maxWithdrawAmount': '0.00000000', 'marginAvailable': True, 'updateTime': 0}, {'accountAlias': 'oCmYSgSgfWmYsR', 'asset': 'ETH', 'balance': '0.00000000', 'crossWalletBalance': '0.00000000', 'crossUnPnl': '0.00000000', 'availableBalance': '0.00000000', 'maxWithdrawAmount': '0.00000000', 'marginAvailable': True, 'updateTime': 0}, {'accountAlias': 'oCmYSgSgfWmYsR', 'asset': 'BTC', 'balance': '0.01000000', 'crossWalletBalance': '0.01000000', 'crossUnPnl': '0.00000000', 'availableBalance': '0.01000000', 'maxWithdrawAmount': '0.01000000', 'marginAvailable': True, 'updateTime': 1776777601189}, {'accountAlias': 'oCmYSgSgfWmYsR', 'asset': 'USDT', 'balance': '4999.00052196', 'crossWalletBalance': '4999.00052196', 'crossUnPnl': '-1.98714282', 'availableBalance': '4872.17798128', 'maxWithdrawAmount': '4872.17798128', 'marginAvailable': True, 'updateTime': 1776786037281}, {'accountAlias': 'oCmYSgSgfWmYsR', 'asset': 'USDC', 'balance': '5000.00000000', 'crossWalletBalance': '5000.00000000', 'crossUnPnl': '0.00000000', 'availableBalance': '5000.00000000', 'maxWithdrawAmount': '5000.00000000', 'marginAvailable': True, 'updateTime': 1776777601169}]
2026-04-21 21:11:31 | INFO     | cli | New order request | symbol=BTCUSDT side=SELL type=MARKET qty=0.01 price=None
2026-04-21 21:11:31 | INFO     | bot.orders | Placing MARKET order | SELL 0.01 BTCUSDT
2026-04-21 21:11:31 | DEBUG    | bot.client | POST https://testnet.binancefuture.com/fapi/v1/order | params: {'symbol': 'BTCUSDT', 'side': 'SELL', 'type': 'MARKET', 'quantity': 0.01, 'timestamp': 1776786091241, 'recvWindow': 5000}
2026-04-21 21:11:32 | DEBUG    | bot.client | Response [200]: {'orderId': 13058142864, 'symbol': 'BTCUSDT', 'status': 'NEW', 'clientOrderId': 'R99D1NYUxQGMxISeyMwQ0S', 'price': '0.00', 'avgPrice': '0.00', 'origQty': '0.0100', 'executedQty': '0.0000', 'cumQty': '0.0000', 'cumQuote': '0.000000', 'timeInForce': 'GTC', 'type': 'MARKET', 'reduceOnly': False, 'closePosition': False, 'side': 'SELL', 'positionSide': 'BOTH', 'stopPrice': '0.00', 'workingType': 'CONTRACT_PRICE', 'priceProtect': False, 'origType': 'MARKET', 'priceMatch': 'NONE', 'selfTradePreventionMode': 'EXPIRE_MAKER', 'goodTillDate': 0, 'updateTime': 1776786091785}
2026-04-21 21:11:32 | INFO     | bot.orders | Order placed successfully | orderId=13058142864 status=NEW
2026-04-21 21:11:32 | INFO     | bot.orders | Fetching USDT account balance
2026-04-21 21:11:32 | INFO     | bot.orders | Fetching open orders (symbol=ALL)
2026-04-21 21:11:32 | DEBUG    | bot.client | GET https://testnet.binancefuture.com/fapi/v2/balance | params: {'timestamp': 1776786092606, 'recvWindow': 5000}
2026-04-21 21:11:32 | DEBUG    | bot.client | GET https://testnet.binancefuture.com/fapi/v1/openOrders | params: {'timestamp': 1776786092607, 'recvWindow': 5000}
2026-04-21 21:11:33 | DEBUG    | bot.client | Response [200]: []
2026-04-21 21:11:33 | DEBUG    | bot.client | Response [200]: [{'accountAlias': 'oCmYSgSgfWmYsR', 'asset': 'FDUSD', 'balance': '0.00000000', 'crossWalletBalance': '0.00000000', 'crossUnPnl': '0.00000000', 'availableBalance': '0.00000000', 'maxWithdrawAmount': '0.00000000', 'marginAvailable': True, 'updateTime': 0}, {'accountAlias': 'oCmYSgSgfWmYsR', 'asset': 'BNB', 'balance': '0.00000000', 'crossWalletBalance': '0.00000000', 'crossUnPnl': '0.00000000', 'availableBalance': '0.00000000', 'maxWithdrawAmount': '0.00000000', 'marginAvailable': True, 'updateTime': 0}, {'accountAlias': 'oCmYSgSgfWmYsR', 'asset': 'ETH', 'balance': '0.00000000', 'crossWalletBalance': '0.00000000', 'crossUnPnl': '0.00000000', 'availableBalance': '0.00000000', 'maxWithdrawAmount': '0.00000000', 'marginAvailable': True, 'updateTime': 0}, {'accountAlias': 'oCmYSgSgfWmYsR', 'asset': 'BTC', 'balance': '0.01000000', 'crossWalletBalance': '0.01000000', 'crossUnPnl': '0.00000000', 'availableBalance': '0.01000000', 'maxWithdrawAmount': '0.01000000', 'marginAvailable': True, 'updateTime': 1776777601189}, {'accountAlias': 'oCmYSgSgfWmYsR', 'asset': 'USDT', 'balance': '4998.54937583', 'crossWalletBalance': '4998.54937583', 'crossUnPnl': '-1.47037333', 'availableBalance': '4910.07678283', 'maxWithdrawAmount': '4910.07678283', 'marginAvailable': True, 'updateTime': 1776786091785}, {'accountAlias': 'oCmYSgSgfWmYsR', 'asset': 'USDC', 'balance': '5000.00000000', 'crossWalletBalance': '5000.00000000', 'crossUnPnl': '0.00000000', 'availableBalance': '5000.00000000', 'maxWithdrawAmount': '5000.00000000', 'marginAvailable': True, 'updateTime': 1776777601169}]
2026-04-21 21:11:37 | INFO     | bot.orders | Fetching USDT account balance
2026-04-21 21:11:37 | INFO     | bot.orders | Fetching open orders (symbol=ALL)
2026-04-21 21:11:37 | DEBUG    | bot.client | GET https://testnet.binancefuture.com/fapi/v2/balance | params: {'timestamp': 1776786097597, 'recvWindow': 5000}
2026-04-21 21:11:37 | DEBUG    | bot.client | GET https://testnet.binancefuture.com/fapi/v1/openOrders | params: {'timestamp': 1776786097597, 'recvWindow': 5000}
2026-04-21 21:11:38 | DEBUG    | bot.client | Response [200]: []
2026-04-21 21:11:38 | DEBUG    | bot.client | Response [200]: [{'accountAlias': 'oCmYSgSgfWmYsR', 'asset': 'FDUSD', 'balance': '0.00000000', 'crossWalletBalance': '0.00000000', 'crossUnPnl': '0.00000000', 'availableBalance': '0.00000000', 'maxWithdrawAmount': '0.00000000', 'marginAvailable': True, 'updateTime': 0}, {'accountAlias': 'oCmYSgSgfWmYsR', 'asset': 'BNB', 'balance': '0.00000000', 'crossWalletBalance': '0.00000000', 'crossUnPnl': '0.00000000', 'availableBalance': '0.00000000', 'maxWithdrawAmount': '0.00000000', 'marginAvailable': True, 'updateTime': 0}, {'accountAlias': 'oCmYSgSgfWmYsR', 'asset': 'ETH', 'balance': '0.00000000', 'crossWalletBalance': '0.00000000', 'crossUnPnl': '0.00000000', 'availableBalance': '0.00000000', 'maxWithdrawAmount': '0.00000000', 'marginAvailable': True, 'updateTime': 0}, {'accountAlias': 'oCmYSgSgfWmYsR', 'asset': 'BTC', 'balance': '0.01000000', 'crossWalletBalance': '0.01000000', 'crossUnPnl': '0.00000000', 'availableBalance': '0.01000000', 'maxWithdrawAmount': '0.01000000', 'marginAvailable': True, 'updateTime': 1776777601189}, {'accountAlias': 'oCmYSgSgfWmYsR', 'asset': 'USDT', 'balance': '4998.54937583', 'crossWalletBalance': '4998.54937583', 'crossUnPnl': '-1.37386666', 'availableBalance': '4910.16846417', 'maxWithdrawAmount': '4910.16846417', 'marginAvailable': True, 'updateTime': 1776786091785}, {'accountAlias': 'oCmYSgSgfWmYsR', 'asset': 'USDC', 'balance': '5000.00000000', 'crossWalletBalance': '5000.00000000', 'crossUnPnl': '0.00000000', 'availableBalance': '5000.00000000', 'maxWithdrawAmount': '5000.00000000', 'marginAvailable': True, 'updateTime': 1776777601169}]
2026-04-21 21:11:42 | INFO     | bot.orders | Fetching open orders (symbol=ALL)
2026-04-21 21:11:42 | INFO     | bot.orders | Fetching USDT account balance
2026-04-21 21:11:42 | DEBUG    | bot.client | GET https://testnet.binancefuture.com/fapi/v1/openOrders | params: {'timestamp': 1776786102601, 'recvWindow': 5000}
2026-04-21 21:11:42 | DEBUG    | bot.client | GET https://testnet.binancefuture.com/fapi/v2/balance | params: {'timestamp': 1776786102601, 'recvWindow': 5000}
2026-04-21 21:11:43 | DEBUG    | bot.client | Response [200]: []
2026-04-21 21:11:43 | DEBUG    | bot.client | Response [200]: [{'accountAlias': 'oCmYSgSgfWmYsR', 'asset': 'FDUSD', 'balance': '0.00000000', 'crossWalletBalance': '0.00000000', 'crossUnPnl': '0.00000000', 'availableBalance': '0.00000000', 'maxWithdrawAmount': '0.00000000', 'marginAvailable': True, 'updateTime': 0}, {'accountAlias': 'oCmYSgSgfWmYsR', 'asset': 'BNB', 'balance': '0.00000000', 'crossWalletBalance': '0.00000000', 'crossUnPnl': '0.00000000', 'availableBalance': '0.00000000', 'maxWithdrawAmount': '0.00000000', 'marginAvailable': True, 'updateTime': 0}, {'accountAlias': 'oCmYSgSgfWmYsR', 'asset': 'ETH', 'balance': '0.00000000', 'crossWalletBalance': '0.00000000', 'crossUnPnl': '0.00000000', 'availableBalance': '0.00000000', 'maxWithdrawAmount': '0.00000000', 'marginAvailable': True, 'updateTime': 0}, {'accountAlias': 'oCmYSgSgfWmYsR', 'asset': 'BTC', 'balance': '0.01000000', 'crossWalletBalance': '0.01000000', 'crossUnPnl': '0.00000000', 'availableBalance': '0.01000000', 'maxWithdrawAmount': '0.01000000', 'marginAvailable': True, 'updateTime': 1776777601189}, {'accountAlias': 'oCmYSgSgfWmYsR', 'asset': 'USDT', 'balance': '4998.54937583', 'crossWalletBalance': '4998.54937583', 'crossUnPnl': '-1.60033291', 'availableBalance': '4909.95332123', 'maxWithdrawAmount': '4909.95332123', 'marginAvailable': True, 'updateTime': 1776786091785}, {'accountAlias': 'oCmYSgSgfWmYsR', 'asset': 'USDC', 'balance': '5000.00000000', 'crossWalletBalance': '5000.00000000', 'crossUnPnl': '0.00000000', 'availableBalance': '5000.00000000', 'maxWithdrawAmount': '5000.00000000', 'marginAvailable': True, 'updateTime': 1776777601169}]
2026-04-21 21:12:16 | INFO     | cli | New order request | symbol=BTCUSDT side=SELL type=MARKET qty=1.0 price=None
2026-04-21 21:12:16 | INFO     | bot.orders | Placing MARKET order | SELL 1.0 BTCUSDT
2026-04-21 21:12:16 | DEBUG    | bot.client | POST https://testnet.binancefuture.com/fapi/v1/order | params: {'symbol': 'BTCUSDT', 'side': 'SELL', 'type': 'MARKET', 'quantity': 1.0, 'timestamp': 1776786136442, 'recvWindow': 5000}
2026-04-21 21:12:17 | DEBUG    | bot.client | Response [200]: {'orderId': 13058144725, 'symbol': 'BTCUSDT', 'status': 'NEW', 'clientOrderId': 'QLhBGWHkb1htjyCx2nsmqb', 'price': '0.00', 'avgPrice': '0.00', 'origQty': '1.0000', 'executedQty': '0.0000', 'cumQty': '0.0000', 'cumQuote': '0.000000', 'timeInForce': 'GTC', 'type': 'MARKET', 'reduceOnly': False, 'closePosition': False, 'side': 'SELL', 'positionSide': 'BOTH', 'stopPrice': '0.00', 'workingType': 'CONTRACT_PRICE', 'priceProtect': False, 'origType': 'MARKET', 'priceMatch': 'NONE', 'selfTradePreventionMode': 'EXPIRE_MAKER', 'goodTillDate': 0, 'updateTime': 1776786136997}
2026-04-21 21:12:17 | INFO     | bot.orders | Order placed successfully | orderId=13058144725 status=NEW
2026-04-21 21:12:19 | INFO     | bot.orders | Fetching USDT account balance
2026-04-21 21:12:19 | DEBUG    | bot.client | GET https://testnet.binancefuture.com/fapi/v2/balance | params: {'timestamp': 1776786139921, 'recvWindow': 5000}
2026-04-21 21:12:19 | INFO     | bot.orders | Fetching open orders (symbol=ALL)
2026-04-21 21:12:19 | DEBUG    | bot.client | GET https://testnet.binancefuture.com/fapi/v1/openOrders | params: {'timestamp': 1776786139921, 'recvWindow': 5000}
2026-04-21 21:12:21 | DEBUG    | bot.client | Response [200]: [{'accountAlias': 'oCmYSgSgfWmYsR', 'asset': 'FDUSD', 'balance': '0.00000000', 'crossWalletBalance': '0.00000000', 'crossUnPnl': '0.00000000', 'availableBalance': '0.00000000', 'maxWithdrawAmount': '0.00000000', 'marginAvailable': True, 'updateTime': 0}, {'accountAlias': 'oCmYSgSgfWmYsR', 'asset': 'BNB', 'balance': '0.00000000', 'crossWalletBalance': '0.00000000', 'crossUnPnl': '0.00000000', 'availableBalance': '0.00000000', 'maxWithdrawAmount': '0.00000000', 'marginAvailable': True, 'updateTime': 0}, {'accountAlias': 'oCmYSgSgfWmYsR', 'asset': 'ETH', 'balance': '0.00000000', 'crossWalletBalance': '0.00000000', 'crossUnPnl': '0.00000000', 'availableBalance': '0.00000000', 'maxWithdrawAmount': '0.00000000', 'marginAvailable': True, 'updateTime': 0}, {'accountAlias': 'oCmYSgSgfWmYsR', 'asset': 'BTC', 'balance': '0.01000000', 'crossWalletBalance': '0.01000000', 'crossUnPnl': '0.00000000', 'availableBalance': '0.01000000', 'maxWithdrawAmount': '0.01000000', 'marginAvailable': True, 'updateTime': 1776777601189}, {'accountAlias': 'oCmYSgSgfWmYsR', 'asset': 'USDT', 'balance': '4967.27606944', 'crossWalletBalance': '4967.27606944', 'crossUnPnl': '19.88015999', 'availableBalance': '1273.38382943', 'maxWithdrawAmount': '1273.38382943', 'marginAvailable': True, 'updateTime': 1776786136998}, {'accountAlias': 'oCmYSgSgfWmYsR', 'asset': 'USDC', 'balance': '5000.00000000', 'crossWalletBalance': '5000.00000000', 'crossUnPnl': '0.00000000', 'availableBalance': '5000.00000000', 'maxWithdrawAmount': '5000.00000000', 'marginAvailable': True, 'updateTime': 1776777601169}]
2026-04-21 21:12:21 | DEBUG    | bot.client | Response [200]: []
2026-04-21 21:12:21 | INFO     | bot.orders | Fetching USDT account balance
2026-04-21 21:12:21 | DEBUG    | bot.client | GET https://testnet.binancefuture.com/fapi/v2/balance | params: {'timestamp': 1776786141086, 'recvWindow': 5000}
2026-04-21 21:12:21 | INFO     | bot.orders | Fetching open orders (symbol=ALL)
2026-04-21 21:12:21 | DEBUG    | bot.client | GET https://testnet.binancefuture.com/fapi/v1/openOrders | params: {'timestamp': 1776786141087, 'recvWindow': 5000}
2026-04-21 21:12:22 | DEBUG    | bot.client | Response [200]: []
2026-04-21 21:12:22 | DEBUG    | bot.client | Response [200]: [{'accountAlias': 'oCmYSgSgfWmYsR', 'asset': 'FDUSD', 'balance': '0.00000000', 'crossWalletBalance': '0.00000000', 'crossUnPnl': '0.00000000', 'availableBalance': '0.00000000', 'maxWithdrawAmount': '0.00000000', 'marginAvailable': True, 'updateTime': 0}, {'accountAlias': 'oCmYSgSgfWmYsR', 'asset': 'BNB', 'balance': '0.00000000', 'crossWalletBalance': '0.00000000', 'crossUnPnl': '0.00000000', 'availableBalance': '0.00000000', 'maxWithdrawAmount': '0.00000000', 'marginAvailable': True, 'updateTime': 0}, {'accountAlias': 'oCmYSgSgfWmYsR', 'asset': 'ETH', 'balance': '0.00000000', 'crossWalletBalance': '0.00000000', 'crossUnPnl': '0.00000000', 'availableBalance': '0.00000000', 'maxWithdrawAmount': '0.00000000', 'marginAvailable': True, 'updateTime': 0}, {'accountAlias': 'oCmYSgSgfWmYsR', 'asset': 'BTC', 'balance': '0.01000000', 'crossWalletBalance': '0.01000000', 'crossUnPnl': '0.00000000', 'availableBalance': '0.01000000', 'maxWithdrawAmount': '0.01000000', 'marginAvailable': True, 'updateTime': 1776777601189}, {'accountAlias': 'oCmYSgSgfWmYsR', 'asset': 'USDT', 'balance': '4967.27606944', 'crossWalletBalance': '4967.27606944', 'crossUnPnl': '28.98227784', 'availableBalance': '1277.74693532', 'maxWithdrawAmount': '1277.74693532', 'marginAvailable': True, 'updateTime': 1776786136998}, {'accountAlias': 'oCmYSgSgfWmYsR', 'asset': 'USDC', 'balance': '5000.00000000', 'crossWalletBalance': '5000.00000000', 'crossUnPnl': '0.00000000', 'availableBalance': '5000.00000000', 'maxWithdrawAmount': '5000.00000000', 'marginAvailable': True, 'updateTime': 1776777601169}]
2026-04-21 21:12:26 | INFO     | cli | New order request | symbol=BTCUSDT side=SELL type=MARKET qty=1.0 price=None
2026-04-21 21:12:26 | INFO     | bot.orders | Placing MARKET order | SELL 1.0 BTCUSDT
2026-04-21 21:12:26 | DEBUG    | bot.client | POST https://testnet.binancefuture.com/fapi/v1/order | params: {'symbol': 'BTCUSDT', 'side': 'SELL', 'type': 'MARKET', 'quantity': 1.0, 'timestamp': 1776786146192, 'recvWindow': 5000}
2026-04-21 21:12:27 | ERROR    | bot.client | HTTP error 400: {'code': -2019, 'msg': 'Margin is insufficient.'}
2026-04-21 21:12:27 | ERROR    | cli | API error: API error 400: Margin is insufficient.
2026-04-21 21:13:19 | INFO     | bot.orders | Fetching USDT account balance
2026-04-21 21:13:19 | INFO     | bot.orders | Fetching open orders (symbol=ALL)
2026-04-21 21:13:19 | DEBUG    | bot.client | GET https://testnet.binancefuture.com/fapi/v2/balance | params: {'timestamp': 1776786199916, 'recvWindow': 5000}
2026-04-21 21:13:19 | DEBUG    | bot.client | GET https://testnet.binancefuture.com/fapi/v1/openOrders | params: {'timestamp': 1776786199917, 'recvWindow': 5000}
2026-04-21 21:13:21 | DEBUG    | bot.client | Response [200]: [{'accountAlias': 'oCmYSgSgfWmYsR', 'asset': 'FDUSD', 'balance': '0.00000000', 'crossWalletBalance': '0.00000000', 'crossUnPnl': '0.00000000', 'availableBalance': '0.00000000', 'maxWithdrawAmount': '0.00000000', 'marginAvailable': True, 'updateTime': 0}, {'accountAlias': 'oCmYSgSgfWmYsR', 'asset': 'BNB', 'balance': '0.00000000', 'crossWalletBalance': '0.00000000', 'crossUnPnl': '0.00000000', 'availableBalance': '0.00000000', 'maxWithdrawAmount': '0.00000000', 'marginAvailable': True, 'updateTime': 0}, {'accountAlias': 'oCmYSgSgfWmYsR', 'asset': 'ETH', 'balance': '0.00000000', 'crossWalletBalance': '0.00000000', 'crossUnPnl': '0.00000000', 'availableBalance': '0.00000000', 'maxWithdrawAmount': '0.00000000', 'marginAvailable': True, 'updateTime': 0}, {'accountAlias': 'oCmYSgSgfWmYsR', 'asset': 'BTC', 'balance': '0.01000000', 'crossWalletBalance': '0.01000000', 'crossUnPnl': '0.00000000', 'availableBalance': '0.01000000', 'maxWithdrawAmount': '0.01000000', 'marginAvailable': True, 'updateTime': 1776777601189}, {'accountAlias': 'oCmYSgSgfWmYsR', 'asset': 'USDT', 'balance': '4967.27606944', 'crossWalletBalance': '4967.27606944', 'crossUnPnl': '-33.75714000', 'availableBalance': '1235.13916444', 'maxWithdrawAmount': '1235.13916444', 'marginAvailable': True, 'updateTime': 1776786136998}, {'accountAlias': 'oCmYSgSgfWmYsR', 'asset': 'USDC', 'balance': '5000.00000000', 'crossWalletBalance': '5000.00000000', 'crossUnPnl': '0.00000000', 'availableBalance': '5000.00000000', 'maxWithdrawAmount': '5000.00000000', 'marginAvailable': True, 'updateTime': 1776777601169}]
2026-04-21 21:13:21 | DEBUG    | bot.client | Response [200]: []
2026-04-21 21:13:21 | INFO     | bot.orders | Fetching USDT account balance
2026-04-21 21:13:21 | DEBUG    | bot.client | GET https://testnet.binancefuture.com/fapi/v2/balance | params: {'timestamp': 1776786201700, 'recvWindow': 5000}
2026-04-21 21:13:21 | INFO     | bot.orders | Fetching open orders (symbol=ALL)
2026-04-21 21:13:21 | DEBUG    | bot.client | GET https://testnet.binancefuture.com/fapi/v1/openOrders | params: {'timestamp': 1776786201701, 'recvWindow': 5000}
2026-04-21 21:13:23 | DEBUG    | bot.client | Response [200]: []
2026-04-21 21:13:23 | DEBUG    | bot.client | Response [200]: [{'accountAlias': 'oCmYSgSgfWmYsR', 'asset': 'FDUSD', 'balance': '0.00000000', 'crossWalletBalance': '0.00000000', 'crossUnPnl': '0.00000000', 'availableBalance': '0.00000000', 'maxWithdrawAmount': '0.00000000', 'marginAvailable': True, 'updateTime': 0}, {'accountAlias': 'oCmYSgSgfWmYsR', 'asset': 'BNB', 'balance': '0.00000000', 'crossWalletBalance': '0.00000000', 'crossUnPnl': '0.00000000', 'availableBalance': '0.00000000', 'maxWithdrawAmount': '0.00000000', 'marginAvailable': True, 'updateTime': 0}, {'accountAlias': 'oCmYSgSgfWmYsR', 'asset': 'ETH', 'balance': '0.00000000', 'crossWalletBalance': '0.00000000', 'crossUnPnl': '0.00000000', 'availableBalance': '0.00000000', 'maxWithdrawAmount': '0.00000000', 'marginAvailable': True, 'updateTime': 0}, {'accountAlias': 'oCmYSgSgfWmYsR', 'asset': 'BTC', 'balance': '0.01000000', 'crossWalletBalance': '0.01000000', 'crossUnPnl': '0.00000000', 'availableBalance': '0.01000000', 'maxWithdrawAmount': '0.01000000', 'marginAvailable': True, 'updateTime': 1776777601189}, {'accountAlias': 'oCmYSgSgfWmYsR', 'asset': 'USDT', 'balance': '4967.27606944', 'crossWalletBalance': '4967.27606944', 'crossUnPnl': '-33.65944000', 'availableBalance': '1233.38544944', 'maxWithdrawAmount': '1233.38544944', 'marginAvailable': True, 'updateTime': 1776786136998}, {'accountAlias': 'oCmYSgSgfWmYsR', 'asset': 'USDC', 'balance': '5000.00000000', 'crossWalletBalance': '5000.00000000', 'crossUnPnl': '0.00000000', 'availableBalance': '5000.00000000', 'maxWithdrawAmount': '5000.00000000', 'marginAvailable': True, 'updateTime': 1776777601169}]
2026-04-21 21:13:26 | INFO     | cli | New order request | symbol=BTCUSDT side=BUY type=MARKET qty=0.01 price=None
2026-04-21 21:13:26 | INFO     | bot.orders | Placing MARKET order | BUY 0.01 BTCUSDT
2026-04-21 21:13:26 | DEBUG    | bot.client | POST https://testnet.binancefuture.com/fapi/v1/order | params: {'symbol': 'BTCUSDT', 'side': 'BUY', 'type': 'MARKET', 'quantity': 0.01, 'timestamp': 1776786206218, 'recvWindow': 5000}
2026-04-21 21:13:27 | DEBUG    | bot.client | Response [200]: {'orderId': 13058147682, 'symbol': 'BTCUSDT', 'status': 'NEW', 'clientOrderId': 'bsuh8oGzqoYZNyYKqC9ro4', 'price': '0.00', 'avgPrice': '0.00', 'origQty': '0.0100', 'executedQty': '0.0000', 'cumQty': '0.0000', 'cumQuote': '0.000000', 'timeInForce': 'GTC', 'type': 'MARKET', 'reduceOnly': False, 'closePosition': False, 'side': 'BUY', 'positionSide': 'BOTH', 'stopPrice': '0.00', 'workingType': 'CONTRACT_PRICE', 'priceProtect': False, 'origType': 'MARKET', 'priceMatch': 'NONE', 'selfTradePreventionMode': 'EXPIRE_MAKER', 'goodTillDate': 0, 'updateTime': 1776786207064}
2026-04-21 21:13:27 | INFO     | bot.orders | Order placed successfully | orderId=13058147682 status=NEW
2026-04-21 21:13:33 | INFO     | cli | New order request | symbol=BTCUSDT side=SELL type=MARKET qty=0.01 price=None
2026-04-21 21:13:33 | INFO     | bot.orders | Placing MARKET order | SELL 0.01 BTCUSDT
2026-04-21 21:13:33 | DEBUG    | bot.client | POST https://testnet.binancefuture.com/fapi/v1/order | params: {'symbol': 'BTCUSDT', 'side': 'SELL', 'type': 'MARKET', 'quantity': 0.01, 'timestamp': 1776786213080, 'recvWindow': 5000}
2026-04-21 21:13:33 | DEBUG    | bot.client | Response [200]: {'orderId': 13058147979, 'symbol': 'BTCUSDT', 'status': 'NEW', 'clientOrderId': 'T7H1DPDsoeA95i3RyyndLJ', 'price': '0.00', 'avgPrice': '0.00', 'origQty': '0.0100', 'executedQty': '0.0000', 'cumQty': '0.0000', 'cumQuote': '0.000000', 'timeInForce': 'GTC', 'type': 'MARKET', 'reduceOnly': False, 'closePosition': False, 'side': 'SELL', 'positionSide': 'BOTH', 'stopPrice': '0.00', 'workingType': 'CONTRACT_PRICE', 'priceProtect': False, 'origType': 'MARKET', 'priceMatch': 'NONE', 'selfTradePreventionMode': 'EXPIRE_MAKER', 'goodTillDate': 0, 'updateTime': 1776786213750}
2026-04-21 21:13:33 | INFO     | bot.orders | Order placed successfully | orderId=13058147979 status=NEW
2026-04-21 21:14:19 | INFO     | bot.orders | Fetching USDT account balance
2026-04-21 21:14:19 | INFO     | bot.orders | Fetching open orders (symbol=ALL)
2026-04-21 21:14:19 | DEBUG    | bot.client | GET https://testnet.binancefuture.com/fapi/v2/balance | params: {'timestamp': 1776786259908, 'recvWindow': 5000}
2026-04-21 21:14:19 | DEBUG    | bot.client | GET https://testnet.binancefuture.com/fapi/v1/openOrders | params: {'timestamp': 1776786259908, 'recvWindow': 5000}
2026-04-21 21:14:21 | DEBUG    | bot.client | Response [200]: []
2026-04-21 21:14:21 | DEBUG    | bot.client | Response [200]: [{'accountAlias': 'oCmYSgSgfWmYsR', 'asset': 'FDUSD', 'balance': '0.00000000', 'crossWalletBalance': '0.00000000', 'crossUnPnl': '0.00000000', 'availableBalance': '0.00000000', 'maxWithdrawAmount': '0.00000000', 'marginAvailable': True, 'updateTime': 0}, {'accountAlias': 'oCmYSgSgfWmYsR', 'asset': 'BNB', 'balance': '0.00000000', 'crossWalletBalance': '0.00000000', 'crossUnPnl': '0.00000000', 'availableBalance': '0.00000000', 'maxWithdrawAmount': '0.00000000', 'marginAvailable': True, 'updateTime': 0}, {'accountAlias': 'oCmYSgSgfWmYsR', 'asset': 'ETH', 'balance': '0.00000000', 'crossWalletBalance': '0.00000000', 'crossUnPnl': '0.00000000', 'availableBalance': '0.00000000', 'maxWithdrawAmount': '0.00000000', 'marginAvailable': True, 'updateTime': 0}, {'accountAlias': 'oCmYSgSgfWmYsR', 'asset': 'BTC', 'balance': '0.01000000', 'crossWalletBalance': '0.01000000', 'crossUnPnl': '0.00000000', 'availableBalance': '0.01000000', 'maxWithdrawAmount': '0.01000000', 'marginAvailable': True, 'updateTime': 1776777601189}, {'accountAlias': 'oCmYSgSgfWmYsR', 'asset': 'USDT', 'balance': '4966.30688552', 'crossWalletBalance': '4966.30688552', 'crossUnPnl': '-44.78091020', 'availableBalance': '1222.57934589', 'maxWithdrawAmount': '1222.57934589', 'marginAvailable': True, 'updateTime': 1776786213751}, {'accountAlias': 'oCmYSgSgfWmYsR', 'asset': 'USDC', 'balance': '5000.00000000', 'crossWalletBalance': '5000.00000000', 'crossUnPnl': '0.00000000', 'availableBalance': '5000.00000000', 'maxWithdrawAmount': '5000.00000000', 'marginAvailable': True, 'updateTime': 1776777601169}]
2026-04-21 21:14:21 | INFO     | bot.orders | Fetching open orders (symbol=ALL)
2026-04-21 21:14:21 | DEBUG    | bot.client | GET https://testnet.binancefuture.com/fapi/v1/openOrders | params: {'timestamp': 1776786261299, 'recvWindow': 5000}
2026-04-21 21:14:21 | INFO     | bot.orders | Fetching USDT account balance
2026-04-21 21:14:21 | DEBUG    | bot.client | GET https://testnet.binancefuture.com/fapi/v2/balance | params: {'timestamp': 1776786261301, 'recvWindow': 5000}
2026-04-21 21:14:22 | DEBUG    | bot.client | Response [200]: []
2026-04-21 21:14:22 | DEBUG    | bot.client | Response [200]: [{'accountAlias': 'oCmYSgSgfWmYsR', 'asset': 'FDUSD', 'balance': '0.00000000', 'crossWalletBalance': '0.00000000', 'crossUnPnl': '0.00000000', 'availableBalance': '0.00000000', 'maxWithdrawAmount': '0.00000000', 'marginAvailable': True, 'updateTime': 0}, {'accountAlias': 'oCmYSgSgfWmYsR', 'asset': 'BNB', 'balance': '0.00000000', 'crossWalletBalance': '0.00000000', 'crossUnPnl': '0.00000000', 'availableBalance': '0.00000000', 'maxWithdrawAmount': '0.00000000', 'marginAvailable': True, 'updateTime': 0}, {'accountAlias': 'oCmYSgSgfWmYsR', 'asset': 'ETH', 'balance': '0.00000000', 'crossWalletBalance': '0.00000000', 'crossUnPnl': '0.00000000', 'availableBalance': '0.00000000', 'maxWithdrawAmount': '0.00000000', 'marginAvailable': True, 'updateTime': 0}, {'accountAlias': 'oCmYSgSgfWmYsR', 'asset': 'BTC', 'balance': '0.01000000', 'crossWalletBalance': '0.01000000', 'crossUnPnl': '0.00000000', 'availableBalance': '0.01000000', 'maxWithdrawAmount': '0.01000000', 'marginAvailable': True, 'updateTime': 1776777601189}, {'accountAlias': 'oCmYSgSgfWmYsR', 'asset': 'USDT', 'balance': '4966.30688552', 'crossWalletBalance': '4966.30688552', 'crossUnPnl': '-44.78027303', 'availableBalance': '1222.58001492', 'maxWithdrawAmount': '1222.58001492', 'marginAvailable': True, 'updateTime': 1776786213751}, {'accountAlias': 'oCmYSgSgfWmYsR', 'asset': 'USDC', 'balance': '5000.00000000', 'crossWalletBalance': '5000.00000000', 'crossUnPnl': '0.00000000', 'availableBalance': '5000.00000000', 'maxWithdrawAmount': '5000.00000000', 'marginAvailable': True, 'updateTime': 1776777601169}]
2026-04-21 21:14:40 | INFO     | bot.orders | Fetching USDT account balance
2026-04-21 21:14:40 | DEBUG    | bot.client | GET https://testnet.binancefuture.com/fapi/v2/balance | params: {'timestamp': 1776786280256, 'recvWindow': 5000}
2026-04-21 21:14:40 | DEBUG    | bot.client | GET https://testnet.binancefuture.com/fapi/v1/openOrders | params: {'timestamp': 1776786280256, 'recvWindow': 5000}
2026-04-21 21:14:41 | DEBUG    | bot.client | Response [200]: []
2026-04-21 21:14:41 | DEBUG    | bot.client | Response [200]: [{'accountAlias': 'oCmYSgSgfWmYsR', 'asset': 'FDUSD', 'balance': '0.00000000', 'crossWalletBalance': '0.00000000', 'crossUnPnl': '0.00000000', 'availableBalance': '0.00000000', 'maxWithdrawAmount': '0.00000000', 'marginAvailable': True, 'updateTime': 0}, {'accountAlias': 'oCmYSgSgfWmYsR', 'asset': 'BNB', 'balance': '0.00000000', 'crossWalletBalance': '0.00000000', 'crossUnPnl': '0.00000000', 'availableBalance': '0.00000000', 'maxWithdrawAmount': '0.00000000', 'marginAvailable': True, 'updateTime': 0}, {'accountAlias': 'oCmYSgSgfWmYsR', 'asset': 'ETH', 'balance': '0.00000000', 'crossWalletBalance': '0.00000000', 'crossUnPnl': '0.00000000', 'availableBalance': '0.00000000', 'maxWithdrawAmount': '0.00000000', 'marginAvailable': True, 'updateTime': 0}, {'accountAlias': 'oCmYSgSgfWmYsR', 'asset': 'BTC', 'balance': '0.01000000', 'crossWalletBalance': '0.01000000', 'crossUnPnl': '0.00000000', 'availableBalance': '0.01000000', 'maxWithdrawAmount': '0.01000000', 'marginAvailable': True, 'updateTime': 1776777601189}, {'accountAlias': 'oCmYSgSgfWmYsR', 'asset': 'USDT', 'balance': '4966.30688552', 'crossWalletBalance': '4966.30688552', 'crossUnPnl': '-36.71883718', 'availableBalance': '1225.33133807', 'maxWithdrawAmount': '1225.33133807', 'marginAvailable': True, 'updateTime': 1776786213751}, {'accountAlias': 'oCmYSgSgfWmYsR', 'asset': 'USDC', 'balance': '5000.00000000', 'crossWalletBalance': '5000.00000000', 'crossUnPnl': '0.00000000', 'availableBalance': '5000.00000000', 'maxWithdrawAmount': '5000.00000000', 'marginAvailable': True, 'updateTime': 1776777601169}]
2026-04-21 21:14:41 | INFO     | bot.orders | Fetching open orders (symbol=ALL)
2026-04-21 21:14:41 | DEBUG    | bot.client | GET https://testnet.binancefuture.com/fapi/v1/openOrders | params: {'timestamp': 1776786281848, 'recvWindow': 5000}
2026-04-21 21:14:41 | DEBUG    | bot.client | GET https://testnet.binancefuture.com/fapi/v2/balance | params: {'timestamp': 1776786281848, 'recvWindow': 5000}
2026-04-21 21:14:42 | DEBUG    | bot.client | Response [200]: []
2026-04-21 21:14:43 | DEBUG    | bot.client | Response [200]: [{'accountAlias': 'oCmYSgSgfWmYsR', 'asset': 'FDUSD', 'balance': '0.00000000', 'crossWalletBalance': '0.00000000', 'crossUnPnl': '0.00000000', 'availableBalance': '0.00000000', 'maxWithdrawAmount': '0.00000000', 'marginAvailable': True, 'updateTime': 0}, {'accountAlias': 'oCmYSgSgfWmYsR', 'asset': 'BNB', 'balance': '0.00000000', 'crossWalletBalance': '0.00000000', 'crossUnPnl': '0.00000000', 'availableBalance': '0.00000000', 'maxWithdrawAmount': '0.00000000', 'marginAvailable': True, 'updateTime': 0}, {'accountAlias': 'oCmYSgSgfWmYsR', 'asset': 'ETH', 'balance': '0.00000000', 'crossWalletBalance': '0.00000000', 'crossUnPnl': '0.00000000', 'availableBalance': '0.00000000', 'maxWithdrawAmount': '0.00000000', 'marginAvailable': True, 'updateTime': 0}, {'accountAlias': 'oCmYSgSgfWmYsR', 'asset': 'BTC', 'balance': '0.01000000', 'crossWalletBalance': '0.01000000', 'crossUnPnl': '0.00000000', 'availableBalance': '0.01000000', 'maxWithdrawAmount': '0.01000000', 'marginAvailable': True, 'updateTime': 1776777601189}, {'accountAlias': 'oCmYSgSgfWmYsR', 'asset': 'USDT', 'balance': '4966.30688552', 'crossWalletBalance': '4966.30688552', 'crossUnPnl': '-35.65686296', 'availableBalance': '1225.38443678', 'maxWithdrawAmount': '1225.38443678', 'marginAvailable': True, 'updateTime': 1776786213751}, {'accountAlias': 'oCmYSgSgfWmYsR', 'asset': 'USDC', 'balance': '5000.00000000', 'crossWalletBalance': '5000.00000000', 'crossUnPnl': '0.00000000', 'availableBalance': '5000.00000000', 'maxWithdrawAmount': '5000.00000000', 'marginAvailable': True, 'updateTime': 1776777601169}]
2026-04-21 21:14:46 | INFO     | bot.orders | Fetching open orders (symbol=ALL)
2026-04-21 21:14:46 | INFO     | bot.orders | Fetching USDT account balance
2026-04-21 21:14:46 | DEBUG    | bot.client | GET https://testnet.binancefuture.com/fapi/v1/openOrders | params: {'timestamp': 1776786286848, 'recvWindow': 5000}
2026-04-21 21:14:46 | DEBUG    | bot.client | GET https://testnet.binancefuture.com/fapi/v2/balance | params: {'timestamp': 1776786286848, 'recvWindow': 5000}
2026-04-21 21:14:48 | DEBUG    | bot.client | Response [200]: []
2026-04-21 21:14:49 | DEBUG    | bot.client | Response [200]: [{'accountAlias': 'oCmYSgSgfWmYsR', 'asset': 'FDUSD', 'balance': '0.00000000', 'crossWalletBalance': '0.00000000', 'crossUnPnl': '0.00000000', 'availableBalance': '0.00000000', 'maxWithdrawAmount': '0.00000000', 'marginAvailable': True, 'updateTime': 0}, {'accountAlias': 'oCmYSgSgfWmYsR', 'asset': 'BNB', 'balance': '0.00000000', 'crossWalletBalance': '0.00000000', 'crossUnPnl': '0.00000000', 'availableBalance': '0.00000000', 'maxWithdrawAmount': '0.00000000', 'marginAvailable': True, 'updateTime': 0}, {'accountAlias': 'oCmYSgSgfWmYsR', 'asset': 'ETH', 'balance': '0.00000000', 'crossWalletBalance': '0.00000000', 'crossUnPnl': '0.00000000', 'availableBalance': '0.00000000', 'maxWithdrawAmount': '0.00000000', 'marginAvailable': True, 'updateTime': 0}, {'accountAlias': 'oCmYSgSgfWmYsR', 'asset': 'BTC', 'balance': '0.01000000', 'crossWalletBalance': '0.01000000', 'crossUnPnl': '0.00000000', 'availableBalance': '0.01000000', 'maxWithdrawAmount': '0.01000000', 'marginAvailable': True, 'updateTime': 1776777601189}, {'accountAlias': 'oCmYSgSgfWmYsR', 'asset': 'USDT', 'balance': '4966.30688552', 'crossWalletBalance': '4966.30688552', 'crossUnPnl': '-23.76889688', 'availableBalance': '1227.54203509', 'maxWithdrawAmount': '1227.54203509', 'marginAvailable': True, 'updateTime': 1776786213751}, {'accountAlias': 'oCmYSgSgfWmYsR', 'asset': 'USDC', 'balance': '5000.00000000', 'crossWalletBalance': '5000.00000000', 'crossUnPnl': '0.00000000', 'availableBalance': '5000.00000000', 'maxWithdrawAmount': '5000.00000000', 'marginAvailable': True, 'updateTime': 1776777601169}]
2026-04-21 21:14:51 | INFO     | bot.orders | Fetching USDT account balance
2026-04-21 21:14:51 | INFO     | bot.orders | Fetching open orders (symbol=ALL)
2026-04-21 21:14:51 | DEBUG    | bot.client | GET https://testnet.binancefuture.com/fapi/v2/balance | params: {'timestamp': 1776786291843, 'recvWindow': 5000}
2026-04-21 21:14:51 | DEBUG    | bot.client | GET https://testnet.binancefuture.com/fapi/v1/openOrders | params: {'timestamp': 1776786291843, 'recvWindow': 5000}
2026-04-21 21:14:53 | DEBUG    | bot.client | Response [200]: []
2026-04-21 21:14:53 | DEBUG    | bot.client | Response [200]: [{'accountAlias': 'oCmYSgSgfWmYsR', 'asset': 'FDUSD', 'balance': '0.00000000', 'crossWalletBalance': '0.00000000', 'crossUnPnl': '0.00000000', 'availableBalance': '0.00000000', 'maxWithdrawAmount': '0.00000000', 'marginAvailable': True, 'updateTime': 0}, {'accountAlias': 'oCmYSgSgfWmYsR', 'asset': 'BNB', 'balance': '0.00000000', 'crossWalletBalance': '0.00000000', 'crossUnPnl': '0.00000000', 'availableBalance': '0.00000000', 'maxWithdrawAmount': '0.00000000', 'marginAvailable': True, 'updateTime': 0}, {'accountAlias': 'oCmYSgSgfWmYsR', 'asset': 'ETH', 'balance': '0.00000000', 'crossWalletBalance': '0.00000000', 'crossUnPnl': '0.00000000', 'availableBalance': '0.00000000', 'maxWithdrawAmount': '0.00000000', 'marginAvailable': True, 'updateTime': 0}, {'accountAlias': 'oCmYSgSgfWmYsR', 'asset': 'BTC', 'balance': '0.01000000', 'crossWalletBalance': '0.01000000', 'crossUnPnl': '0.00000000', 'availableBalance': '0.01000000', 'maxWithdrawAmount': '0.01000000', 'marginAvailable': True, 'updateTime': 1776777601189}, {'accountAlias': 'oCmYSgSgfWmYsR', 'asset': 'USDT', 'balance': '4966.30688552', 'crossWalletBalance': '4966.30688552', 'crossUnPnl': '-12.78272656', 'availableBalance': '1228.09134360', 'maxWithdrawAmount': '1228.09134360', 'marginAvailable': True, 'updateTime': 1776786213751}, {'accountAlias': 'oCmYSgSgfWmYsR', 'asset': 'USDC', 'balance': '5000.00000000', 'crossWalletBalance': '5000.00000000', 'crossUnPnl': '0.00000000', 'availableBalance': '5000.00000000', 'maxWithdrawAmount': '5000.00000000', 'marginAvailable': True, 'updateTime': 1776777601169}]
2026-04-21 21:14:56 | INFO     | bot.orders | Fetching open orders (symbol=ALL)
2026-04-21 21:14:56 | INFO     | bot.orders | Fetching USDT account balance
2026-04-21 21:14:56 | DEBUG    | bot.client | GET https://testnet.binancefuture.com/fapi/v1/openOrders | params: {'timestamp': 1776786296851, 'recvWindow': 5000}
2026-04-21 21:14:56 | DEBUG    | bot.client | GET https://testnet.binancefuture.com/fapi/v2/balance | params: {'timestamp': 1776786296851, 'recvWindow': 5000}
2026-04-21 21:14:58 | DEBUG    | bot.client | Response [200]: [{'accountAlias': 'oCmYSgSgfWmYsR', 'asset': 'FDUSD', 'balance': '0.00000000', 'crossWalletBalance': '0.00000000', 'crossUnPnl': '0.00000000', 'availableBalance': '0.00000000', 'maxWithdrawAmount': '0.00000000', 'marginAvailable': True, 'updateTime': 0}, {'accountAlias': 'oCmYSgSgfWmYsR', 'asset': 'BNB', 'balance': '0.00000000', 'crossWalletBalance': '0.00000000', 'crossUnPnl': '0.00000000', 'availableBalance': '0.00000000', 'maxWithdrawAmount': '0.00000000', 'marginAvailable': True, 'updateTime': 0}, {'accountAlias': 'oCmYSgSgfWmYsR', 'asset': 'ETH', 'balance': '0.00000000', 'crossWalletBalance': '0.00000000', 'crossUnPnl': '0.00000000', 'availableBalance': '0.00000000', 'maxWithdrawAmount': '0.00000000', 'marginAvailable': True, 'updateTime': 0}, {'accountAlias': 'oCmYSgSgfWmYsR', 'asset': 'BTC', 'balance': '0.01000000', 'crossWalletBalance': '0.01000000', 'crossUnPnl': '0.00000000', 'availableBalance': '0.01000000', 'maxWithdrawAmount': '0.01000000', 'marginAvailable': True, 'updateTime': 1776777601189}, {'accountAlias': 'oCmYSgSgfWmYsR', 'asset': 'USDT', 'balance': '4966.30688552', 'crossWalletBalance': '4966.30688552', 'crossUnPnl': '-1.51504928', 'availableBalance': '1228.65472747', 'maxWithdrawAmount': '1228.65472747', 'marginAvailable': True, 'updateTime': 1776786213751}, {'accountAlias': 'oCmYSgSgfWmYsR', 'asset': 'USDC', 'balance': '5000.00000000', 'crossWalletBalance': '5000.00000000', 'crossUnPnl': '0.00000000', 'availableBalance': '5000.00000000', 'maxWithdrawAmount': '5000.00000000', 'marginAvailable': True, 'updateTime': 1776777601169}]
2026-04-21 21:14:58 | DEBUG    | bot.client | Response [200]: []
2026-04-21 21:15:01 | INFO     | bot.orders | Fetching USDT account balance
2026-04-21 21:15:01 | INFO     | bot.orders | Fetching open orders (symbol=ALL)
2026-04-21 21:15:01 | DEBUG    | bot.client | GET https://testnet.binancefuture.com/fapi/v2/balance | params: {'timestamp': 1776786301844, 'recvWindow': 5000}
2026-04-21 21:15:01 | DEBUG    | bot.client | GET https://testnet.binancefuture.com/fapi/v1/openOrders | params: {'timestamp': 1776786301844, 'recvWindow': 5000}
2026-04-21 21:15:03 | DEBUG    | bot.client | Response [200]: [{'accountAlias': 'oCmYSgSgfWmYsR', 'asset': 'FDUSD', 'balance': '0.00000000', 'crossWalletBalance': '0.00000000', 'crossUnPnl': '0.00000000', 'availableBalance': '0.00000000', 'maxWithdrawAmount': '0.00000000', 'marginAvailable': True, 'updateTime': 0}, {'accountAlias': 'oCmYSgSgfWmYsR', 'asset': 'BNB', 'balance': '0.00000000', 'crossWalletBalance': '0.00000000', 'crossUnPnl': '0.00000000', 'availableBalance': '0.00000000', 'maxWithdrawAmount': '0.00000000', 'marginAvailable': True, 'updateTime': 0}, {'accountAlias': 'oCmYSgSgfWmYsR', 'asset': 'ETH', 'balance': '0.00000000', 'crossWalletBalance': '0.00000000', 'crossUnPnl': '0.00000000', 'availableBalance': '0.00000000', 'maxWithdrawAmount': '0.00000000', 'marginAvailable': True, 'updateTime': 0}, {'accountAlias': 'oCmYSgSgfWmYsR', 'asset': 'BTC', 'balance': '0.01000000', 'crossWalletBalance': '0.01000000', 'crossUnPnl': '0.00000000', 'availableBalance': '0.01000000', 'maxWithdrawAmount': '0.01000000', 'marginAvailable': True, 'updateTime': 1776777601189}, {'accountAlias': 'oCmYSgSgfWmYsR', 'asset': 'USDT', 'balance': '4966.30688552', 'crossWalletBalance': '4966.30688552', 'crossUnPnl': '2.02905360', 'availableBalance': '1248.46963261', 'maxWithdrawAmount': '1248.46963261', 'marginAvailable': True, 'updateTime': 1776786213751}, {'accountAlias': 'oCmYSgSgfWmYsR', 'asset': 'USDC', 'balance': '5000.00000000', 'crossWalletBalance': '5000.00000000', 'crossUnPnl': '0.00000000', 'availableBalance': '5000.00000000', 'maxWithdrawAmount': '5000.00000000', 'marginAvailable': True, 'updateTime': 1776777601169}]
2026-04-21 21:15:04 | DEBUG    | bot.client | Response [200]: []
2026-04-21 21:15:06 | INFO     | bot.orders | Fetching open orders (symbol=ALL)
2026-04-21 21:15:06 | INFO     | bot.orders | Fetching USDT account balance
2026-04-21 21:15:06 | DEBUG    | bot.client | GET https://testnet.binancefuture.com/fapi/v1/openOrders | params: {'timestamp': 1776786306845, 'recvWindow': 5000}
2026-04-21 21:15:06 | DEBUG    | bot.client | GET https://testnet.binancefuture.com/fapi/v2/balance | params: {'timestamp': 1776786306845, 'recvWindow': 5000}
2026-04-21 21:15:08 | DEBUG    | bot.client | Response [200]: []
2026-04-21 21:15:08 | DEBUG    | bot.client | Response [200]: [{'accountAlias': 'oCmYSgSgfWmYsR', 'asset': 'FDUSD', 'balance': '0.00000000', 'crossWalletBalance': '0.00000000', 'crossUnPnl': '0.00000000', 'availableBalance': '0.00000000', 'maxWithdrawAmount': '0.00000000', 'marginAvailable': True, 'updateTime': 0}, {'accountAlias': 'oCmYSgSgfWmYsR', 'asset': 'BNB', 'balance': '0.00000000', 'crossWalletBalance': '0.00000000', 'crossUnPnl': '0.00000000', 'availableBalance': '0.00000000', 'maxWithdrawAmount': '0.00000000', 'marginAvailable': True, 'updateTime': 0}, {'accountAlias': 'oCmYSgSgfWmYsR', 'asset': 'ETH', 'balance': '0.00000000', 'crossWalletBalance': '0.00000000', 'crossUnPnl': '0.00000000', 'availableBalance': '0.00000000', 'maxWithdrawAmount': '0.00000000', 'marginAvailable': True, 'updateTime': 0}, {'accountAlias': 'oCmYSgSgfWmYsR', 'asset': 'BTC', 'balance': '0.01000000', 'crossWalletBalance': '0.01000000', 'crossUnPnl': '0.00000000', 'availableBalance': '0.01000000', 'maxWithdrawAmount': '0.01000000', 'marginAvailable': True, 'updateTime': 1776777601189}, {'accountAlias': 'oCmYSgSgfWmYsR', 'asset': 'USDT', 'balance': '4966.30688552', 'crossWalletBalance': '4966.30688552', 'crossUnPnl': '18.53168096', 'availableBalance': '1229.65706398', 'maxWithdrawAmount': '1229.65706398', 'marginAvailable': True, 'updateTime': 1776786213751}, {'accountAlias': 'oCmYSgSgfWmYsR', 'asset': 'USDC', 'balance': '5000.00000000', 'crossWalletBalance': '5000.00000000', 'crossUnPnl': '0.00000000', 'availableBalance': '5000.00000000', 'maxWithdrawAmount': '5000.00000000', 'marginAvailable': True, 'updateTime': 1776777601169}]
2026-04-21 21:15:11 | INFO     | bot.orders | Fetching USDT account balance
2026-04-21 21:15:11 | INFO     | bot.orders | Fetching open orders (symbol=ALL)
2026-04-21 21:15:11 | DEBUG    | bot.client | GET https://testnet.binancefuture.com/fapi/v2/balance | params: {'timestamp': 1776786311841, 'recvWindow': 5000}
2026-04-21 21:15:11 | DEBUG    | bot.client | GET https://testnet.binancefuture.com/fapi/v1/openOrders | params: {'timestamp': 1776786311841, 'recvWindow': 5000}
2026-04-21 21:15:13 | DEBUG    | bot.client | Response [200]: []
2026-04-21 21:15:13 | DEBUG    | bot.client | Response [200]: [{'accountAlias': 'oCmYSgSgfWmYsR', 'asset': 'FDUSD', 'balance': '0.00000000', 'crossWalletBalance': '0.00000000', 'crossUnPnl': '0.00000000', 'availableBalance': '0.00000000', 'maxWithdrawAmount': '0.00000000', 'marginAvailable': True, 'updateTime': 0}, {'accountAlias': 'oCmYSgSgfWmYsR', 'asset': 'BNB', 'balance': '0.00000000', 'crossWalletBalance': '0.00000000', 'crossUnPnl': '0.00000000', 'availableBalance': '0.00000000', 'maxWithdrawAmount': '0.00000000', 'marginAvailable': True, 'updateTime': 0}, {'accountAlias': 'oCmYSgSgfWmYsR', 'asset': 'ETH', 'balance': '0.00000000', 'crossWalletBalance': '0.00000000', 'crossUnPnl': '0.00000000', 'availableBalance': '0.00000000', 'maxWithdrawAmount': '0.00000000', 'marginAvailable': True, 'updateTime': 0}, {'accountAlias': 'oCmYSgSgfWmYsR', 'asset': 'BTC', 'balance': '0.01000000', 'crossWalletBalance': '0.01000000', 'crossUnPnl': '0.00000000', 'availableBalance': '0.01000000', 'maxWithdrawAmount': '0.01000000', 'marginAvailable': True, 'updateTime': 1776777601189}, {'accountAlias': 'oCmYSgSgfWmYsR', 'asset': 'USDT', 'balance': '4966.30688552', 'crossWalletBalance': '4966.30688552', 'crossUnPnl': '13.51499835', 'availableBalance': '1229.30852985', 'maxWithdrawAmount': '1229.30852985', 'marginAvailable': True, 'updateTime': 1776786213751}, {'accountAlias': 'oCmYSgSgfWmYsR', 'asset': 'USDC', 'balance': '5000.00000000', 'crossWalletBalance': '5000.00000000', 'crossUnPnl': '0.00000000', 'availableBalance': '5000.00000000', 'maxWithdrawAmount': '5000.00000000', 'marginAvailable': True, 'updateTime': 1776777601169}]
2026-04-21 21:15:16 | INFO     | bot.orders | Fetching open orders (symbol=ALL)
2026-04-21 21:15:16 | INFO     | bot.orders | Fetching USDT account balance
2026-04-21 21:15:16 | DEBUG    | bot.client | GET https://testnet.binancefuture.com/fapi/v1/openOrders | params: {'timestamp': 1776786316847, 'recvWindow': 5000}
2026-04-21 21:15:16 | DEBUG    | bot.client | GET https://testnet.binancefuture.com/fapi/v2/balance | params: {'timestamp': 1776786316847, 'recvWindow': 5000}
2026-04-21 21:15:18 | DEBUG    | bot.client | Response [200]: []
2026-04-21 21:15:19 | DEBUG    | bot.client | Response [200]: [{'accountAlias': 'oCmYSgSgfWmYsR', 'asset': 'FDUSD', 'balance': '0.00000000', 'crossWalletBalance': '0.00000000', 'crossUnPnl': '0.00000000', 'availableBalance': '0.00000000', 'maxWithdrawAmount': '0.00000000', 'marginAvailable': True, 'updateTime': 0}, {'accountAlias': 'oCmYSgSgfWmYsR', 'asset': 'BNB', 'balance': '0.00000000', 'crossWalletBalance': '0.00000000', 'crossUnPnl': '0.00000000', 'availableBalance': '0.00000000', 'maxWithdrawAmount': '0.00000000', 'marginAvailable': True, 'updateTime': 0}, {'accountAlias': 'oCmYSgSgfWmYsR', 'asset': 'ETH', 'balance': '0.00000000', 'crossWalletBalance': '0.00000000', 'crossUnPnl': '0.00000000', 'availableBalance': '0.00000000', 'maxWithdrawAmount': '0.00000000', 'marginAvailable': True, 'updateTime': 0}, {'accountAlias': 'oCmYSgSgfWmYsR', 'asset': 'BTC', 'balance': '0.01000000', 'crossWalletBalance': '0.01000000', 'crossUnPnl': '0.00000000', 'availableBalance': '0.01000000', 'maxWithdrawAmount': '0.01000000', 'marginAvailable': True, 'updateTime': 1776777601189}, {'accountAlias': 'oCmYSgSgfWmYsR', 'asset': 'USDT', 'balance': '4966.30688552', 'crossWalletBalance': '4966.30688552', 'crossUnPnl': '11.26069474', 'availableBalance': '1229.19581467', 'maxWithdrawAmount': '1229.19581467', 'marginAvailable': True, 'updateTime': 1776786213751}, {'accountAlias': 'oCmYSgSgfWmYsR', 'asset': 'USDC', 'balance': '5000.00000000', 'crossWalletBalance': '5000.00000000', 'crossUnPnl': '0.00000000', 'availableBalance': '5000.00000000', 'maxWithdrawAmount': '5000.00000000', 'marginAvailable': True, 'updateTime': 1776777601169}]
2026-04-21 21:15:19 | INFO     | bot.orders | Fetching open orders (symbol=ALL)
2026-04-21 21:15:19 | INFO     | bot.orders | Fetching USDT account balance
2026-04-21 21:15:19 | DEBUG    | bot.client | GET https://testnet.binancefuture.com/fapi/v1/openOrders | params: {'timestamp': 1776786319605, 'recvWindow': 5000}
2026-04-21 21:15:19 | DEBUG    | bot.client | GET https://testnet.binancefuture.com/fapi/v2/balance | params: {'timestamp': 1776786319606, 'recvWindow': 5000}
2026-04-21 21:15:22 | DEBUG    | bot.client | Response [200]: [{'accountAlias': 'oCmYSgSgfWmYsR', 'asset': 'FDUSD', 'balance': '0.00000000', 'crossWalletBalance': '0.00000000', 'crossUnPnl': '0.00000000', 'availableBalance': '0.00000000', 'maxWithdrawAmount': '0.00000000', 'marginAvailable': True, 'updateTime': 0}, {'accountAlias': 'oCmYSgSgfWmYsR', 'asset': 'BNB', 'balance': '0.00000000', 'crossWalletBalance': '0.00000000', 'crossUnPnl': '0.00000000', 'availableBalance': '0.00000000', 'maxWithdrawAmount': '0.00000000', 'marginAvailable': True, 'updateTime': 0}, {'accountAlias': 'oCmYSgSgfWmYsR', 'asset': 'ETH', 'balance': '0.00000000', 'crossWalletBalance': '0.00000000', 'crossUnPnl': '0.00000000', 'availableBalance': '0.00000000', 'maxWithdrawAmount': '0.00000000', 'marginAvailable': True, 'updateTime': 0}, {'accountAlias': 'oCmYSgSgfWmYsR', 'asset': 'BTC', 'balance': '0.01000000', 'crossWalletBalance': '0.01000000', 'crossUnPnl': '0.00000000', 'availableBalance': '0.01000000', 'maxWithdrawAmount': '0.01000000', 'marginAvailable': True, 'updateTime': 1776777601189}, {'accountAlias': 'oCmYSgSgfWmYsR', 'asset': 'USDT', 'balance': '4966.30688552', 'crossWalletBalance': '4966.30688552', 'crossUnPnl': '18.08569462', 'availableBalance': '1229.63476466', 'maxWithdrawAmount': '1229.63476466', 'marginAvailable': True, 'updateTime': 1776786213751}, {'accountAlias': 'oCmYSgSgfWmYsR', 'asset': 'USDC', 'balance': '5000.00000000', 'crossWalletBalance': '5000.00000000', 'crossUnPnl': '0.00000000', 'availableBalance': '5000.00000000', 'maxWithdrawAmount': '5000.00000000', 'marginAvailable': True, 'updateTime': 1776777601169}]
2026-04-21 21:15:22 | DEBUG    | bot.client | Response [200]: []
2026-04-21 21:15:22 | INFO     | bot.orders | Fetching open orders (symbol=ALL)
2026-04-21 21:15:22 | INFO     | bot.orders | Fetching USDT account balance
2026-04-21 21:15:22 | DEBUG    | bot.client | GET https://testnet.binancefuture.com/fapi/v1/openOrders | params: {'timestamp': 1776786322196, 'recvWindow': 5000}
2026-04-21 21:15:22 | DEBUG    | bot.client | GET https://testnet.binancefuture.com/fapi/v2/balance | params: {'timestamp': 1776786322197, 'recvWindow': 5000}
2026-04-21 21:15:24 | DEBUG    | bot.client | Response [200]: []
2026-04-21 21:15:24 | DEBUG    | bot.client | Response [200]: [{'accountAlias': 'oCmYSgSgfWmYsR', 'asset': 'FDUSD', 'balance': '0.00000000', 'crossWalletBalance': '0.00000000', 'crossUnPnl': '0.00000000', 'availableBalance': '0.00000000', 'maxWithdrawAmount': '0.00000000', 'marginAvailable': True, 'updateTime': 0}, {'accountAlias': 'oCmYSgSgfWmYsR', 'asset': 'BNB', 'balance': '0.00000000', 'crossWalletBalance': '0.00000000', 'crossUnPnl': '0.00000000', 'availableBalance': '0.00000000', 'maxWithdrawAmount': '0.00000000', 'marginAvailable': True, 'updateTime': 0}, {'accountAlias': 'oCmYSgSgfWmYsR', 'asset': 'ETH', 'balance': '0.00000000', 'crossWalletBalance': '0.00000000', 'crossUnPnl': '0.00000000', 'availableBalance': '0.00000000', 'maxWithdrawAmount': '0.00000000', 'marginAvailable': True, 'updateTime': 0}, {'accountAlias': 'oCmYSgSgfWmYsR', 'asset': 'BTC', 'balance': '0.01000000', 'crossWalletBalance': '0.01000000', 'crossUnPnl': '0.00000000', 'availableBalance': '0.01000000', 'maxWithdrawAmount': '0.01000000', 'marginAvailable': True, 'updateTime': 1776777601189}, {'accountAlias': 'oCmYSgSgfWmYsR', 'asset': 'USDT', 'balance': '4966.30688552', 'crossWalletBalance': '4966.30688552', 'crossUnPnl': '21.99050875', 'availableBalance': '1229.73230537', 'maxWithdrawAmount': '1229.73230537', 'marginAvailable': True, 'updateTime': 1776786213751}, {'accountAlias': 'oCmYSgSgfWmYsR', 'asset': 'USDC', 'balance': '5000.00000000', 'crossWalletBalance': '5000.00000000', 'crossUnPnl': '0.00000000', 'availableBalance': '5000.00000000', 'maxWithdrawAmount': '5000.00000000', 'marginAvailable': True, 'updateTime': 1776777601169}]
2026-04-21 21:15:26 | INFO     | bot.orders | Fetching USDT account balance
2026-04-21 21:15:26 | INFO     | bot.orders | Fetching open orders (symbol=ALL)
2026-04-21 21:15:26 | DEBUG    | bot.client | GET https://testnet.binancefuture.com/fapi/v2/balance | params: {'timestamp': 1776786326849, 'recvWindow': 5000}
2026-04-21 21:15:26 | DEBUG    | bot.client | GET https://testnet.binancefuture.com/fapi/v1/openOrders | params: {'timestamp': 1776786326849, 'recvWindow': 5000}
2026-04-21 21:15:28 | DEBUG    | bot.client | Response [200]: []
2026-04-21 21:15:28 | DEBUG    | bot.client | Response [200]: [{'accountAlias': 'oCmYSgSgfWmYsR', 'asset': 'FDUSD', 'balance': '0.00000000', 'crossWalletBalance': '0.00000000', 'crossUnPnl': '0.00000000', 'availableBalance': '0.00000000', 'maxWithdrawAmount': '0.00000000', 'marginAvailable': True, 'updateTime': 0}, {'accountAlias': 'oCmYSgSgfWmYsR', 'asset': 'BNB', 'balance': '0.00000000', 'crossWalletBalance': '0.00000000', 'crossUnPnl': '0.00000000', 'availableBalance': '0.00000000', 'maxWithdrawAmount': '0.00000000', 'marginAvailable': True, 'updateTime': 0}, {'accountAlias': 'oCmYSgSgfWmYsR', 'asset': 'ETH', 'balance': '0.00000000', 'crossWalletBalance': '0.00000000', 'crossUnPnl': '0.00000000', 'availableBalance': '0.00000000', 'maxWithdrawAmount': '0.00000000', 'marginAvailable': True, 'updateTime': 0}, {'accountAlias': 'oCmYSgSgfWmYsR', 'asset': 'BTC', 'balance': '0.01000000', 'crossWalletBalance': '0.01000000', 'crossUnPnl': '0.00000000', 'availableBalance': '0.01000000', 'maxWithdrawAmount': '0.01000000', 'marginAvailable': True, 'updateTime': 1776777601189}, {'accountAlias': 'oCmYSgSgfWmYsR', 'asset': 'USDT', 'balance': '4966.30688552', 'crossWalletBalance': '4966.30688552', 'crossUnPnl': '25.04290004', 'availableBalance': '1229.88492493', 'maxWithdrawAmount': '1229.88492493', 'marginAvailable': True, 'updateTime': 1776786213751}, {'accountAlias': 'oCmYSgSgfWmYsR', 'asset': 'USDC', 'balance': '5000.00000000', 'crossWalletBalance': '5000.00000000', 'crossUnPnl': '0.00000000', 'availableBalance': '5000.00000000', 'maxWithdrawAmount': '5000.00000000', 'marginAvailable': True, 'updateTime': 1776777601169}]
2026-04-21 21:15:31 | INFO     | bot.orders | Fetching open orders (symbol=ALL)
2026-04-21 21:15:31 | INFO     | bot.orders | Fetching USDT account balance
2026-04-21 21:15:31 | DEBUG    | bot.client | GET https://testnet.binancefuture.com/fapi/v1/openOrders | params: {'timestamp': 1776786331844, 'recvWindow': 5000}
2026-04-21 21:15:31 | DEBUG    | bot.client | GET https://testnet.binancefuture.com/fapi/v2/balance | params: {'timestamp': 1776786331845, 'recvWindow': 5000}
2026-04-21 21:15:33 | DEBUG    | bot.client | Response [200]: []
2026-04-21 21:15:33 | DEBUG    | bot.client | Response [200]: [{'accountAlias': 'oCmYSgSgfWmYsR', 'asset': 'FDUSD', 'balance': '0.00000000', 'crossWalletBalance': '0.00000000', 'crossUnPnl': '0.00000000', 'availableBalance': '0.00000000', 'maxWithdrawAmount': '0.00000000', 'marginAvailable': True, 'updateTime': 0}, {'accountAlias': 'oCmYSgSgfWmYsR', 'asset': 'BNB', 'balance': '0.00000000', 'crossWalletBalance': '0.00000000', 'crossUnPnl': '0.00000000', 'availableBalance': '0.00000000', 'maxWithdrawAmount': '0.00000000', 'marginAvailable': True, 'updateTime': 0}, {'accountAlias': 'oCmYSgSgfWmYsR', 'asset': 'ETH', 'balance': '0.00000000', 'crossWalletBalance': '0.00000000', 'crossUnPnl': '0.00000000', 'availableBalance': '0.00000000', 'maxWithdrawAmount': '0.00000000', 'marginAvailable': True, 'updateTime': 0}, {'accountAlias': 'oCmYSgSgfWmYsR', 'asset': 'BTC', 'balance': '0.01000000', 'crossWalletBalance': '0.01000000', 'crossUnPnl': '0.00000000', 'availableBalance': '0.01000000', 'maxWithdrawAmount': '0.01000000', 'marginAvailable': True, 'updateTime': 1776777601189}, {'accountAlias': 'oCmYSgSgfWmYsR', 'asset': 'USDT', 'balance': '4966.30688552', 'crossWalletBalance': '4966.30688552', 'crossUnPnl': '22.44077832', 'availableBalance': '1229.75481885', 'maxWithdrawAmount': '1229.75481885', 'marginAvailable': True, 'updateTime': 1776786213751}, {'accountAlias': 'oCmYSgSgfWmYsR', 'asset': 'USDC', 'balance': '5000.00000000', 'crossWalletBalance': '5000.00000000', 'crossUnPnl': '0.00000000', 'availableBalance': '5000.00000000', 'maxWithdrawAmount': '5000.00000000', 'marginAvailable': True, 'updateTime': 1776777601169}]
2026-04-21 21:15:36 | INFO     | bot.orders | Fetching USDT account balance
2026-04-21 21:15:36 | INFO     | bot.orders | Fetching open orders (symbol=ALL)
2026-04-21 21:15:36 | DEBUG    | bot.client | GET https://testnet.binancefuture.com/fapi/v2/balance | params: {'timestamp': 1776786336841, 'recvWindow': 5000}
2026-04-21 21:15:36 | DEBUG    | bot.client | GET https://testnet.binancefuture.com/fapi/v1/openOrders | params: {'timestamp': 1776786336841, 'recvWindow': 5000}
2026-04-21 21:15:38 | DEBUG    | bot.client | Response [200]: []
2026-04-21 21:15:38 | DEBUG    | bot.client | Response [200]: [{'accountAlias': 'oCmYSgSgfWmYsR', 'asset': 'FDUSD', 'balance': '0.00000000', 'crossWalletBalance': '0.00000000', 'crossUnPnl': '0.00000000', 'availableBalance': '0.00000000', 'maxWithdrawAmount': '0.00000000', 'marginAvailable': True, 'updateTime': 0}, {'accountAlias': 'oCmYSgSgfWmYsR', 'asset': 'BNB', 'balance': '0.00000000', 'crossWalletBalance': '0.00000000', 'crossUnPnl': '0.00000000', 'availableBalance': '0.00000000', 'maxWithdrawAmount': '0.00000000', 'marginAvailable': True, 'updateTime': 0}, {'accountAlias': 'oCmYSgSgfWmYsR', 'asset': 'ETH', 'balance': '0.00000000', 'crossWalletBalance': '0.00000000', 'crossUnPnl': '0.00000000', 'availableBalance': '0.00000000', 'maxWithdrawAmount': '0.00000000', 'marginAvailable': True, 'updateTime': 0}, {'accountAlias': 'oCmYSgSgfWmYsR', 'asset': 'BTC', 'balance': '0.01000000', 'crossWalletBalance': '0.01000000', 'crossUnPnl': '0.00000000', 'availableBalance': '0.01000000', 'maxWithdrawAmount': '0.01000000', 'marginAvailable': True, 'updateTime': 1776777601189}, {'accountAlias': 'oCmYSgSgfWmYsR', 'asset': 'USDT', 'balance': '4966.30688552', 'crossWalletBalance': '4966.30688552', 'crossUnPnl': '2.41227832', 'availableBalance': '1228.75339385', 'maxWithdrawAmount': '1228.75339385', 'marginAvailable': True, 'updateTime': 1776786213751}, {'accountAlias': 'oCmYSgSgfWmYsR', 'asset': 'USDC', 'balance': '5000.00000000', 'crossWalletBalance': '5000.00000000', 'crossUnPnl': '0.00000000', 'availableBalance': '5000.00000000', 'maxWithdrawAmount': '5000.00000000', 'marginAvailable': True, 'updateTime': 1776777601169}]
2026-04-21 21:15:41 | INFO     | bot.orders | Fetching USDT account balance
2026-04-21 21:15:41 | INFO     | bot.orders | Fetching open orders (symbol=ALL)
2026-04-21 21:15:41 | DEBUG    | bot.client | GET https://testnet.binancefuture.com/fapi/v2/balance | params: {'timestamp': 1776786341851, 'recvWindow': 5000}
2026-04-21 21:15:41 | DEBUG    | bot.client | GET https://testnet.binancefuture.com/fapi/v1/openOrders | params: {'timestamp': 1776786341852, 'recvWindow': 5000}
2026-04-21 21:15:43 | DEBUG    | bot.client | Response [200]: []
2026-04-21 21:15:43 | DEBUG    | bot.client | Response [200]: [{'accountAlias': 'oCmYSgSgfWmYsR', 'asset': 'FDUSD', 'balance': '0.00000000', 'crossWalletBalance': '0.00000000', 'crossUnPnl': '0.00000000', 'availableBalance': '0.00000000', 'maxWithdrawAmount': '0.00000000', 'marginAvailable': True, 'updateTime': 0}, {'accountAlias': 'oCmYSgSgfWmYsR', 'asset': 'BNB', 'balance': '0.00000000', 'crossWalletBalance': '0.00000000', 'crossUnPnl': '0.00000000', 'availableBalance': '0.00000000', 'maxWithdrawAmount': '0.00000000', 'marginAvailable': True, 'updateTime': 0}, {'accountAlias': 'oCmYSgSgfWmYsR', 'asset': 'ETH', 'balance': '0.00000000', 'crossWalletBalance': '0.00000000', 'crossUnPnl': '0.00000000', 'availableBalance': '0.00000000', 'maxWithdrawAmount': '0.00000000', 'marginAvailable': True, 'updateTime': 0}, {'accountAlias': 'oCmYSgSgfWmYsR', 'asset': 'BTC', 'balance': '0.01000000', 'crossWalletBalance': '0.01000000', 'crossUnPnl': '0.00000000', 'availableBalance': '0.01000000', 'maxWithdrawAmount': '0.01000000', 'marginAvailable': True, 'updateTime': 1776777601189}, {'accountAlias': 'oCmYSgSgfWmYsR', 'asset': 'USDT', 'balance': '4966.30688552', 'crossWalletBalance': '4966.30688552', 'crossUnPnl': '8.07887832', 'availableBalance': '1229.03672385', 'maxWithdrawAmount': '1229.03672385', 'marginAvailable': True, 'updateTime': 1776786213751}, {'accountAlias': 'oCmYSgSgfWmYsR', 'asset': 'USDC', 'balance': '5000.00000000', 'crossWalletBalance': '5000.00000000', 'crossUnPnl': '0.00000000', 'availableBalance': '5000.00000000', 'maxWithdrawAmount': '5000.00000000', 'marginAvailable': True, 'updateTime': 1776777601169}]
2026-04-21 21:15:46 | INFO     | bot.orders | Fetching open orders (symbol=ALL)
2026-04-21 21:15:46 | INFO     | bot.orders | Fetching USDT account balance
2026-04-21 21:15:46 | DEBUG    | bot.client | GET https://testnet.binancefuture.com/fapi/v1/openOrders | params: {'timestamp': 1776786346846, 'recvWindow': 5000}
2026-04-21 21:15:46 | DEBUG    | bot.client | GET https://testnet.binancefuture.com/fapi/v2/balance | params: {'timestamp': 1776786346846, 'recvWindow': 5000}
2026-04-21 21:15:49 | DEBUG    | bot.client | Response [200]: []
2026-04-21 21:15:49 | DEBUG    | bot.client | Response [200]: [{'accountAlias': 'oCmYSgSgfWmYsR', 'asset': 'FDUSD', 'balance': '0.00000000', 'crossWalletBalance': '0.00000000', 'crossUnPnl': '0.00000000', 'availableBalance': '0.00000000', 'maxWithdrawAmount': '0.00000000', 'marginAvailable': True, 'updateTime': 0}, {'accountAlias': 'oCmYSgSgfWmYsR', 'asset': 'BNB', 'balance': '0.00000000', 'crossWalletBalance': '0.00000000', 'crossUnPnl': '0.00000000', 'availableBalance': '0.00000000', 'maxWithdrawAmount': '0.00000000', 'marginAvailable': True, 'updateTime': 0}, {'accountAlias': 'oCmYSgSgfWmYsR', 'asset': 'ETH', 'balance': '0.00000000', 'crossWalletBalance': '0.00000000', 'crossUnPnl': '0.00000000', 'availableBalance': '0.00000000', 'maxWithdrawAmount': '0.00000000', 'marginAvailable': True, 'updateTime': 0}, {'accountAlias': 'oCmYSgSgfWmYsR', 'asset': 'BTC', 'balance': '0.01000000', 'crossWalletBalance': '0.01000000', 'crossUnPnl': '0.00000000', 'availableBalance': '0.01000000', 'maxWithdrawAmount': '0.01000000', 'marginAvailable': True, 'updateTime': 1776777601189}, {'accountAlias': 'oCmYSgSgfWmYsR', 'asset': 'USDT', 'balance': '4966.30688552', 'crossWalletBalance': '4966.30688552', 'crossUnPnl': '1.33757832', 'availableBalance': '1228.69965885', 'maxWithdrawAmount': '1228.69965885', 'marginAvailable': True, 'updateTime': 1776786213751}, {'accountAlias': 'oCmYSgSgfWmYsR', 'asset': 'USDC', 'balance': '5000.00000000', 'crossWalletBalance': '5000.00000000', 'crossUnPnl': '0.00000000', 'availableBalance': '5000.00000000', 'maxWithdrawAmount': '5000.00000000', 'marginAvailable': True, 'updateTime': 1776777601169}]
2026-04-21 21:15:51 | INFO     | bot.orders | Fetching open orders (symbol=ALL)
2026-04-21 21:15:51 | INFO     | bot.orders | Fetching USDT account balance
2026-04-21 21:15:51 | DEBUG    | bot.client | GET https://testnet.binancefuture.com/fapi/v1/openOrders | params: {'timestamp': 1776786351839, 'recvWindow': 5000}
2026-04-21 21:15:51 | DEBUG    | bot.client | GET https://testnet.binancefuture.com/fapi/v2/balance | params: {'timestamp': 1776786351840, 'recvWindow': 5000}
2026-04-21 21:15:53 | DEBUG    | bot.client | Response [200]: []
2026-04-21 21:15:53 | DEBUG    | bot.client | Response [200]: [{'accountAlias': 'oCmYSgSgfWmYsR', 'asset': 'FDUSD', 'balance': '0.00000000', 'crossWalletBalance': '0.00000000', 'crossUnPnl': '0.00000000', 'availableBalance': '0.00000000', 'maxWithdrawAmount': '0.00000000', 'marginAvailable': True, 'updateTime': 0}, {'accountAlias': 'oCmYSgSgfWmYsR', 'asset': 'BNB', 'balance': '0.00000000', 'crossWalletBalance': '0.00000000', 'crossUnPnl': '0.00000000', 'availableBalance': '0.00000000', 'maxWithdrawAmount': '0.00000000', 'marginAvailable': True, 'updateTime': 0}, {'accountAlias': 'oCmYSgSgfWmYsR', 'asset': 'ETH', 'balance': '0.00000000', 'crossWalletBalance': '0.00000000', 'crossUnPnl': '0.00000000', 'availableBalance': '0.00000000', 'maxWithdrawAmount': '0.00000000', 'marginAvailable': True, 'updateTime': 0}, {'accountAlias': 'oCmYSgSgfWmYsR', 'asset': 'BTC', 'balance': '0.01000000', 'crossWalletBalance': '0.01000000', 'crossUnPnl': '0.00000000', 'availableBalance': '0.01000000', 'maxWithdrawAmount': '0.01000000', 'marginAvailable': True, 'updateTime': 1776777601189}, {'accountAlias': 'oCmYSgSgfWmYsR', 'asset': 'USDT', 'balance': '4966.30688552', 'crossWalletBalance': '4966.30688552', 'crossUnPnl': '5.34327832', 'availableBalance': '1228.89994385', 'maxWithdrawAmount': '1228.89994385', 'marginAvailable': True, 'updateTime': 1776786213751}, {'accountAlias': 'oCmYSgSgfWmYsR', 'asset': 'USDC', 'balance': '5000.00000000', 'crossWalletBalance': '5000.00000000', 'crossUnPnl': '0.00000000', 'availableBalance': '5000.00000000', 'maxWithdrawAmount': '5000.00000000', 'marginAvailable': True, 'updateTime': 1776777601169}]
2026-04-21 21:15:57 | INFO     | bot.orders | Fetching open orders (symbol=ALL)
2026-04-21 21:15:57 | INFO     | bot.orders | Fetching USDT account balance
2026-04-21 21:15:57 | DEBUG    | bot.client | GET https://testnet.binancefuture.com/fapi/v1/openOrders | params: {'timestamp': 1776786357605, 'recvWindow': 5000}
2026-04-21 21:15:57 | DEBUG    | bot.client | GET https://testnet.binancefuture.com/fapi/v2/balance | params: {'timestamp': 1776786357605, 'recvWindow': 5000}
2026-04-21 21:15:58 | DEBUG    | bot.client | Response [200]: [{'accountAlias': 'oCmYSgSgfWmYsR', 'asset': 'FDUSD', 'balance': '0.00000000', 'crossWalletBalance': '0.00000000', 'crossUnPnl': '0.00000000', 'availableBalance': '0.00000000', 'maxWithdrawAmount': '0.00000000', 'marginAvailable': True, 'updateTime': 0}, {'accountAlias': 'oCmYSgSgfWmYsR', 'asset': 'BNB', 'balance': '0.00000000', 'crossWalletBalance': '0.00000000', 'crossUnPnl': '0.00000000', 'availableBalance': '0.00000000', 'maxWithdrawAmount': '0.00000000', 'marginAvailable': True, 'updateTime': 0}, {'accountAlias': 'oCmYSgSgfWmYsR', 'asset': 'ETH', 'balance': '0.00000000', 'crossWalletBalance': '0.00000000', 'crossUnPnl': '0.00000000', 'availableBalance': '0.00000000', 'maxWithdrawAmount': '0.00000000', 'marginAvailable': True, 'updateTime': 0}, {'accountAlias': 'oCmYSgSgfWmYsR', 'asset': 'BTC', 'balance': '0.01000000', 'crossWalletBalance': '0.01000000', 'crossUnPnl': '0.00000000', 'availableBalance': '0.01000000', 'maxWithdrawAmount': '0.01000000', 'marginAvailable': True, 'updateTime': 1776777601189}, {'accountAlias': 'oCmYSgSgfWmYsR', 'asset': 'USDT', 'balance': '4966.30688552', 'crossWalletBalance': '4966.30688552', 'crossUnPnl': '-3.54742167', 'availableBalance': '1228.55310885', 'maxWithdrawAmount': '1228.55310885', 'marginAvailable': True, 'updateTime': 1776786213751}, {'accountAlias': 'oCmYSgSgfWmYsR', 'asset': 'USDC', 'balance': '5000.00000000', 'crossWalletBalance': '5000.00000000', 'crossUnPnl': '0.00000000', 'availableBalance': '5000.00000000', 'maxWithdrawAmount': '5000.00000000', 'marginAvailable': True, 'updateTime': 1776777601169}]
2026-04-21 21:15:58 | DEBUG    | bot.client | Response [200]: []
2026-04-21 21:16:02 | INFO     | bot.orders | Fetching open orders (symbol=ALL)
2026-04-21 21:16:02 | INFO     | bot.orders | Fetching USDT account balance
2026-04-21 21:16:02 | DEBUG    | bot.client | GET https://testnet.binancefuture.com/fapi/v1/openOrders | params: {'timestamp': 1776786362612, 'recvWindow': 5000}
2026-04-21 21:16:02 | DEBUG    | bot.client | GET https://testnet.binancefuture.com/fapi/v2/balance | params: {'timestamp': 1776786362612, 'recvWindow': 5000}
2026-04-21 21:16:03 | DEBUG    | bot.client | Response [200]: []
2026-04-21 21:16:03 | DEBUG    | bot.client | Response [200]: [{'accountAlias': 'oCmYSgSgfWmYsR', 'asset': 'FDUSD', 'balance': '0.00000000', 'crossWalletBalance': '0.00000000', 'crossUnPnl': '0.00000000', 'availableBalance': '0.00000000', 'maxWithdrawAmount': '0.00000000', 'marginAvailable': True, 'updateTime': 0}, {'accountAlias': 'oCmYSgSgfWmYsR', 'asset': 'BNB', 'balance': '0.00000000', 'crossWalletBalance': '0.00000000', 'crossUnPnl': '0.00000000', 'availableBalance': '0.00000000', 'maxWithdrawAmount': '0.00000000', 'marginAvailable': True, 'updateTime': 0}, {'accountAlias': 'oCmYSgSgfWmYsR', 'asset': 'ETH', 'balance': '0.00000000', 'crossWalletBalance': '0.00000000', 'crossUnPnl': '0.00000000', 'availableBalance': '0.00000000', 'maxWithdrawAmount': '0.00000000', 'marginAvailable': True, 'updateTime': 0}, {'accountAlias': 'oCmYSgSgfWmYsR', 'asset': 'BTC', 'balance': '0.01000000', 'crossWalletBalance': '0.01000000', 'crossUnPnl': '0.00000000', 'availableBalance': '0.01000000', 'maxWithdrawAmount': '0.01000000', 'marginAvailable': True, 'updateTime': 1776777601189}, {'accountAlias': 'oCmYSgSgfWmYsR', 'asset': 'USDT', 'balance': '4966.30688552', 'crossWalletBalance': '4966.30688552', 'crossUnPnl': '4.26857832', 'availableBalance': '1227.47840884', 'maxWithdrawAmount': '1227.47840884', 'marginAvailable': True, 'updateTime': 1776786213751}, {'accountAlias': 'oCmYSgSgfWmYsR', 'asset': 'USDC', 'balance': '5000.00000000', 'crossWalletBalance': '5000.00000000', 'crossUnPnl': '0.00000000', 'availableBalance': '5000.00000000', 'maxWithdrawAmount': '5000.00000000', 'marginAvailable': True, 'updateTime': 1776777601169}]
2026-04-21 21:16:07 | INFO     | bot.orders | Fetching open orders (symbol=ALL)
2026-04-21 21:16:07 | INFO     | bot.orders | Fetching USDT account balance
2026-04-21 21:16:07 | DEBUG    | bot.client | GET https://testnet.binancefuture.com/fapi/v1/openOrders | params: {'timestamp': 1776786367605, 'recvWindow': 5000}
2026-04-21 21:16:07 | DEBUG    | bot.client | GET https://testnet.binancefuture.com/fapi/v2/balance | params: {'timestamp': 1776786367605, 'recvWindow': 5000}
2026-04-21 21:16:09 | DEBUG    | bot.client | Response [200]: [{'accountAlias': 'oCmYSgSgfWmYsR', 'asset': 'FDUSD', 'balance': '0.00000000', 'crossWalletBalance': '0.00000000', 'crossUnPnl': '0.00000000', 'availableBalance': '0.00000000', 'maxWithdrawAmount': '0.00000000', 'marginAvailable': True, 'updateTime': 0}, {'accountAlias': 'oCmYSgSgfWmYsR', 'asset': 'BNB', 'balance': '0.00000000', 'crossWalletBalance': '0.00000000', 'crossUnPnl': '0.00000000', 'availableBalance': '0.00000000', 'maxWithdrawAmount': '0.00000000', 'marginAvailable': True, 'updateTime': 0}, {'accountAlias': 'oCmYSgSgfWmYsR', 'asset': 'ETH', 'balance': '0.00000000', 'crossWalletBalance': '0.00000000', 'crossUnPnl': '0.00000000', 'availableBalance': '0.00000000', 'maxWithdrawAmount': '0.00000000', 'marginAvailable': True, 'updateTime': 0}, {'accountAlias': 'oCmYSgSgfWmYsR', 'asset': 'BTC', 'balance': '0.01000000', 'crossWalletBalance': '0.01000000', 'crossUnPnl': '0.00000000', 'availableBalance': '0.01000000', 'maxWithdrawAmount': '0.01000000', 'marginAvailable': True, 'updateTime': 1776777601189}, {'accountAlias': 'oCmYSgSgfWmYsR', 'asset': 'USDT', 'balance': '4966.30688552', 'crossWalletBalance': '4966.30688552', 'crossUnPnl': '4.26857832', 'availableBalance': '1227.38070884', 'maxWithdrawAmount': '1227.38070884', 'marginAvailable': True, 'updateTime': 1776786213751}, {'accountAlias': 'oCmYSgSgfWmYsR', 'asset': 'USDC', 'balance': '5000.00000000', 'crossWalletBalance': '5000.00000000', 'crossUnPnl': '0.00000000', 'availableBalance': '5000.00000000', 'maxWithdrawAmount': '5000.00000000', 'marginAvailable': True, 'updateTime': 1776777601169}]
2026-04-21 21:16:09 | DEBUG    | bot.client | Response [200]: []
2026-04-21 21:16:12 | INFO     | bot.orders | Fetching open orders (symbol=ALL)
2026-04-21 21:16:12 | INFO     | bot.orders | Fetching USDT account balance
2026-04-21 21:16:12 | DEBUG    | bot.client | GET https://testnet.binancefuture.com/fapi/v1/openOrders | params: {'timestamp': 1776786372606, 'recvWindow': 5000}
2026-04-21 21:16:12 | DEBUG    | bot.client | GET https://testnet.binancefuture.com/fapi/v2/balance | params: {'timestamp': 1776786372606, 'recvWindow': 5000}
2026-04-21 21:16:15 | DEBUG    | bot.client | Response [200]: [{'accountAlias': 'oCmYSgSgfWmYsR', 'asset': 'FDUSD', 'balance': '0.00000000', 'crossWalletBalance': '0.00000000', 'crossUnPnl': '0.00000000', 'availableBalance': '0.00000000', 'maxWithdrawAmount': '0.00000000', 'marginAvailable': True, 'updateTime': 0}, {'accountAlias': 'oCmYSgSgfWmYsR', 'asset': 'BNB', 'balance': '0.00000000', 'crossWalletBalance': '0.00000000', 'crossUnPnl': '0.00000000', 'availableBalance': '0.00000000', 'maxWithdrawAmount': '0.00000000', 'marginAvailable': True, 'updateTime': 0}, {'accountAlias': 'oCmYSgSgfWmYsR', 'asset': 'ETH', 'balance': '0.00000000', 'crossWalletBalance': '0.00000000', 'crossUnPnl': '0.00000000', 'availableBalance': '0.00000000', 'maxWithdrawAmount': '0.00000000', 'marginAvailable': True, 'updateTime': 0}, {'accountAlias': 'oCmYSgSgfWmYsR', 'asset': 'BTC', 'balance': '0.01000000', 'crossWalletBalance': '0.01000000', 'crossUnPnl': '0.00000000', 'availableBalance': '0.01000000', 'maxWithdrawAmount': '0.01000000', 'marginAvailable': True, 'updateTime': 1776777601189}, {'accountAlias': 'oCmYSgSgfWmYsR', 'asset': 'USDT', 'balance': '4966.30688552', 'crossWalletBalance': '4966.30688552', 'crossUnPnl': '22.29008669', 'availableBalance': '1229.55188426', 'maxWithdrawAmount': '1229.55188426', 'marginAvailable': True, 'updateTime': 1776786213751}, {'accountAlias': 'oCmYSgSgfWmYsR', 'asset': 'USDC', 'balance': '5000.00000000', 'crossWalletBalance': '5000.00000000', 'crossUnPnl': '0.00000000', 'availableBalance': '5000.00000000', 'maxWithdrawAmount': '5000.00000000', 'marginAvailable': True, 'updateTime': 1776777601169}]
2026-04-21 21:16:15 | DEBUG    | bot.client | Response [200]: []
2026-04-21 21:16:17 | INFO     | bot.orders | Fetching open orders (symbol=ALL)
2026-04-21 21:16:17 | INFO     | bot.orders | Fetching USDT account balance
2026-04-21 21:16:17 | DEBUG    | bot.client | GET https://testnet.binancefuture.com/fapi/v1/openOrders | params: {'timestamp': 1776786377599, 'recvWindow': 5000}
2026-04-21 21:16:17 | DEBUG    | bot.client | GET https://testnet.binancefuture.com/fapi/v2/balance | params: {'timestamp': 1776786377599, 'recvWindow': 5000}
2026-04-21 21:16:18 | DEBUG    | bot.client | Response [200]: []
2026-04-21 21:16:18 | DEBUG    | bot.client | Response [200]: [{'accountAlias': 'oCmYSgSgfWmYsR', 'asset': 'FDUSD', 'balance': '0.00000000', 'crossWalletBalance': '0.00000000', 'crossUnPnl': '0.00000000', 'availableBalance': '0.00000000', 'maxWithdrawAmount': '0.00000000', 'marginAvailable': True, 'updateTime': 0}, {'accountAlias': 'oCmYSgSgfWmYsR', 'asset': 'BNB', 'balance': '0.00000000', 'crossWalletBalance': '0.00000000', 'crossUnPnl': '0.00000000', 'availableBalance': '0.00000000', 'maxWithdrawAmount': '0.00000000', 'marginAvailable': True, 'updateTime': 0}, {'accountAlias': 'oCmYSgSgfWmYsR', 'asset': 'ETH', 'balance': '0.00000000', 'crossWalletBalance': '0.00000000', 'crossUnPnl': '0.00000000', 'availableBalance': '0.00000000', 'maxWithdrawAmount': '0.00000000', 'marginAvailable': True, 'updateTime': 0}, {'accountAlias': 'oCmYSgSgfWmYsR', 'asset': 'BTC', 'balance': '0.01000000', 'crossWalletBalance': '0.01000000', 'crossUnPnl': '0.00000000', 'availableBalance': '0.01000000', 'maxWithdrawAmount': '0.01000000', 'marginAvailable': True, 'updateTime': 1776777601189}, {'accountAlias': 'oCmYSgSgfWmYsR', 'asset': 'USDT', 'balance': '4966.30688552', 'crossWalletBalance': '4966.30688552', 'crossUnPnl': '22.77094060', 'availableBalance': '1229.57592696', 'maxWithdrawAmount': '1229.57592696', 'marginAvailable': True, 'updateTime': 1776786213751}, {'accountAlias': 'oCmYSgSgfWmYsR', 'asset': 'USDC', 'balance': '5000.00000000', 'crossWalletBalance': '5000.00000000', 'crossUnPnl': '0.00000000', 'availableBalance': '5000.00000000', 'maxWithdrawAmount': '5000.00000000', 'marginAvailable': True, 'updateTime': 1776777601169}]
2026-04-21 21:16:19 | INFO     | bot.orders | Fetching open orders (symbol=ALL)
2026-04-21 21:16:19 | INFO     | bot.orders | Fetching USDT account balance
2026-04-21 21:16:19 | DEBUG    | bot.client | GET https://testnet.binancefuture.com/fapi/v1/openOrders | params: {'timestamp': 1776786379605, 'recvWindow': 5000}
2026-04-21 21:16:19 | DEBUG    | bot.client | GET https://testnet.binancefuture.com/fapi/v2/balance | params: {'timestamp': 1776786379605, 'recvWindow': 5000}
2026-04-21 21:16:23 | DEBUG    | bot.client | Response [200]: []
2026-04-21 21:16:23 | INFO     | bot.orders | Fetching open orders (symbol=ALL)
2026-04-21 21:16:23 | DEBUG    | bot.client | GET https://testnet.binancefuture.com/fapi/v1/openOrders | params: {'timestamp': 1776786383906, 'recvWindow': 5000}
2026-04-21 21:16:23 | DEBUG    | bot.client | Response [200]: [{'accountAlias': 'oCmYSgSgfWmYsR', 'asset': 'FDUSD', 'balance': '0.00000000', 'crossWalletBalance': '0.00000000', 'crossUnPnl': '0.00000000', 'availableBalance': '0.00000000', 'maxWithdrawAmount': '0.00000000', 'marginAvailable': True, 'updateTime': 0}, {'accountAlias': 'oCmYSgSgfWmYsR', 'asset': 'BNB', 'balance': '0.00000000', 'crossWalletBalance': '0.00000000', 'crossUnPnl': '0.00000000', 'availableBalance': '0.00000000', 'maxWithdrawAmount': '0.00000000', 'marginAvailable': True, 'updateTime': 0}, {'accountAlias': 'oCmYSgSgfWmYsR', 'asset': 'ETH', 'balance': '0.00000000', 'crossWalletBalance': '0.00000000', 'crossUnPnl': '0.00000000', 'availableBalance': '0.00000000', 'maxWithdrawAmount': '0.00000000', 'marginAvailable': True, 'updateTime': 0}, {'accountAlias': 'oCmYSgSgfWmYsR', 'asset': 'BTC', 'balance': '0.01000000', 'crossWalletBalance': '0.01000000', 'crossUnPnl': '0.00000000', 'availableBalance': '0.01000000', 'maxWithdrawAmount': '0.01000000', 'marginAvailable': True, 'updateTime': 1776777601189}, {'accountAlias': 'oCmYSgSgfWmYsR', 'asset': 'USDT', 'balance': '4966.30688552', 'crossWalletBalance': '4966.30688552', 'crossUnPnl': '29.29124745', 'availableBalance': '1228.72954230', 'maxWithdrawAmount': '1228.72954230', 'marginAvailable': True, 'updateTime': 1776786213751}, {'accountAlias': 'oCmYSgSgfWmYsR', 'asset': 'USDC', 'balance': '5000.00000000', 'crossWalletBalance': '5000.00000000', 'crossUnPnl': '0.00000000', 'availableBalance': '5000.00000000', 'maxWithdrawAmount': '5000.00000000', 'marginAvailable': True, 'updateTime': 1776777601169}]
2026-04-21 21:16:23 | INFO     | bot.orders | Fetching USDT account balance
2026-04-21 21:16:23 | DEBUG    | bot.client | GET https://testnet.binancefuture.com/fapi/v2/balance | params: {'timestamp': 1776786383949, 'recvWindow': 5000}
2026-04-21 21:16:24 | DEBUG    | bot.client | Response [200]: []
2026-04-21 21:16:25 | DEBUG    | bot.client | Response [200]: [{'accountAlias': 'oCmYSgSgfWmYsR', 'asset': 'FDUSD', 'balance': '0.00000000', 'crossWalletBalance': '0.00000000', 'crossUnPnl': '0.00000000', 'availableBalance': '0.00000000', 'maxWithdrawAmount': '0.00000000', 'marginAvailable': True, 'updateTime': 0}, {'accountAlias': 'oCmYSgSgfWmYsR', 'asset': 'BNB', 'balance': '0.00000000', 'crossWalletBalance': '0.00000000', 'crossUnPnl': '0.00000000', 'availableBalance': '0.00000000', 'maxWithdrawAmount': '0.00000000', 'marginAvailable': True, 'updateTime': 0}, {'accountAlias': 'oCmYSgSgfWmYsR', 'asset': 'ETH', 'balance': '0.00000000', 'crossWalletBalance': '0.00000000', 'crossUnPnl': '0.00000000', 'availableBalance': '0.00000000', 'maxWithdrawAmount': '0.00000000', 'marginAvailable': True, 'updateTime': 0}, {'accountAlias': 'oCmYSgSgfWmYsR', 'asset': 'BTC', 'balance': '0.01000000', 'crossWalletBalance': '0.01000000', 'crossUnPnl': '0.00000000', 'availableBalance': '0.01000000', 'maxWithdrawAmount': '0.01000000', 'marginAvailable': True, 'updateTime': 1776777601189}, {'accountAlias': 'oCmYSgSgfWmYsR', 'asset': 'USDT', 'balance': '4966.30688552', 'crossWalletBalance': '4966.30688552', 'crossUnPnl': '30.40842571', 'availableBalance': '1246.37140122', 'maxWithdrawAmount': '1246.37140122', 'marginAvailable': True, 'updateTime': 1776786213751}, {'accountAlias': 'oCmYSgSgfWmYsR', 'asset': 'USDC', 'balance': '5000.00000000', 'crossWalletBalance': '5000.00000000', 'crossUnPnl': '0.00000000', 'availableBalance': '5000.00000000', 'maxWithdrawAmount': '5000.00000000', 'marginAvailable': True, 'updateTime': 1776777601169}]
2026-04-21 21:16:27 | INFO     | bot.orders | Fetching open orders (symbol=ALL)
2026-04-21 21:16:27 | INFO     | bot.orders | Fetching USDT account balance
2026-04-21 21:16:27 | DEBUG    | bot.client | GET https://testnet.binancefuture.com/fapi/v1/openOrders | params: {'timestamp': 1776786387616, 'recvWindow': 5000}
2026-04-21 21:16:27 | DEBUG    | bot.client | GET https://testnet.binancefuture.com/fapi/v2/balance | params: {'timestamp': 1776786387617, 'recvWindow': 5000}
2026-04-21 21:16:28 | DEBUG    | bot.client | Response [200]: []
2026-04-21 21:16:28 | DEBUG    | bot.client | Response [200]: [{'accountAlias': 'oCmYSgSgfWmYsR', 'asset': 'FDUSD', 'balance': '0.00000000', 'crossWalletBalance': '0.00000000', 'crossUnPnl': '0.00000000', 'availableBalance': '0.00000000', 'maxWithdrawAmount': '0.00000000', 'marginAvailable': True, 'updateTime': 0}, {'accountAlias': 'oCmYSgSgfWmYsR', 'asset': 'BNB', 'balance': '0.00000000', 'crossWalletBalance': '0.00000000', 'crossUnPnl': '0.00000000', 'availableBalance': '0.00000000', 'maxWithdrawAmount': '0.00000000', 'marginAvailable': True, 'updateTime': 0}, {'accountAlias': 'oCmYSgSgfWmYsR', 'asset': 'ETH', 'balance': '0.00000000', 'crossWalletBalance': '0.00000000', 'crossUnPnl': '0.00000000', 'availableBalance': '0.00000000', 'maxWithdrawAmount': '0.00000000', 'marginAvailable': True, 'updateTime': 0}, {'accountAlias': 'oCmYSgSgfWmYsR', 'asset': 'BTC', 'balance': '0.01000000', 'crossWalletBalance': '0.01000000', 'crossUnPnl': '0.00000000', 'availableBalance': '0.01000000', 'maxWithdrawAmount': '0.01000000', 'marginAvailable': True, 'updateTime': 1776777601189}, {'accountAlias': 'oCmYSgSgfWmYsR', 'asset': 'USDT', 'balance': '4966.30688552', 'crossWalletBalance': '4966.30688552', 'crossUnPnl': '30.89322656', 'availableBalance': '1246.39564126', 'maxWithdrawAmount': '1246.39564126', 'marginAvailable': True, 'updateTime': 1776786213751}, {'accountAlias': 'oCmYSgSgfWmYsR', 'asset': 'USDC', 'balance': '5000.00000000', 'crossWalletBalance': '5000.00000000', 'crossUnPnl': '0.00000000', 'availableBalance': '5000.00000000', 'maxWithdrawAmount': '5000.00000000', 'marginAvailable': True, 'updateTime': 1776777601169}]
2026-04-21 21:16:32 | INFO     | bot.orders | Fetching open orders (symbol=ALL)
2026-04-21 21:16:32 | INFO     | bot.orders | Fetching USDT account balance
2026-04-21 21:16:32 | DEBUG    | bot.client | GET https://testnet.binancefuture.com/fapi/v1/openOrders | params: {'timestamp': 1776786392611, 'recvWindow': 5000}
2026-04-21 21:16:32 | DEBUG    | bot.client | GET https://testnet.binancefuture.com/fapi/v2/balance | params: {'timestamp': 1776786392612, 'recvWindow': 5000}
2026-04-21 21:16:34 | DEBUG    | bot.client | Response [200]: []
2026-04-21 21:16:34 | DEBUG    | bot.client | Response [200]: [{'accountAlias': 'oCmYSgSgfWmYsR', 'asset': 'FDUSD', 'balance': '0.00000000', 'crossWalletBalance': '0.00000000', 'crossUnPnl': '0.00000000', 'availableBalance': '0.00000000', 'maxWithdrawAmount': '0.00000000', 'marginAvailable': True, 'updateTime': 0}, {'accountAlias': 'oCmYSgSgfWmYsR', 'asset': 'BNB', 'balance': '0.00000000', 'crossWalletBalance': '0.00000000', 'crossUnPnl': '0.00000000', 'availableBalance': '0.00000000', 'maxWithdrawAmount': '0.00000000', 'marginAvailable': True, 'updateTime': 0}, {'accountAlias': 'oCmYSgSgfWmYsR', 'asset': 'ETH', 'balance': '0.00000000', 'crossWalletBalance': '0.00000000', 'crossUnPnl': '0.00000000', 'availableBalance': '0.00000000', 'maxWithdrawAmount': '0.00000000', 'marginAvailable': True, 'updateTime': 0}, {'accountAlias': 'oCmYSgSgfWmYsR', 'asset': 'BTC', 'balance': '0.01000000', 'crossWalletBalance': '0.01000000', 'crossUnPnl': '0.00000000', 'availableBalance': '0.01000000', 'maxWithdrawAmount': '0.01000000', 'marginAvailable': True, 'updateTime': 1776777601189}, {'accountAlias': 'oCmYSgSgfWmYsR', 'asset': 'USDT', 'balance': '4966.30688552', 'crossWalletBalance': '4966.30688552', 'crossUnPnl': '36.59773841', 'availableBalance': '1230.36496685', 'maxWithdrawAmount': '1230.36496685', 'marginAvailable': True, 'updateTime': 1776786213751}, {'accountAlias': 'oCmYSgSgfWmYsR', 'asset': 'USDC', 'balance': '5000.00000000', 'crossWalletBalance': '5000.00000000', 'crossUnPnl': '0.00000000', 'availableBalance': '5000.00000000', 'maxWithdrawAmount': '5000.00000000', 'marginAvailable': True, 'updateTime': 1776777601169}]
2026-04-21 21:16:37 | INFO     | bot.orders | Fetching open orders (symbol=ALL)
2026-04-21 21:16:37 | INFO     | bot.orders | Fetching USDT account balance
2026-04-21 21:16:37 | DEBUG    | bot.client | GET https://testnet.binancefuture.com/fapi/v1/openOrders | params: {'timestamp': 1776786397602, 'recvWindow': 5000}
2026-04-21 21:16:37 | DEBUG    | bot.client | GET https://testnet.binancefuture.com/fapi/v2/balance | params: {'timestamp': 1776786397602, 'recvWindow': 5000}
2026-04-21 21:16:38 | DEBUG    | bot.client | Response [200]: []
2026-04-21 21:16:38 | DEBUG    | bot.client | Response [200]: [{'accountAlias': 'oCmYSgSgfWmYsR', 'asset': 'FDUSD', 'balance': '0.00000000', 'crossWalletBalance': '0.00000000', 'crossUnPnl': '0.00000000', 'availableBalance': '0.00000000', 'maxWithdrawAmount': '0.00000000', 'marginAvailable': True, 'updateTime': 0}, {'accountAlias': 'oCmYSgSgfWmYsR', 'asset': 'BNB', 'balance': '0.00000000', 'crossWalletBalance': '0.00000000', 'crossUnPnl': '0.00000000', 'availableBalance': '0.00000000', 'maxWithdrawAmount': '0.00000000', 'marginAvailable': True, 'updateTime': 0}, {'accountAlias': 'oCmYSgSgfWmYsR', 'asset': 'ETH', 'balance': '0.00000000', 'crossWalletBalance': '0.00000000', 'crossUnPnl': '0.00000000', 'availableBalance': '0.00000000', 'maxWithdrawAmount': '0.00000000', 'marginAvailable': True, 'updateTime': 0}, {'accountAlias': 'oCmYSgSgfWmYsR', 'asset': 'BTC', 'balance': '0.01000000', 'crossWalletBalance': '0.01000000', 'crossUnPnl': '0.00000000', 'availableBalance': '0.01000000', 'maxWithdrawAmount': '0.01000000', 'marginAvailable': True, 'updateTime': 1776777601189}, {'accountAlias': 'oCmYSgSgfWmYsR', 'asset': 'USDT', 'balance': '4966.30688552', 'crossWalletBalance': '4966.30688552', 'crossUnPnl': '31.73546428', 'availableBalance': '1230.12185314', 'maxWithdrawAmount': '1230.12185314', 'marginAvailable': True, 'updateTime': 1776786213751}, {'accountAlias': 'oCmYSgSgfWmYsR', 'asset': 'USDC', 'balance': '5000.00000000', 'crossWalletBalance': '5000.00000000', 'crossUnPnl': '0.00000000', 'availableBalance': '5000.00000000', 'maxWithdrawAmount': '5000.00000000', 'marginAvailable': True, 'updateTime': 1776777601169}]
2026-04-21 21:16:42 | INFO     | bot.orders | Fetching USDT account balance
2026-04-21 21:16:42 | INFO     | bot.orders | Fetching open orders (symbol=ALL)
2026-04-21 21:16:42 | DEBUG    | bot.client | GET https://testnet.binancefuture.com/fapi/v2/balance | params: {'timestamp': 1776786402609, 'recvWindow': 5000}
2026-04-21 21:16:42 | DEBUG    | bot.client | GET https://testnet.binancefuture.com/fapi/v1/openOrders | params: {'timestamp': 1776786402609, 'recvWindow': 5000}
2026-04-21 21:16:45 | DEBUG    | bot.client | Response [200]: [{'accountAlias': 'oCmYSgSgfWmYsR', 'asset': 'FDUSD', 'balance': '0.00000000', 'crossWalletBalance': '0.00000000', 'crossUnPnl': '0.00000000', 'availableBalance': '0.00000000', 'maxWithdrawAmount': '0.00000000', 'marginAvailable': True, 'updateTime': 0}, {'accountAlias': 'oCmYSgSgfWmYsR', 'asset': 'BNB', 'balance': '0.00000000', 'crossWalletBalance': '0.00000000', 'crossUnPnl': '0.00000000', 'availableBalance': '0.00000000', 'maxWithdrawAmount': '0.00000000', 'marginAvailable': True, 'updateTime': 0}, {'accountAlias': 'oCmYSgSgfWmYsR', 'asset': 'ETH', 'balance': '0.00000000', 'crossWalletBalance': '0.00000000', 'crossUnPnl': '0.00000000', 'availableBalance': '0.00000000', 'maxWithdrawAmount': '0.00000000', 'marginAvailable': True, 'updateTime': 0}, {'accountAlias': 'oCmYSgSgfWmYsR', 'asset': 'BTC', 'balance': '0.01000000', 'crossWalletBalance': '0.01000000', 'crossUnPnl': '0.00000000', 'availableBalance': '0.01000000', 'maxWithdrawAmount': '0.01000000', 'marginAvailable': True, 'updateTime': 1776777601189}, {'accountAlias': 'oCmYSgSgfWmYsR', 'asset': 'USDT', 'balance': '4966.30688552', 'crossWalletBalance': '4966.30688552', 'crossUnPnl': '31.84652723', 'availableBalance': '1246.44330629', 'maxWithdrawAmount': '1246.44330629', 'marginAvailable': True, 'updateTime': 1776786213751}, {'accountAlias': 'oCmYSgSgfWmYsR', 'asset': 'USDC', 'balance': '5000.00000000', 'crossWalletBalance': '5000.00000000', 'crossUnPnl': '0.00000000', 'availableBalance': '5000.00000000', 'maxWithdrawAmount': '5000.00000000', 'marginAvailable': True, 'updateTime': 1776777601169}]
2026-04-21 21:16:45 | DEBUG    | bot.client | Response [200]: []
2026-04-21 21:16:47 | INFO     | bot.orders | Fetching open orders (symbol=ALL)
2026-04-21 21:16:47 | INFO     | bot.orders | Fetching USDT account balance
2026-04-21 21:16:47 | DEBUG    | bot.client | GET https://testnet.binancefuture.com/fapi/v1/openOrders | params: {'timestamp': 1776786407605, 'recvWindow': 5000}
2026-04-21 21:16:47 | DEBUG    | bot.client | GET https://testnet.binancefuture.com/fapi/v2/balance | params: {'timestamp': 1776786407605, 'recvWindow': 5000}
2026-04-21 21:16:48 | DEBUG    | bot.client | Response [200]: []
2026-04-21 21:16:49 | DEBUG    | bot.client | Response [200]: [{'accountAlias': 'oCmYSgSgfWmYsR', 'asset': 'FDUSD', 'balance': '0.00000000', 'crossWalletBalance': '0.00000000', 'crossUnPnl': '0.00000000', 'availableBalance': '0.00000000', 'maxWithdrawAmount': '0.00000000', 'marginAvailable': True, 'updateTime': 0}, {'accountAlias': 'oCmYSgSgfWmYsR', 'asset': 'BNB', 'balance': '0.00000000', 'crossWalletBalance': '0.00000000', 'crossUnPnl': '0.00000000', 'availableBalance': '0.00000000', 'maxWithdrawAmount': '0.00000000', 'marginAvailable': True, 'updateTime': 0}, {'accountAlias': 'oCmYSgSgfWmYsR', 'asset': 'ETH', 'balance': '0.00000000', 'crossWalletBalance': '0.00000000', 'crossUnPnl': '0.00000000', 'availableBalance': '0.00000000', 'maxWithdrawAmount': '0.00000000', 'marginAvailable': True, 'updateTime': 0}, {'accountAlias': 'oCmYSgSgfWmYsR', 'asset': 'BTC', 'balance': '0.01000000', 'crossWalletBalance': '0.01000000', 'crossUnPnl': '0.00000000', 'availableBalance': '0.01000000', 'maxWithdrawAmount': '0.01000000', 'marginAvailable': True, 'updateTime': 1776777601189}, {'accountAlias': 'oCmYSgSgfWmYsR', 'asset': 'USDT', 'balance': '4966.30688552', 'crossWalletBalance': '4966.30688552', 'crossUnPnl': '28.95296120', 'availableBalance': '1246.29862799', 'maxWithdrawAmount': '1246.29862799', 'marginAvailable': True, 'updateTime': 1776786213751}, {'accountAlias': 'oCmYSgSgfWmYsR', 'asset': 'USDC', 'balance': '5000.00000000', 'crossWalletBalance': '5000.00000000', 'crossUnPnl': '0.00000000', 'availableBalance': '5000.00000000', 'maxWithdrawAmount': '5000.00000000', 'marginAvailable': True, 'updateTime': 1776777601169}]
2026-04-21 21:16:52 | INFO     | bot.orders | Fetching USDT account balance
2026-04-21 21:16:52 | DEBUG    | bot.client | GET https://testnet.binancefuture.com/fapi/v2/balance | params: {'timestamp': 1776786412610, 'recvWindow': 5000}
2026-04-21 21:16:52 | INFO     | bot.orders | Fetching open orders (symbol=ALL)
2026-04-21 21:16:52 | DEBUG    | bot.client | GET https://testnet.binancefuture.com/fapi/v1/openOrders | params: {'timestamp': 1776786412611, 'recvWindow': 5000}
2026-04-21 21:16:53 | DEBUG    | bot.client | Response [200]: []
2026-04-21 21:16:53 | DEBUG    | bot.client | Response [200]: [{'accountAlias': 'oCmYSgSgfWmYsR', 'asset': 'FDUSD', 'balance': '0.00000000', 'crossWalletBalance': '0.00000000', 'crossUnPnl': '0.00000000', 'availableBalance': '0.00000000', 'maxWithdrawAmount': '0.00000000', 'marginAvailable': True, 'updateTime': 0}, {'accountAlias': 'oCmYSgSgfWmYsR', 'asset': 'BNB', 'balance': '0.00000000', 'crossWalletBalance': '0.00000000', 'crossUnPnl': '0.00000000', 'availableBalance': '0.00000000', 'maxWithdrawAmount': '0.00000000', 'marginAvailable': True, 'updateTime': 0}, {'accountAlias': 'oCmYSgSgfWmYsR', 'asset': 'ETH', 'balance': '0.00000000', 'crossWalletBalance': '0.00000000', 'crossUnPnl': '0.00000000', 'availableBalance': '0.00000000', 'maxWithdrawAmount': '0.00000000', 'marginAvailable': True, 'updateTime': 0}, {'accountAlias': 'oCmYSgSgfWmYsR', 'asset': 'BTC', 'balance': '0.01000000', 'crossWalletBalance': '0.01000000', 'crossUnPnl': '0.00000000', 'availableBalance': '0.01000000', 'maxWithdrawAmount': '0.01000000', 'marginAvailable': True, 'updateTime': 1776777601189}, {'accountAlias': 'oCmYSgSgfWmYsR', 'asset': 'USDT', 'balance': '4966.30688552', 'crossWalletBalance': '4966.30688552', 'crossUnPnl': '8.95817832', 'availableBalance': '1245.29888885', 'maxWithdrawAmount': '1245.29888885', 'marginAvailable': True, 'updateTime': 1776786213751}, {'accountAlias': 'oCmYSgSgfWmYsR', 'asset': 'USDC', 'balance': '5000.00000000', 'crossWalletBalance': '5000.00000000', 'crossUnPnl': '0.00000000', 'availableBalance': '5000.00000000', 'maxWithdrawAmount': '5000.00000000', 'marginAvailable': True, 'updateTime': 1776777601169}]
2026-04-21 21:17:19 | INFO     | bot.orders | Fetching USDT account balance
2026-04-21 21:17:19 | INFO     | bot.orders | Fetching open orders (symbol=ALL)
2026-04-21 21:17:19 | DEBUG    | bot.client | GET https://testnet.binancefuture.com/fapi/v2/balance | params: {'timestamp': 1776786439599, 'recvWindow': 5000}
2026-04-21 21:17:19 | DEBUG    | bot.client | GET https://testnet.binancefuture.com/fapi/v1/openOrders | params: {'timestamp': 1776786439599, 'recvWindow': 5000}
2026-04-21 21:17:20 | DEBUG    | bot.client | Response [200]: []
2026-04-21 21:17:20 | INFO     | bot.orders | Fetching open orders (symbol=ALL)
2026-04-21 21:17:20 | DEBUG    | bot.client | GET https://testnet.binancefuture.com/fapi/v1/openOrders | params: {'timestamp': 1776786440705, 'recvWindow': 5000}
2026-04-21 21:17:21 | DEBUG    | bot.client | Response [200]: [{'accountAlias': 'oCmYSgSgfWmYsR', 'asset': 'FDUSD', 'balance': '0.00000000', 'crossWalletBalance': '0.00000000', 'crossUnPnl': '0.00000000', 'availableBalance': '0.00000000', 'maxWithdrawAmount': '0.00000000', 'marginAvailable': True, 'updateTime': 0}, {'accountAlias': 'oCmYSgSgfWmYsR', 'asset': 'BNB', 'balance': '0.00000000', 'crossWalletBalance': '0.00000000', 'crossUnPnl': '0.00000000', 'availableBalance': '0.00000000', 'maxWithdrawAmount': '0.00000000', 'marginAvailable': True, 'updateTime': 0}, {'accountAlias': 'oCmYSgSgfWmYsR', 'asset': 'ETH', 'balance': '0.00000000', 'crossWalletBalance': '0.00000000', 'crossUnPnl': '0.00000000', 'availableBalance': '0.00000000', 'maxWithdrawAmount': '0.00000000', 'marginAvailable': True, 'updateTime': 0}, {'accountAlias': 'oCmYSgSgfWmYsR', 'asset': 'BTC', 'balance': '0.01000000', 'crossWalletBalance': '0.01000000', 'crossUnPnl': '0.00000000', 'availableBalance': '0.01000000', 'maxWithdrawAmount': '0.01000000', 'marginAvailable': True, 'updateTime': 1776777601189}, {'accountAlias': 'oCmYSgSgfWmYsR', 'asset': 'USDT', 'balance': '4966.30688552', 'crossWalletBalance': '4966.30688552', 'crossUnPnl': '-15.27142167', 'availableBalance': '1232.75420885', 'maxWithdrawAmount': '1232.75420885', 'marginAvailable': True, 'updateTime': 1776786213751}, {'accountAlias': 'oCmYSgSgfWmYsR', 'asset': 'USDC', 'balance': '5000.00000000', 'crossWalletBalance': '5000.00000000', 'crossUnPnl': '0.00000000', 'availableBalance': '5000.00000000', 'maxWithdrawAmount': '5000.00000000', 'marginAvailable': True, 'updateTime': 1776777601169}]
2026-04-21 21:17:21 | INFO     | bot.orders | Fetching USDT account balance
2026-04-21 21:17:21 | DEBUG    | bot.client | GET https://testnet.binancefuture.com/fapi/v2/balance | params: {'timestamp': 1776786441522, 'recvWindow': 5000}
2026-04-21 21:17:22 | DEBUG    | bot.client | Response [200]: []
2026-04-21 21:17:23 | DEBUG    | bot.client | Response [200]: [{'accountAlias': 'oCmYSgSgfWmYsR', 'asset': 'FDUSD', 'balance': '0.00000000', 'crossWalletBalance': '0.00000000', 'crossUnPnl': '0.00000000', 'availableBalance': '0.00000000', 'maxWithdrawAmount': '0.00000000', 'marginAvailable': True, 'updateTime': 0}, {'accountAlias': 'oCmYSgSgfWmYsR', 'asset': 'BNB', 'balance': '0.00000000', 'crossWalletBalance': '0.00000000', 'crossUnPnl': '0.00000000', 'availableBalance': '0.00000000', 'maxWithdrawAmount': '0.00000000', 'marginAvailable': True, 'updateTime': 0}, {'accountAlias': 'oCmYSgSgfWmYsR', 'asset': 'ETH', 'balance': '0.00000000', 'crossWalletBalance': '0.00000000', 'crossUnPnl': '0.00000000', 'availableBalance': '0.00000000', 'maxWithdrawAmount': '0.00000000', 'marginAvailable': True, 'updateTime': 0}, {'accountAlias': 'oCmYSgSgfWmYsR', 'asset': 'BTC', 'balance': '0.01000000', 'crossWalletBalance': '0.01000000', 'crossUnPnl': '0.00000000', 'availableBalance': '0.01000000', 'maxWithdrawAmount': '0.01000000', 'marginAvailable': True, 'updateTime': 1776777601189}, {'accountAlias': 'oCmYSgSgfWmYsR', 'asset': 'USDT', 'balance': '4966.30688552', 'crossWalletBalance': '4966.30688552', 'crossUnPnl': '-15.27142167', 'availableBalance': '1243.98970885', 'maxWithdrawAmount': '1243.98970885', 'marginAvailable': True, 'updateTime': 1776786213751}, {'accountAlias': 'oCmYSgSgfWmYsR', 'asset': 'USDC', 'balance': '5000.00000000', 'crossWalletBalance': '5000.00000000', 'crossUnPnl': '0.00000000', 'availableBalance': '5000.00000000', 'maxWithdrawAmount': '5000.00000000', 'marginAvailable': True, 'updateTime': 1776777601169}]
2026-04-21 21:18:11 | INFO     | bot.orders | Fetching USDT account balance
2026-04-21 21:18:11 | INFO     | bot.orders | Fetching open orders (symbol=ALL)
2026-04-21 21:18:11 | DEBUG    | bot.client | GET https://testnet.binancefuture.com/fapi/v2/balance | params: {'timestamp': 1776786491920, 'recvWindow': 5000}
2026-04-21 21:18:11 | DEBUG    | bot.client | GET https://testnet.binancefuture.com/fapi/v1/openOrders | params: {'timestamp': 1776786491921, 'recvWindow': 5000}
2026-04-21 21:18:13 | DEBUG    | bot.client | Response [200]: [{'accountAlias': 'oCmYSgSgfWmYsR', 'asset': 'FDUSD', 'balance': '0.00000000', 'crossWalletBalance': '0.00000000', 'crossUnPnl': '0.00000000', 'availableBalance': '0.00000000', 'maxWithdrawAmount': '0.00000000', 'marginAvailable': True, 'updateTime': 0}, {'accountAlias': 'oCmYSgSgfWmYsR', 'asset': 'BNB', 'balance': '0.00000000', 'crossWalletBalance': '0.00000000', 'crossUnPnl': '0.00000000', 'availableBalance': '0.00000000', 'maxWithdrawAmount': '0.00000000', 'marginAvailable': True, 'updateTime': 0}, {'accountAlias': 'oCmYSgSgfWmYsR', 'asset': 'ETH', 'balance': '0.00000000', 'crossWalletBalance': '0.00000000', 'crossUnPnl': '0.00000000', 'availableBalance': '0.00000000', 'maxWithdrawAmount': '0.00000000', 'marginAvailable': True, 'updateTime': 0}, {'accountAlias': 'oCmYSgSgfWmYsR', 'asset': 'BTC', 'balance': '0.01000000', 'crossWalletBalance': '0.01000000', 'crossUnPnl': '0.00000000', 'availableBalance': '0.01000000', 'maxWithdrawAmount': '0.01000000', 'marginAvailable': True, 'updateTime': 1776777601189}, {'accountAlias': 'oCmYSgSgfWmYsR', 'asset': 'USDT', 'balance': '4966.30688552', 'crossWalletBalance': '4966.30688552', 'crossUnPnl': '-44.57192199', 'availableBalance': '1222.79878351', 'maxWithdrawAmount': '1222.79878351', 'marginAvailable': True, 'updateTime': 1776786213751}, {'accountAlias': 'oCmYSgSgfWmYsR', 'asset': 'USDC', 'balance': '5000.00000000', 'crossWalletBalance': '5000.00000000', 'crossUnPnl': '0.00000000', 'availableBalance': '5000.00000000', 'maxWithdrawAmount': '5000.00000000', 'marginAvailable': True, 'updateTime': 1776777601169}]
2026-04-21 21:18:13 | DEBUG    | bot.client | Response [200]: []
2026-04-21 21:18:16 | INFO     | bot.orders | Fetching USDT account balance
2026-04-21 21:18:16 | INFO     | bot.orders | Fetching open orders (symbol=ALL)
2026-04-21 21:18:16 | DEBUG    | bot.client | GET https://testnet.binancefuture.com/fapi/v2/balance | params: {'timestamp': 1776786496848, 'recvWindow': 5000}
2026-04-21 21:18:16 | DEBUG    | bot.client | GET https://testnet.binancefuture.com/fapi/v1/openOrders | params: {'timestamp': 1776786496848, 'recvWindow': 5000}
2026-04-21 21:18:18 | DEBUG    | bot.client | Response [200]: [{'accountAlias': 'oCmYSgSgfWmYsR', 'asset': 'FDUSD', 'balance': '0.00000000', 'crossWalletBalance': '0.00000000', 'crossUnPnl': '0.00000000', 'availableBalance': '0.00000000', 'maxWithdrawAmount': '0.00000000', 'marginAvailable': True, 'updateTime': 0}, {'accountAlias': 'oCmYSgSgfWmYsR', 'asset': 'BNB', 'balance': '0.00000000', 'crossWalletBalance': '0.00000000', 'crossUnPnl': '0.00000000', 'availableBalance': '0.00000000', 'maxWithdrawAmount': '0.00000000', 'marginAvailable': True, 'updateTime': 0}, {'accountAlias': 'oCmYSgSgfWmYsR', 'asset': 'ETH', 'balance': '0.00000000', 'crossWalletBalance': '0.00000000', 'crossUnPnl': '0.00000000', 'availableBalance': '0.00000000', 'maxWithdrawAmount': '0.00000000', 'marginAvailable': True, 'updateTime': 0}, {'accountAlias': 'oCmYSgSgfWmYsR', 'asset': 'BTC', 'balance': '0.01000000', 'crossWalletBalance': '0.01000000', 'crossUnPnl': '0.00000000', 'availableBalance': '0.01000000', 'maxWithdrawAmount': '0.01000000', 'marginAvailable': True, 'updateTime': 1776777601189}, {'accountAlias': 'oCmYSgSgfWmYsR', 'asset': 'USDT', 'balance': '4966.30688552', 'crossWalletBalance': '4966.30688552', 'crossUnPnl': '-54.84344383', 'availableBalance': '1212.01368558', 'maxWithdrawAmount': '1212.01368558', 'marginAvailable': True, 'updateTime': 1776786213751}, {'accountAlias': 'oCmYSgSgfWmYsR', 'asset': 'USDC', 'balance': '5000.00000000', 'crossWalletBalance': '5000.00000000', 'crossUnPnl': '0.00000000', 'availableBalance': '5000.00000000', 'maxWithdrawAmount': '5000.00000000', 'marginAvailable': True, 'updateTime': 1776777601169}]
2026-04-21 21:18:18 | DEBUG    | bot.client | Response [200]: []
2026-04-21 21:18:19 | INFO     | bot.orders | Fetching open orders (symbol=ALL)
2026-04-21 21:18:19 | INFO     | bot.orders | Fetching USDT account balance
2026-04-21 21:18:19 | DEBUG    | bot.client | GET https://testnet.binancefuture.com/fapi/v1/openOrders | params: {'timestamp': 1776786499603, 'recvWindow': 5000}
2026-04-21 21:18:19 | DEBUG    | bot.client | GET https://testnet.binancefuture.com/fapi/v2/balance | params: {'timestamp': 1776786499603, 'recvWindow': 5000}
2026-04-21 21:18:21 | DEBUG    | bot.client | Response [200]: []
2026-04-21 21:18:21 | DEBUG    | bot.client | Response [200]: [{'accountAlias': 'oCmYSgSgfWmYsR', 'asset': 'FDUSD', 'balance': '0.00000000', 'crossWalletBalance': '0.00000000', 'crossUnPnl': '0.00000000', 'availableBalance': '0.00000000', 'maxWithdrawAmount': '0.00000000', 'marginAvailable': True, 'updateTime': 0}, {'accountAlias': 'oCmYSgSgfWmYsR', 'asset': 'BNB', 'balance': '0.00000000', 'crossWalletBalance': '0.00000000', 'crossUnPnl': '0.00000000', 'availableBalance': '0.00000000', 'maxWithdrawAmount': '0.00000000', 'marginAvailable': True, 'updateTime': 0}, {'accountAlias': 'oCmYSgSgfWmYsR', 'asset': 'ETH', 'balance': '0.00000000', 'crossWalletBalance': '0.00000000', 'crossUnPnl': '0.00000000', 'availableBalance': '0.00000000', 'maxWithdrawAmount': '0.00000000', 'marginAvailable': True, 'updateTime': 0}, {'accountAlias': 'oCmYSgSgfWmYsR', 'asset': 'BTC', 'balance': '0.01000000', 'crossWalletBalance': '0.01000000', 'crossUnPnl': '0.00000000', 'availableBalance': '0.01000000', 'maxWithdrawAmount': '0.01000000', 'marginAvailable': True, 'updateTime': 1776777601189}, {'accountAlias': 'oCmYSgSgfWmYsR', 'asset': 'USDT', 'balance': '4966.30688552', 'crossWalletBalance': '4966.30688552', 'crossUnPnl': '-51.60107818', 'availableBalance': '1215.41816951', 'maxWithdrawAmount': '1215.41816951', 'marginAvailable': True, 'updateTime': 1776786213751}, {'accountAlias': 'oCmYSgSgfWmYsR', 'asset': 'USDC', 'balance': '5000.00000000', 'crossWalletBalance': '5000.00000000', 'crossUnPnl': '0.00000000', 'availableBalance': '5000.00000000', 'maxWithdrawAmount': '5000.00000000', 'marginAvailable': True, 'updateTime': 1776777601169}]
2026-04-21 21:18:21 | INFO     | bot.orders | Fetching open orders (symbol=ALL)
2026-04-21 21:18:21 | INFO     | bot.orders | Fetching USDT account balance
2026-04-21 21:18:21 | DEBUG    | bot.client | GET https://testnet.binancefuture.com/fapi/v1/openOrders | params: {'timestamp': 1776786501846, 'recvWindow': 5000}
2026-04-21 21:18:21 | DEBUG    | bot.client | GET https://testnet.binancefuture.com/fapi/v2/balance | params: {'timestamp': 1776786501847, 'recvWindow': 5000}
2026-04-21 21:18:23 | DEBUG    | bot.client | Response [200]: [{'accountAlias': 'oCmYSgSgfWmYsR', 'asset': 'FDUSD', 'balance': '0.00000000', 'crossWalletBalance': '0.00000000', 'crossUnPnl': '0.00000000', 'availableBalance': '0.00000000', 'maxWithdrawAmount': '0.00000000', 'marginAvailable': True, 'updateTime': 0}, {'accountAlias': 'oCmYSgSgfWmYsR', 'asset': 'BNB', 'balance': '0.00000000', 'crossWalletBalance': '0.00000000', 'crossUnPnl': '0.00000000', 'availableBalance': '0.00000000', 'maxWithdrawAmount': '0.00000000', 'marginAvailable': True, 'updateTime': 0}, {'accountAlias': 'oCmYSgSgfWmYsR', 'asset': 'ETH', 'balance': '0.00000000', 'crossWalletBalance': '0.00000000', 'crossUnPnl': '0.00000000', 'availableBalance': '0.00000000', 'maxWithdrawAmount': '0.00000000', 'marginAvailable': True, 'updateTime': 0}, {'accountAlias': 'oCmYSgSgfWmYsR', 'asset': 'BTC', 'balance': '0.01000000', 'crossWalletBalance': '0.01000000', 'crossUnPnl': '0.00000000', 'availableBalance': '0.01000000', 'maxWithdrawAmount': '0.01000000', 'marginAvailable': True, 'updateTime': 1776777601189}, {'accountAlias': 'oCmYSgSgfWmYsR', 'asset': 'USDT', 'balance': '4966.30688552', 'crossWalletBalance': '4966.30688552', 'crossUnPnl': '-43.95596468', 'availableBalance': '1223.44553869', 'maxWithdrawAmount': '1223.44553869', 'marginAvailable': True, 'updateTime': 1776786213751}, {'accountAlias': 'oCmYSgSgfWmYsR', 'asset': 'USDC', 'balance': '5000.00000000', 'crossWalletBalance': '5000.00000000', 'crossUnPnl': '0.00000000', 'availableBalance': '5000.00000000', 'maxWithdrawAmount': '5000.00000000', 'marginAvailable': True, 'updateTime': 1776777601169}]
2026-04-21 21:18:23 | DEBUG    | bot.client | Response [200]: []
2026-04-21 21:18:26 | INFO     | bot.orders | Fetching USDT account balance
2026-04-21 21:18:26 | INFO     | bot.orders | Fetching open orders (symbol=ALL)
2026-04-21 21:18:26 | DEBUG    | bot.client | GET https://testnet.binancefuture.com/fapi/v2/balance | params: {'timestamp': 1776786506850, 'recvWindow': 5000}
2026-04-21 21:18:26 | DEBUG    | bot.client | GET https://testnet.binancefuture.com/fapi/v1/openOrders | params: {'timestamp': 1776786506850, 'recvWindow': 5000}
2026-04-21 21:18:28 | DEBUG    | bot.client | Response [200]: []
2026-04-21 21:18:28 | DEBUG    | bot.client | Response [200]: [{'accountAlias': 'oCmYSgSgfWmYsR', 'asset': 'FDUSD', 'balance': '0.00000000', 'crossWalletBalance': '0.00000000', 'crossUnPnl': '0.00000000', 'availableBalance': '0.00000000', 'maxWithdrawAmount': '0.00000000', 'marginAvailable': True, 'updateTime': 0}, {'accountAlias': 'oCmYSgSgfWmYsR', 'asset': 'BNB', 'balance': '0.00000000', 'crossWalletBalance': '0.00000000', 'crossUnPnl': '0.00000000', 'availableBalance': '0.00000000', 'maxWithdrawAmount': '0.00000000', 'marginAvailable': True, 'updateTime': 0}, {'accountAlias': 'oCmYSgSgfWmYsR', 'asset': 'ETH', 'balance': '0.00000000', 'crossWalletBalance': '0.00000000', 'crossUnPnl': '0.00000000', 'availableBalance': '0.00000000', 'maxWithdrawAmount': '0.00000000', 'marginAvailable': True, 'updateTime': 0}, {'accountAlias': 'oCmYSgSgfWmYsR', 'asset': 'BTC', 'balance': '0.01000000', 'crossWalletBalance': '0.01000000', 'crossUnPnl': '0.00000000', 'availableBalance': '0.01000000', 'maxWithdrawAmount': '0.01000000', 'marginAvailable': True, 'updateTime': 1776777601189}, {'accountAlias': 'oCmYSgSgfWmYsR', 'asset': 'USDT', 'balance': '4966.30688552', 'crossWalletBalance': '4966.30688552', 'crossUnPnl': '-33.54687925', 'availableBalance': '1234.37507839', 'maxWithdrawAmount': '1234.37507839', 'marginAvailable': True, 'updateTime': 1776786213751}, {'accountAlias': 'oCmYSgSgfWmYsR', 'asset': 'USDC', 'balance': '5000.00000000', 'crossWalletBalance': '5000.00000000', 'crossUnPnl': '0.00000000', 'availableBalance': '5000.00000000', 'maxWithdrawAmount': '5000.00000000', 'marginAvailable': True, 'updateTime': 1776777601169}]
2026-04-21 21:18:31 | INFO     | bot.orders | Fetching USDT account balance
2026-04-21 21:18:31 | INFO     | bot.orders | Fetching open orders (symbol=ALL)
2026-04-21 21:18:31 | DEBUG    | bot.client | GET https://testnet.binancefuture.com/fapi/v2/balance | params: {'timestamp': 1776786511846, 'recvWindow': 5000}
2026-04-21 21:18:31 | DEBUG    | bot.client | GET https://testnet.binancefuture.com/fapi/v1/openOrders | params: {'timestamp': 1776786511846, 'recvWindow': 5000}
2026-04-21 21:18:33 | DEBUG    | bot.client | Response [200]: [{'accountAlias': 'oCmYSgSgfWmYsR', 'asset': 'FDUSD', 'balance': '0.00000000', 'crossWalletBalance': '0.00000000', 'crossUnPnl': '0.00000000', 'availableBalance': '0.00000000', 'maxWithdrawAmount': '0.00000000', 'marginAvailable': True, 'updateTime': 0}, {'accountAlias': 'oCmYSgSgfWmYsR', 'asset': 'BNB', 'balance': '0.00000000', 'crossWalletBalance': '0.00000000', 'crossUnPnl': '0.00000000', 'availableBalance': '0.00000000', 'maxWithdrawAmount': '0.00000000', 'marginAvailable': True, 'updateTime': 0}, {'accountAlias': 'oCmYSgSgfWmYsR', 'asset': 'ETH', 'balance': '0.00000000', 'crossWalletBalance': '0.00000000', 'crossUnPnl': '0.00000000', 'availableBalance': '0.00000000', 'maxWithdrawAmount': '0.00000000', 'marginAvailable': True, 'updateTime': 0}, {'accountAlias': 'oCmYSgSgfWmYsR', 'asset': 'BTC', 'balance': '0.01000000', 'crossWalletBalance': '0.01000000', 'crossUnPnl': '0.00000000', 'availableBalance': '0.01000000', 'maxWithdrawAmount': '0.01000000', 'marginAvailable': True, 'updateTime': 1776777601189}, {'accountAlias': 'oCmYSgSgfWmYsR', 'asset': 'USDT', 'balance': '4966.30688552', 'crossWalletBalance': '4966.30688552', 'crossUnPnl': '-35.40494917', 'availableBalance': '1232.42410497', 'maxWithdrawAmount': '1232.42410497', 'marginAvailable': True, 'updateTime': 1776786213751}, {'accountAlias': 'oCmYSgSgfWmYsR', 'asset': 'USDC', 'balance': '5000.00000000', 'crossWalletBalance': '5000.00000000', 'crossUnPnl': '0.00000000', 'availableBalance': '5000.00000000', 'maxWithdrawAmount': '5000.00000000', 'marginAvailable': True, 'updateTime': 1776777601169}]
2026-04-21 21:18:33 | DEBUG    | bot.client | Response [200]: []
2026-04-21 21:18:36 | INFO     | bot.orders | Fetching open orders (symbol=ALL)
2026-04-21 21:18:36 | DEBUG    | bot.client | GET https://testnet.binancefuture.com/fapi/v1/openOrders | params: {'timestamp': 1776786516843, 'recvWindow': 5000}
2026-04-21 21:18:36 | INFO     | bot.orders | Fetching USDT account balance
2026-04-21 21:18:36 | DEBUG    | bot.client | GET https://testnet.binancefuture.com/fapi/v2/balance | params: {'timestamp': 1776786516843, 'recvWindow': 5000}
2026-04-21 21:18:38 | DEBUG    | bot.client | Response [200]: []
2026-04-21 21:18:38 | DEBUG    | bot.client | Response [200]: [{'accountAlias': 'oCmYSgSgfWmYsR', 'asset': 'FDUSD', 'balance': '0.00000000', 'crossWalletBalance': '0.00000000', 'crossUnPnl': '0.00000000', 'availableBalance': '0.00000000', 'maxWithdrawAmount': '0.00000000', 'marginAvailable': True, 'updateTime': 0}, {'accountAlias': 'oCmYSgSgfWmYsR', 'asset': 'BNB', 'balance': '0.00000000', 'crossWalletBalance': '0.00000000', 'crossUnPnl': '0.00000000', 'availableBalance': '0.00000000', 'maxWithdrawAmount': '0.00000000', 'marginAvailable': True, 'updateTime': 0}, {'accountAlias': 'oCmYSgSgfWmYsR', 'asset': 'ETH', 'balance': '0.00000000', 'crossWalletBalance': '0.00000000', 'crossUnPnl': '0.00000000', 'availableBalance': '0.00000000', 'maxWithdrawAmount': '0.00000000', 'marginAvailable': True, 'updateTime': 0}, {'accountAlias': 'oCmYSgSgfWmYsR', 'asset': 'BTC', 'balance': '0.01000000', 'crossWalletBalance': '0.01000000', 'crossUnPnl': '0.00000000', 'availableBalance': '0.01000000', 'maxWithdrawAmount': '0.01000000', 'marginAvailable': True, 'updateTime': 1776777601189}, {'accountAlias': 'oCmYSgSgfWmYsR', 'asset': 'USDT', 'balance': '4966.30688552', 'crossWalletBalance': '4966.30688552', 'crossUnPnl': '-37.79072300', 'availableBalance': '1229.91904245', 'maxWithdrawAmount': '1229.91904245', 'marginAvailable': True, 'updateTime': 1776786213751}, {'accountAlias': 'oCmYSgSgfWmYsR', 'asset': 'USDC', 'balance': '5000.00000000', 'crossWalletBalance': '5000.00000000', 'crossUnPnl': '0.00000000', 'availableBalance': '5000.00000000', 'maxWithdrawAmount': '5000.00000000', 'marginAvailable': True, 'updateTime': 1776777601169}]
2026-04-21 21:18:41 | INFO     | bot.orders | Fetching USDT account balance
2026-04-21 21:18:41 | INFO     | bot.orders | Fetching open orders (symbol=ALL)
2026-04-21 21:18:41 | DEBUG    | bot.client | GET https://testnet.binancefuture.com/fapi/v2/balance | params: {'timestamp': 1776786521842, 'recvWindow': 5000}
2026-04-21 21:18:41 | DEBUG    | bot.client | GET https://testnet.binancefuture.com/fapi/v1/openOrders | params: {'timestamp': 1776786521843, 'recvWindow': 5000}
2026-04-21 21:18:43 | DEBUG    | bot.client | Response [200]: []
2026-04-21 21:18:43 | DEBUG    | bot.client | Response [200]: [{'accountAlias': 'oCmYSgSgfWmYsR', 'asset': 'FDUSD', 'balance': '0.00000000', 'crossWalletBalance': '0.00000000', 'crossUnPnl': '0.00000000', 'availableBalance': '0.00000000', 'maxWithdrawAmount': '0.00000000', 'marginAvailable': True, 'updateTime': 0}, {'accountAlias': 'oCmYSgSgfWmYsR', 'asset': 'BNB', 'balance': '0.00000000', 'crossWalletBalance': '0.00000000', 'crossUnPnl': '0.00000000', 'availableBalance': '0.00000000', 'maxWithdrawAmount': '0.00000000', 'marginAvailable': True, 'updateTime': 0}, {'accountAlias': 'oCmYSgSgfWmYsR', 'asset': 'ETH', 'balance': '0.00000000', 'crossWalletBalance': '0.00000000', 'crossUnPnl': '0.00000000', 'availableBalance': '0.00000000', 'maxWithdrawAmount': '0.00000000', 'marginAvailable': True, 'updateTime': 0}, {'accountAlias': 'oCmYSgSgfWmYsR', 'asset': 'BTC', 'balance': '0.01000000', 'crossWalletBalance': '0.01000000', 'crossUnPnl': '0.00000000', 'availableBalance': '0.01000000', 'maxWithdrawAmount': '0.01000000', 'marginAvailable': True, 'updateTime': 1776777601189}, {'accountAlias': 'oCmYSgSgfWmYsR', 'asset': 'USDT', 'balance': '4966.30688552', 'crossWalletBalance': '4966.30688552', 'crossUnPnl': '-41.25962167', 'availableBalance': '1226.27669884', 'maxWithdrawAmount': '1226.27669884', 'marginAvailable': True, 'updateTime': 1776786213751}, {'accountAlias': 'oCmYSgSgfWmYsR', 'asset': 'USDC', 'balance': '5000.00000000', 'crossWalletBalance': '5000.00000000', 'crossUnPnl': '0.00000000', 'availableBalance': '5000.00000000', 'maxWithdrawAmount': '5000.00000000', 'marginAvailable': True, 'updateTime': 1776777601169}]
2026-04-21 21:18:46 | INFO     | bot.orders | Fetching open orders (symbol=ALL)
2026-04-21 21:18:46 | INFO     | bot.orders | Fetching USDT account balance
2026-04-21 21:18:46 | DEBUG    | bot.client | GET https://testnet.binancefuture.com/fapi/v1/openOrders | params: {'timestamp': 1776786526841, 'recvWindow': 5000}
2026-04-21 21:18:46 | DEBUG    | bot.client | GET https://testnet.binancefuture.com/fapi/v2/balance | params: {'timestamp': 1776786526841, 'recvWindow': 5000}
2026-04-21 21:18:49 | DEBUG    | bot.client | Response [200]: []
2026-04-21 21:18:49 | DEBUG    | bot.client | Response [200]: [{'accountAlias': 'oCmYSgSgfWmYsR', 'asset': 'FDUSD', 'balance': '0.00000000', 'crossWalletBalance': '0.00000000', 'crossUnPnl': '0.00000000', 'availableBalance': '0.00000000', 'maxWithdrawAmount': '0.00000000', 'marginAvailable': True, 'updateTime': 0}, {'accountAlias': 'oCmYSgSgfWmYsR', 'asset': 'BNB', 'balance': '0.00000000', 'crossWalletBalance': '0.00000000', 'crossUnPnl': '0.00000000', 'availableBalance': '0.00000000', 'maxWithdrawAmount': '0.00000000', 'marginAvailable': True, 'updateTime': 0}, {'accountAlias': 'oCmYSgSgfWmYsR', 'asset': 'ETH', 'balance': '0.00000000', 'crossWalletBalance': '0.00000000', 'crossUnPnl': '0.00000000', 'availableBalance': '0.00000000', 'maxWithdrawAmount': '0.00000000', 'marginAvailable': True, 'updateTime': 0}, {'accountAlias': 'oCmYSgSgfWmYsR', 'asset': 'BTC', 'balance': '0.01000000', 'crossWalletBalance': '0.01000000', 'crossUnPnl': '0.00000000', 'availableBalance': '0.01000000', 'maxWithdrawAmount': '0.01000000', 'marginAvailable': True, 'updateTime': 1776777601189}, {'accountAlias': 'oCmYSgSgfWmYsR', 'asset': 'USDT', 'balance': '4966.30688552', 'crossWalletBalance': '4966.30688552', 'crossUnPnl': '-46.27996803', 'availableBalance': '1221.00533517', 'maxWithdrawAmount': '1221.00533517', 'marginAvailable': True, 'updateTime': 1776786213751}, {'accountAlias': 'oCmYSgSgfWmYsR', 'asset': 'USDC', 'balance': '5000.00000000', 'crossWalletBalance': '5000.00000000', 'crossUnPnl': '0.00000000', 'availableBalance': '5000.00000000', 'maxWithdrawAmount': '5000.00000000', 'marginAvailable': True, 'updateTime': 1776777601169}]
2026-04-21 21:18:51 | INFO     | bot.orders | Fetching open orders (symbol=ALL)
2026-04-21 21:18:51 | INFO     | bot.orders | Fetching USDT account balance
2026-04-21 21:18:51 | DEBUG    | bot.client | GET https://testnet.binancefuture.com/fapi/v1/openOrders | params: {'timestamp': 1776786531843, 'recvWindow': 5000}
2026-04-21 21:18:51 | DEBUG    | bot.client | GET https://testnet.binancefuture.com/fapi/v2/balance | params: {'timestamp': 1776786531843, 'recvWindow': 5000}
2026-04-21 21:18:53 | DEBUG    | bot.client | Response [200]: [{'accountAlias': 'oCmYSgSgfWmYsR', 'asset': 'FDUSD', 'balance': '0.00000000', 'crossWalletBalance': '0.00000000', 'crossUnPnl': '0.00000000', 'availableBalance': '0.00000000', 'maxWithdrawAmount': '0.00000000', 'marginAvailable': True, 'updateTime': 0}, {'accountAlias': 'oCmYSgSgfWmYsR', 'asset': 'BNB', 'balance': '0.00000000', 'crossWalletBalance': '0.00000000', 'crossUnPnl': '0.00000000', 'availableBalance': '0.00000000', 'maxWithdrawAmount': '0.00000000', 'marginAvailable': True, 'updateTime': 0}, {'accountAlias': 'oCmYSgSgfWmYsR', 'asset': 'ETH', 'balance': '0.00000000', 'crossWalletBalance': '0.00000000', 'crossUnPnl': '0.00000000', 'availableBalance': '0.00000000', 'maxWithdrawAmount': '0.00000000', 'marginAvailable': True, 'updateTime': 0}, {'accountAlias': 'oCmYSgSgfWmYsR', 'asset': 'BTC', 'balance': '0.01000000', 'crossWalletBalance': '0.01000000', 'crossUnPnl': '0.00000000', 'availableBalance': '0.01000000', 'maxWithdrawAmount': '0.01000000', 'marginAvailable': True, 'updateTime': 1776777601189}, {'accountAlias': 'oCmYSgSgfWmYsR', 'asset': 'USDT', 'balance': '4966.30688552', 'crossWalletBalance': '4966.30688552', 'crossUnPnl': '-70.96042167', 'availableBalance': '1195.09085885', 'maxWithdrawAmount': '1195.09085885', 'marginAvailable': True, 'updateTime': 1776786213751}, {'accountAlias': 'oCmYSgSgfWmYsR', 'asset': 'USDC', 'balance': '5000.00000000', 'crossWalletBalance': '5000.00000000', 'crossUnPnl': '0.00000000', 'availableBalance': '5000.00000000', 'maxWithdrawAmount': '5000.00000000', 'marginAvailable': True, 'updateTime': 1776777601169}]
2026-04-21 21:18:53 | DEBUG    | bot.client | Response [200]: []
2026-04-21 21:18:56 | INFO     | bot.orders | Fetching USDT account balance
2026-04-21 21:18:56 | INFO     | bot.orders | Fetching open orders (symbol=ALL)
2026-04-21 21:18:56 | DEBUG    | bot.client | GET https://testnet.binancefuture.com/fapi/v2/balance | params: {'timestamp': 1776786536845, 'recvWindow': 5000}
2026-04-21 21:18:56 | DEBUG    | bot.client | GET https://testnet.binancefuture.com/fapi/v1/openOrders | params: {'timestamp': 1776786536845, 'recvWindow': 5000}
2026-04-21 21:18:58 | DEBUG    | bot.client | Response [200]: []
2026-04-21 21:18:58 | DEBUG    | bot.client | Response [200]: [{'accountAlias': 'oCmYSgSgfWmYsR', 'asset': 'FDUSD', 'balance': '0.00000000', 'crossWalletBalance': '0.00000000', 'crossUnPnl': '0.00000000', 'availableBalance': '0.00000000', 'maxWithdrawAmount': '0.00000000', 'marginAvailable': True, 'updateTime': 0}, {'accountAlias': 'oCmYSgSgfWmYsR', 'asset': 'BNB', 'balance': '0.00000000', 'crossWalletBalance': '0.00000000', 'crossUnPnl': '0.00000000', 'availableBalance': '0.00000000', 'maxWithdrawAmount': '0.00000000', 'marginAvailable': True, 'updateTime': 0}, {'accountAlias': 'oCmYSgSgfWmYsR', 'asset': 'ETH', 'balance': '0.00000000', 'crossWalletBalance': '0.00000000', 'crossUnPnl': '0.00000000', 'availableBalance': '0.00000000', 'maxWithdrawAmount': '0.00000000', 'marginAvailable': True, 'updateTime': 0}, {'accountAlias': 'oCmYSgSgfWmYsR', 'asset': 'BTC', 'balance': '0.01000000', 'crossWalletBalance': '0.01000000', 'crossUnPnl': '0.00000000', 'availableBalance': '0.01000000', 'maxWithdrawAmount': '0.01000000', 'marginAvailable': True, 'updateTime': 1776777601189}, {'accountAlias': 'oCmYSgSgfWmYsR', 'asset': 'USDT', 'balance': '4966.30688552', 'crossWalletBalance': '4966.30688552', 'crossUnPnl': '-63.53522167', 'availableBalance': '1202.88731885', 'maxWithdrawAmount': '1202.88731885', 'marginAvailable': True, 'updateTime': 1776786213751}, {'accountAlias': 'oCmYSgSgfWmYsR', 'asset': 'USDC', 'balance': '5000.00000000', 'crossWalletBalance': '5000.00000000', 'crossUnPnl': '0.00000000', 'availableBalance': '5000.00000000', 'maxWithdrawAmount': '5000.00000000', 'marginAvailable': True, 'updateTime': 1776777601169}]
2026-04-21 21:19:01 | INFO     | bot.orders | Fetching open orders (symbol=ALL)
2026-04-21 21:19:01 | INFO     | bot.orders | Fetching USDT account balance
2026-04-21 21:19:01 | DEBUG    | bot.client | GET https://testnet.binancefuture.com/fapi/v1/openOrders | params: {'timestamp': 1776786541846, 'recvWindow': 5000}
2026-04-21 21:19:01 | DEBUG    | bot.client | GET https://testnet.binancefuture.com/fapi/v2/balance | params: {'timestamp': 1776786541847, 'recvWindow': 5000}
2026-04-21 21:19:04 | DEBUG    | bot.client | Response [200]: []
2026-04-21 21:19:04 | DEBUG    | bot.client | Response [200]: [{'accountAlias': 'oCmYSgSgfWmYsR', 'asset': 'FDUSD', 'balance': '0.00000000', 'crossWalletBalance': '0.00000000', 'crossUnPnl': '0.00000000', 'availableBalance': '0.00000000', 'maxWithdrawAmount': '0.00000000', 'marginAvailable': True, 'updateTime': 0}, {'accountAlias': 'oCmYSgSgfWmYsR', 'asset': 'BNB', 'balance': '0.00000000', 'crossWalletBalance': '0.00000000', 'crossUnPnl': '0.00000000', 'availableBalance': '0.00000000', 'maxWithdrawAmount': '0.00000000', 'marginAvailable': True, 'updateTime': 0}, {'accountAlias': 'oCmYSgSgfWmYsR', 'asset': 'ETH', 'balance': '0.00000000', 'crossWalletBalance': '0.00000000', 'crossUnPnl': '0.00000000', 'availableBalance': '0.00000000', 'maxWithdrawAmount': '0.00000000', 'marginAvailable': True, 'updateTime': 0}, {'accountAlias': 'oCmYSgSgfWmYsR', 'asset': 'BTC', 'balance': '0.01000000', 'crossWalletBalance': '0.01000000', 'crossUnPnl': '0.00000000', 'availableBalance': '0.01000000', 'maxWithdrawAmount': '0.01000000', 'marginAvailable': True, 'updateTime': 1776777601189}, {'accountAlias': 'oCmYSgSgfWmYsR', 'asset': 'USDT', 'balance': '4966.30688552', 'crossWalletBalance': '4966.30688552', 'crossUnPnl': '-71.74202167', 'availableBalance': '1194.27017885', 'maxWithdrawAmount': '1194.27017885', 'marginAvailable': True, 'updateTime': 1776786213751}, {'accountAlias': 'oCmYSgSgfWmYsR', 'asset': 'USDC', 'balance': '5000.00000000', 'crossWalletBalance': '5000.00000000', 'crossUnPnl': '0.00000000', 'availableBalance': '5000.00000000', 'maxWithdrawAmount': '5000.00000000', 'marginAvailable': True, 'updateTime': 1776777601169}]
2026-04-21 21:19:06 | INFO     | bot.orders | Fetching open orders (symbol=ALL)
2026-04-21 21:19:06 | INFO     | bot.orders | Fetching USDT account balance
2026-04-21 21:19:06 | DEBUG    | bot.client | GET https://testnet.binancefuture.com/fapi/v1/openOrders | params: {'timestamp': 1776786546847, 'recvWindow': 5000}
2026-04-21 21:19:06 | DEBUG    | bot.client | GET https://testnet.binancefuture.com/fapi/v2/balance | params: {'timestamp': 1776786546848, 'recvWindow': 5000}
2026-04-21 21:19:08 | DEBUG    | bot.client | Response [200]: [{'accountAlias': 'oCmYSgSgfWmYsR', 'asset': 'FDUSD', 'balance': '0.00000000', 'crossWalletBalance': '0.00000000', 'crossUnPnl': '0.00000000', 'availableBalance': '0.00000000', 'maxWithdrawAmount': '0.00000000', 'marginAvailable': True, 'updateTime': 0}, {'accountAlias': 'oCmYSgSgfWmYsR', 'asset': 'BNB', 'balance': '0.00000000', 'crossWalletBalance': '0.00000000', 'crossUnPnl': '0.00000000', 'availableBalance': '0.00000000', 'maxWithdrawAmount': '0.00000000', 'marginAvailable': True, 'updateTime': 0}, {'accountAlias': 'oCmYSgSgfWmYsR', 'asset': 'ETH', 'balance': '0.00000000', 'crossWalletBalance': '0.00000000', 'crossUnPnl': '0.00000000', 'availableBalance': '0.00000000', 'maxWithdrawAmount': '0.00000000', 'marginAvailable': True, 'updateTime': 0}, {'accountAlias': 'oCmYSgSgfWmYsR', 'asset': 'BTC', 'balance': '0.01000000', 'crossWalletBalance': '0.01000000', 'crossUnPnl': '0.00000000', 'availableBalance': '0.01000000', 'maxWithdrawAmount': '0.01000000', 'marginAvailable': True, 'updateTime': 1776777601189}, {'accountAlias': 'oCmYSgSgfWmYsR', 'asset': 'USDT', 'balance': '4966.30688552', 'crossWalletBalance': '4966.30688552', 'crossUnPnl': '-80.92582167', 'availableBalance': '1184.62718885', 'maxWithdrawAmount': '1184.62718885', 'marginAvailable': True, 'updateTime': 1776786213751}, {'accountAlias': 'oCmYSgSgfWmYsR', 'asset': 'USDC', 'balance': '5000.00000000', 'crossWalletBalance': '5000.00000000', 'crossUnPnl': '0.00000000', 'availableBalance': '5000.00000000', 'maxWithdrawAmount': '5000.00000000', 'marginAvailable': True, 'updateTime': 1776777601169}]
2026-04-21 21:19:08 | DEBUG    | bot.client | Response [200]: []
2026-04-21 21:19:11 | INFO     | bot.orders | Fetching open orders (symbol=ALL)
2026-04-21 21:19:11 | INFO     | bot.orders | Fetching USDT account balance
2026-04-21 21:19:11 | DEBUG    | bot.client | GET https://testnet.binancefuture.com/fapi/v1/openOrders | params: {'timestamp': 1776786551845, 'recvWindow': 5000}
2026-04-21 21:19:11 | DEBUG    | bot.client | GET https://testnet.binancefuture.com/fapi/v2/balance | params: {'timestamp': 1776786551845, 'recvWindow': 5000}
2026-04-21 21:19:14 | DEBUG    | bot.client | Response [200]: []
2026-04-21 21:19:14 | DEBUG    | bot.client | Response [200]: [{'accountAlias': 'oCmYSgSgfWmYsR', 'asset': 'FDUSD', 'balance': '0.00000000', 'crossWalletBalance': '0.00000000', 'crossUnPnl': '0.00000000', 'availableBalance': '0.00000000', 'maxWithdrawAmount': '0.00000000', 'marginAvailable': True, 'updateTime': 0}, {'accountAlias': 'oCmYSgSgfWmYsR', 'asset': 'BNB', 'balance': '0.00000000', 'crossWalletBalance': '0.00000000', 'crossUnPnl': '0.00000000', 'availableBalance': '0.00000000', 'maxWithdrawAmount': '0.00000000', 'marginAvailable': True, 'updateTime': 0}, {'accountAlias': 'oCmYSgSgfWmYsR', 'asset': 'ETH', 'balance': '0.00000000', 'crossWalletBalance': '0.00000000', 'crossUnPnl': '0.00000000', 'availableBalance': '0.00000000', 'maxWithdrawAmount': '0.00000000', 'marginAvailable': True, 'updateTime': 0}, {'accountAlias': 'oCmYSgSgfWmYsR', 'asset': 'BTC', 'balance': '0.01000000', 'crossWalletBalance': '0.01000000', 'crossUnPnl': '0.00000000', 'availableBalance': '0.01000000', 'maxWithdrawAmount': '0.01000000', 'marginAvailable': True, 'updateTime': 1776777601189}, {'accountAlias': 'oCmYSgSgfWmYsR', 'asset': 'USDT', 'balance': '4966.30688552', 'crossWalletBalance': '4966.30688552', 'crossUnPnl': '-76.62702167', 'availableBalance': '1189.14092885', 'maxWithdrawAmount': '1189.14092885', 'marginAvailable': True, 'updateTime': 1776786213751}, {'accountAlias': 'oCmYSgSgfWmYsR', 'asset': 'USDC', 'balance': '5000.00000000', 'crossWalletBalance': '5000.00000000', 'crossUnPnl': '0.00000000', 'availableBalance': '5000.00000000', 'maxWithdrawAmount': '5000.00000000', 'marginAvailable': True, 'updateTime': 1776777601169}]
2026-04-21 21:19:16 | INFO     | bot.orders | Fetching open orders (symbol=ALL)
2026-04-21 21:19:16 | INFO     | bot.orders | Fetching USDT account balance
2026-04-21 21:19:16 | DEBUG    | bot.client | GET https://testnet.binancefuture.com/fapi/v1/openOrders | params: {'timestamp': 1776786556847, 'recvWindow': 5000}
2026-04-21 21:19:16 | DEBUG    | bot.client | GET https://testnet.binancefuture.com/fapi/v2/balance | params: {'timestamp': 1776786556847, 'recvWindow': 5000}
2026-04-21 21:19:19 | DEBUG    | bot.client | Response [200]: []
2026-04-21 21:19:19 | DEBUG    | bot.client | Response [200]: [{'accountAlias': 'oCmYSgSgfWmYsR', 'asset': 'FDUSD', 'balance': '0.00000000', 'crossWalletBalance': '0.00000000', 'crossUnPnl': '0.00000000', 'availableBalance': '0.00000000', 'maxWithdrawAmount': '0.00000000', 'marginAvailable': True, 'updateTime': 0}, {'accountAlias': 'oCmYSgSgfWmYsR', 'asset': 'BNB', 'balance': '0.00000000', 'crossWalletBalance': '0.00000000', 'crossUnPnl': '0.00000000', 'availableBalance': '0.00000000', 'maxWithdrawAmount': '0.00000000', 'marginAvailable': True, 'updateTime': 0}, {'accountAlias': 'oCmYSgSgfWmYsR', 'asset': 'ETH', 'balance': '0.00000000', 'crossWalletBalance': '0.00000000', 'crossUnPnl': '0.00000000', 'availableBalance': '0.00000000', 'maxWithdrawAmount': '0.00000000', 'marginAvailable': True, 'updateTime': 0}, {'accountAlias': 'oCmYSgSgfWmYsR', 'asset': 'BTC', 'balance': '0.01000000', 'crossWalletBalance': '0.01000000', 'crossUnPnl': '0.00000000', 'availableBalance': '0.01000000', 'maxWithdrawAmount': '0.01000000', 'marginAvailable': True, 'updateTime': 1776777601189}, {'accountAlias': 'oCmYSgSgfWmYsR', 'asset': 'USDT', 'balance': '4966.30688552', 'crossWalletBalance': '4966.30688552', 'crossUnPnl': '-76.62702167', 'availableBalance': '1189.14092885', 'maxWithdrawAmount': '1189.14092885', 'marginAvailable': True, 'updateTime': 1776786213751}, {'accountAlias': 'oCmYSgSgfWmYsR', 'asset': 'USDC', 'balance': '5000.00000000', 'crossWalletBalance': '5000.00000000', 'crossUnPnl': '0.00000000', 'availableBalance': '5000.00000000', 'maxWithdrawAmount': '5000.00000000', 'marginAvailable': True, 'updateTime': 1776777601169}]
2026-04-21 21:19:19 | INFO     | bot.orders | Fetching open orders (symbol=ALL)
2026-04-21 21:19:19 | INFO     | bot.orders | Fetching USDT account balance
2026-04-21 21:19:19 | DEBUG    | bot.client | GET https://testnet.binancefuture.com/fapi/v1/openOrders | params: {'timestamp': 1776786559600, 'recvWindow': 5000}
2026-04-21 21:19:19 | DEBUG    | bot.client | GET https://testnet.binancefuture.com/fapi/v2/balance | params: {'timestamp': 1776786559600, 'recvWindow': 5000}
2026-04-21 21:19:22 | DEBUG    | bot.client | Response [200]: []
2026-04-21 21:19:22 | DEBUG    | bot.client | Response [200]: [{'accountAlias': 'oCmYSgSgfWmYsR', 'asset': 'FDUSD', 'balance': '0.00000000', 'crossWalletBalance': '0.00000000', 'crossUnPnl': '0.00000000', 'availableBalance': '0.00000000', 'maxWithdrawAmount': '0.00000000', 'marginAvailable': True, 'updateTime': 0}, {'accountAlias': 'oCmYSgSgfWmYsR', 'asset': 'BNB', 'balance': '0.00000000', 'crossWalletBalance': '0.00000000', 'crossUnPnl': '0.00000000', 'availableBalance': '0.00000000', 'maxWithdrawAmount': '0.00000000', 'marginAvailable': True, 'updateTime': 0}, {'accountAlias': 'oCmYSgSgfWmYsR', 'asset': 'ETH', 'balance': '0.00000000', 'crossWalletBalance': '0.00000000', 'crossUnPnl': '0.00000000', 'availableBalance': '0.00000000', 'maxWithdrawAmount': '0.00000000', 'marginAvailable': True, 'updateTime': 0}, {'accountAlias': 'oCmYSgSgfWmYsR', 'asset': 'BTC', 'balance': '0.01000000', 'crossWalletBalance': '0.01000000', 'crossUnPnl': '0.00000000', 'availableBalance': '0.01000000', 'maxWithdrawAmount': '0.01000000', 'marginAvailable': True, 'updateTime': 1776777601189}, {'accountAlias': 'oCmYSgSgfWmYsR', 'asset': 'USDT', 'balance': '4966.30688552', 'crossWalletBalance': '4966.30688552', 'crossUnPnl': '-76.72472167', 'availableBalance': '1189.03834385', 'maxWithdrawAmount': '1189.03834385', 'marginAvailable': True, 'updateTime': 1776786213751}, {'accountAlias': 'oCmYSgSgfWmYsR', 'asset': 'USDC', 'balance': '5000.00000000', 'crossWalletBalance': '5000.00000000', 'crossUnPnl': '0.00000000', 'availableBalance': '5000.00000000', 'maxWithdrawAmount': '5000.00000000', 'marginAvailable': True, 'updateTime': 1776777601169}]
2026-04-21 21:19:22 | INFO     | bot.orders | Fetching open orders (symbol=ALL)
2026-04-21 21:19:22 | DEBUG    | bot.client | GET https://testnet.binancefuture.com/fapi/v1/openOrders | params: {'timestamp': 1776786562033, 'recvWindow': 5000}
2026-04-21 21:19:22 | INFO     | bot.orders | Fetching USDT account balance
2026-04-21 21:19:22 | DEBUG    | bot.client | GET https://testnet.binancefuture.com/fapi/v2/balance | params: {'timestamp': 1776786562035, 'recvWindow': 5000}
2026-04-21 21:19:25 | DEBUG    | bot.client | Response [200]: []
2026-04-21 21:19:25 | DEBUG    | bot.client | Response [200]: [{'accountAlias': 'oCmYSgSgfWmYsR', 'asset': 'FDUSD', 'balance': '0.00000000', 'crossWalletBalance': '0.00000000', 'crossUnPnl': '0.00000000', 'availableBalance': '0.00000000', 'maxWithdrawAmount': '0.00000000', 'marginAvailable': True, 'updateTime': 0}, {'accountAlias': 'oCmYSgSgfWmYsR', 'asset': 'BNB', 'balance': '0.00000000', 'crossWalletBalance': '0.00000000', 'crossUnPnl': '0.00000000', 'availableBalance': '0.00000000', 'maxWithdrawAmount': '0.00000000', 'marginAvailable': True, 'updateTime': 0}, {'accountAlias': 'oCmYSgSgfWmYsR', 'asset': 'ETH', 'balance': '0.00000000', 'crossWalletBalance': '0.00000000', 'crossUnPnl': '0.00000000', 'availableBalance': '0.00000000', 'maxWithdrawAmount': '0.00000000', 'marginAvailable': True, 'updateTime': 0}, {'accountAlias': 'oCmYSgSgfWmYsR', 'asset': 'BTC', 'balance': '0.01000000', 'crossWalletBalance': '0.01000000', 'crossUnPnl': '0.00000000', 'availableBalance': '0.01000000', 'maxWithdrawAmount': '0.01000000', 'marginAvailable': True, 'updateTime': 1776777601189}, {'accountAlias': 'oCmYSgSgfWmYsR', 'asset': 'USDT', 'balance': '4966.30688552', 'crossWalletBalance': '4966.30688552', 'crossUnPnl': '-61.21192629', 'availableBalance': '1205.32677899', 'maxWithdrawAmount': '1205.32677899', 'marginAvailable': True, 'updateTime': 1776786213751}, {'accountAlias': 'oCmYSgSgfWmYsR', 'asset': 'USDC', 'balance': '5000.00000000', 'crossWalletBalance': '5000.00000000', 'crossUnPnl': '0.00000000', 'availableBalance': '5000.00000000', 'maxWithdrawAmount': '5000.00000000', 'marginAvailable': True, 'updateTime': 1776777601169}]
2026-04-21 21:19:26 | INFO     | bot.orders | Fetching open orders (symbol=ALL)
2026-04-21 21:19:26 | INFO     | bot.orders | Fetching USDT account balance
2026-04-21 21:19:26 | DEBUG    | bot.client | GET https://testnet.binancefuture.com/fapi/v1/openOrders | params: {'timestamp': 1776786566848, 'recvWindow': 5000}
2026-04-21 21:19:26 | DEBUG    | bot.client | GET https://testnet.binancefuture.com/fapi/v2/balance | params: {'timestamp': 1776786566848, 'recvWindow': 5000}
2026-04-21 21:19:29 | DEBUG    | bot.client | Response [200]: [{'accountAlias': 'oCmYSgSgfWmYsR', 'asset': 'FDUSD', 'balance': '0.00000000', 'crossWalletBalance': '0.00000000', 'crossUnPnl': '0.00000000', 'availableBalance': '0.00000000', 'maxWithdrawAmount': '0.00000000', 'marginAvailable': True, 'updateTime': 0}, {'accountAlias': 'oCmYSgSgfWmYsR', 'asset': 'BNB', 'balance': '0.00000000', 'crossWalletBalance': '0.00000000', 'crossUnPnl': '0.00000000', 'availableBalance': '0.00000000', 'maxWithdrawAmount': '0.00000000', 'marginAvailable': True, 'updateTime': 0}, {'accountAlias': 'oCmYSgSgfWmYsR', 'asset': 'ETH', 'balance': '0.00000000', 'crossWalletBalance': '0.00000000', 'crossUnPnl': '0.00000000', 'availableBalance': '0.00000000', 'maxWithdrawAmount': '0.00000000', 'marginAvailable': True, 'updateTime': 0}, {'accountAlias': 'oCmYSgSgfWmYsR', 'asset': 'BTC', 'balance': '0.01000000', 'crossWalletBalance': '0.01000000', 'crossUnPnl': '0.00000000', 'availableBalance': '0.01000000', 'maxWithdrawAmount': '0.01000000', 'marginAvailable': True, 'updateTime': 1776777601189}, {'accountAlias': 'oCmYSgSgfWmYsR', 'asset': 'USDT', 'balance': '4966.30688552', 'crossWalletBalance': '4966.30688552', 'crossUnPnl': '-62.45292868', 'availableBalance': '1204.02372648', 'maxWithdrawAmount': '1204.02372648', 'marginAvailable': True, 'updateTime': 1776786213751}, {'accountAlias': 'oCmYSgSgfWmYsR', 'asset': 'USDC', 'balance': '5000.00000000', 'crossWalletBalance': '5000.00000000', 'crossUnPnl': '0.00000000', 'availableBalance': '5000.00000000', 'maxWithdrawAmount': '5000.00000000', 'marginAvailable': True, 'updateTime': 1776777601169}]
2026-04-21 21:19:29 | DEBUG    | bot.client | Response [200]: []
2026-04-21 21:19:31 | INFO     | bot.orders | Fetching USDT account balance
2026-04-21 21:19:31 | INFO     | bot.orders | Fetching open orders (symbol=ALL)
2026-04-21 21:19:31 | DEBUG    | bot.client | GET https://testnet.binancefuture.com/fapi/v2/balance | params: {'timestamp': 1776786571847, 'recvWindow': 5000}
2026-04-21 21:19:31 | DEBUG    | bot.client | GET https://testnet.binancefuture.com/fapi/v1/openOrders | params: {'timestamp': 1776786571847, 'recvWindow': 5000}
2026-04-21 21:19:34 | DEBUG    | bot.client | Response [200]: []
2026-04-21 21:19:34 | DEBUG    | bot.client | Response [200]: [{'accountAlias': 'oCmYSgSgfWmYsR', 'asset': 'FDUSD', 'balance': '0.00000000', 'crossWalletBalance': '0.00000000', 'crossUnPnl': '0.00000000', 'availableBalance': '0.00000000', 'maxWithdrawAmount': '0.00000000', 'marginAvailable': True, 'updateTime': 0}, {'accountAlias': 'oCmYSgSgfWmYsR', 'asset': 'BNB', 'balance': '0.00000000', 'crossWalletBalance': '0.00000000', 'crossUnPnl': '0.00000000', 'availableBalance': '0.00000000', 'maxWithdrawAmount': '0.00000000', 'marginAvailable': True, 'updateTime': 0}, {'accountAlias': 'oCmYSgSgfWmYsR', 'asset': 'ETH', 'balance': '0.00000000', 'crossWalletBalance': '0.00000000', 'crossUnPnl': '0.00000000', 'availableBalance': '0.00000000', 'maxWithdrawAmount': '0.00000000', 'marginAvailable': True, 'updateTime': 0}, {'accountAlias': 'oCmYSgSgfWmYsR', 'asset': 'BTC', 'balance': '0.01000000', 'crossWalletBalance': '0.01000000', 'crossUnPnl': '0.00000000', 'availableBalance': '0.01000000', 'maxWithdrawAmount': '0.01000000', 'marginAvailable': True, 'updateTime': 1776777601189}, {'accountAlias': 'oCmYSgSgfWmYsR', 'asset': 'USDT', 'balance': '4966.30688552', 'crossWalletBalance': '4966.30688552', 'crossUnPnl': '-69.98342167', 'availableBalance': '1196.11670885', 'maxWithdrawAmount': '1196.11670885', 'marginAvailable': True, 'updateTime': 1776786213751}, {'accountAlias': 'oCmYSgSgfWmYsR', 'asset': 'USDC', 'balance': '5000.00000000', 'crossWalletBalance': '5000.00000000', 'crossUnPnl': '0.00000000', 'availableBalance': '5000.00000000', 'maxWithdrawAmount': '5000.00000000', 'marginAvailable': True, 'updateTime': 1776777601169}]
2026-04-21 21:19:36 | INFO     | bot.orders | Fetching open orders (symbol=ALL)
2026-04-21 21:19:36 | INFO     | bot.orders | Fetching USDT account balance
2026-04-21 21:19:36 | DEBUG    | bot.client | GET https://testnet.binancefuture.com/fapi/v1/openOrders | params: {'timestamp': 1776786576846, 'recvWindow': 5000}
2026-04-21 21:19:36 | DEBUG    | bot.client | GET https://testnet.binancefuture.com/fapi/v2/balance | params: {'timestamp': 1776786576846, 'recvWindow': 5000}
2026-04-21 21:19:38 | DEBUG    | bot.client | Response [200]: []
2026-04-21 21:19:38 | DEBUG    | bot.client | Response [200]: [{'accountAlias': 'oCmYSgSgfWmYsR', 'asset': 'FDUSD', 'balance': '0.00000000', 'crossWalletBalance': '0.00000000', 'crossUnPnl': '0.00000000', 'availableBalance': '0.00000000', 'maxWithdrawAmount': '0.00000000', 'marginAvailable': True, 'updateTime': 0}, {'accountAlias': 'oCmYSgSgfWmYsR', 'asset': 'BNB', 'balance': '0.00000000', 'crossWalletBalance': '0.00000000', 'crossUnPnl': '0.00000000', 'availableBalance': '0.00000000', 'maxWithdrawAmount': '0.00000000', 'marginAvailable': True, 'updateTime': 0}, {'accountAlias': 'oCmYSgSgfWmYsR', 'asset': 'ETH', 'balance': '0.00000000', 'crossWalletBalance': '0.00000000', 'crossUnPnl': '0.00000000', 'availableBalance': '0.00000000', 'maxWithdrawAmount': '0.00000000', 'marginAvailable': True, 'updateTime': 0}, {'accountAlias': 'oCmYSgSgfWmYsR', 'asset': 'BTC', 'balance': '0.01000000', 'crossWalletBalance': '0.01000000', 'crossUnPnl': '0.00000000', 'availableBalance': '0.01000000', 'maxWithdrawAmount': '0.01000000', 'marginAvailable': True, 'updateTime': 1776777601189}, {'accountAlias': 'oCmYSgSgfWmYsR', 'asset': 'USDT', 'balance': '4966.30688552', 'crossWalletBalance': '4966.30688552', 'crossUnPnl': '-92.84522167', 'availableBalance': '1172.11181885', 'maxWithdrawAmount': '1172.11181885', 'marginAvailable': True, 'updateTime': 1776786213751}, {'accountAlias': 'oCmYSgSgfWmYsR', 'asset': 'USDC', 'balance': '5000.00000000', 'crossWalletBalance': '5000.00000000', 'crossUnPnl': '0.00000000', 'availableBalance': '5000.00000000', 'maxWithdrawAmount': '5000.00000000', 'marginAvailable': True, 'updateTime': 1776777601169}]
2026-04-21 21:19:41 | INFO     | bot.orders | Fetching open orders (symbol=ALL)
2026-04-21 21:19:41 | INFO     | bot.orders | Fetching USDT account balance
2026-04-21 21:19:41 | DEBUG    | bot.client | GET https://testnet.binancefuture.com/fapi/v1/openOrders | params: {'timestamp': 1776786581846, 'recvWindow': 5000}
2026-04-21 21:19:41 | DEBUG    | bot.client | GET https://testnet.binancefuture.com/fapi/v2/balance | params: {'timestamp': 1776786581846, 'recvWindow': 5000}
2026-04-21 21:19:43 | DEBUG    | bot.client | Response [200]: []
2026-04-21 21:19:43 | DEBUG    | bot.client | Response [200]: [{'accountAlias': 'oCmYSgSgfWmYsR', 'asset': 'FDUSD', 'balance': '0.00000000', 'crossWalletBalance': '0.00000000', 'crossUnPnl': '0.00000000', 'availableBalance': '0.00000000', 'maxWithdrawAmount': '0.00000000', 'marginAvailable': True, 'updateTime': 0}, {'accountAlias': 'oCmYSgSgfWmYsR', 'asset': 'BNB', 'balance': '0.00000000', 'crossWalletBalance': '0.00000000', 'crossUnPnl': '0.00000000', 'availableBalance': '0.00000000', 'maxWithdrawAmount': '0.00000000', 'marginAvailable': True, 'updateTime': 0}, {'accountAlias': 'oCmYSgSgfWmYsR', 'asset': 'ETH', 'balance': '0.00000000', 'crossWalletBalance': '0.00000000', 'crossUnPnl': '0.00000000', 'availableBalance': '0.00000000', 'maxWithdrawAmount': '0.00000000', 'marginAvailable': True, 'updateTime': 0}, {'accountAlias': 'oCmYSgSgfWmYsR', 'asset': 'BTC', 'balance': '0.01000000', 'crossWalletBalance': '0.01000000', 'crossUnPnl': '0.00000000', 'availableBalance': '0.01000000', 'maxWithdrawAmount': '0.01000000', 'marginAvailable': True, 'updateTime': 1776777601189}, {'accountAlias': 'oCmYSgSgfWmYsR', 'asset': 'USDT', 'balance': '4966.30688552', 'crossWalletBalance': '4966.30688552', 'crossUnPnl': '-92.23374710', 'availableBalance': '1172.75386714', 'maxWithdrawAmount': '1172.75386714', 'marginAvailable': True, 'updateTime': 1776786213751}, {'accountAlias': 'oCmYSgSgfWmYsR', 'asset': 'USDC', 'balance': '5000.00000000', 'crossWalletBalance': '5000.00000000', 'crossUnPnl': '0.00000000', 'availableBalance': '5000.00000000', 'maxWithdrawAmount': '5000.00000000', 'marginAvailable': True, 'updateTime': 1776777601169}]
2026-04-21 21:19:46 | INFO     | bot.orders | Fetching open orders (symbol=ALL)
2026-04-21 21:19:46 | INFO     | bot.orders | Fetching USDT account balance
2026-04-21 21:19:46 | DEBUG    | bot.client | GET https://testnet.binancefuture.com/fapi/v1/openOrders | params: {'timestamp': 1776786586842, 'recvWindow': 5000}
2026-04-21 21:19:46 | DEBUG    | bot.client | GET https://testnet.binancefuture.com/fapi/v2/balance | params: {'timestamp': 1776786586843, 'recvWindow': 5000}
2026-04-21 21:19:48 | DEBUG    | bot.client | Response [200]: [{'accountAlias': 'oCmYSgSgfWmYsR', 'asset': 'FDUSD', 'balance': '0.00000000', 'crossWalletBalance': '0.00000000', 'crossUnPnl': '0.00000000', 'availableBalance': '0.00000000', 'maxWithdrawAmount': '0.00000000', 'marginAvailable': True, 'updateTime': 0}, {'accountAlias': 'oCmYSgSgfWmYsR', 'asset': 'BNB', 'balance': '0.00000000', 'crossWalletBalance': '0.00000000', 'crossUnPnl': '0.00000000', 'availableBalance': '0.00000000', 'maxWithdrawAmount': '0.00000000', 'marginAvailable': True, 'updateTime': 0}, {'accountAlias': 'oCmYSgSgfWmYsR', 'asset': 'ETH', 'balance': '0.00000000', 'crossWalletBalance': '0.00000000', 'crossUnPnl': '0.00000000', 'availableBalance': '0.00000000', 'maxWithdrawAmount': '0.00000000', 'marginAvailable': True, 'updateTime': 0}, {'accountAlias': 'oCmYSgSgfWmYsR', 'asset': 'BTC', 'balance': '0.01000000', 'crossWalletBalance': '0.01000000', 'crossUnPnl': '0.00000000', 'availableBalance': '0.01000000', 'maxWithdrawAmount': '0.01000000', 'marginAvailable': True, 'updateTime': 1776777601189}, {'accountAlias': 'oCmYSgSgfWmYsR', 'asset': 'USDT', 'balance': '4966.30688552', 'crossWalletBalance': '4966.30688552', 'crossUnPnl': '-87.42053537', 'availableBalance': '1177.80773946', 'maxWithdrawAmount': '1177.80773946', 'marginAvailable': True, 'updateTime': 1776786213751}, {'accountAlias': 'oCmYSgSgfWmYsR', 'asset': 'USDC', 'balance': '5000.00000000', 'crossWalletBalance': '5000.00000000', 'crossUnPnl': '0.00000000', 'availableBalance': '5000.00000000', 'maxWithdrawAmount': '5000.00000000', 'marginAvailable': True, 'updateTime': 1776777601169}]
2026-04-21 21:19:48 | DEBUG    | bot.client | Response [200]: []
2026-04-21 21:19:51 | INFO     | bot.orders | Fetching open orders (symbol=ALL)
2026-04-21 21:19:51 | INFO     | bot.orders | Fetching USDT account balance
2026-04-21 21:19:51 | DEBUG    | bot.client | GET https://testnet.binancefuture.com/fapi/v1/openOrders | params: {'timestamp': 1776786591845, 'recvWindow': 5000}
2026-04-21 21:19:51 | DEBUG    | bot.client | GET https://testnet.binancefuture.com/fapi/v2/balance | params: {'timestamp': 1776786591845, 'recvWindow': 5000}
2026-04-21 21:19:52 | DEBUG    | bot.client | Response [200]: []
2026-04-21 21:19:52 | DEBUG    | bot.client | Response [200]: [{'accountAlias': 'oCmYSgSgfWmYsR', 'asset': 'FDUSD', 'balance': '0.00000000', 'crossWalletBalance': '0.00000000', 'crossUnPnl': '0.00000000', 'availableBalance': '0.00000000', 'maxWithdrawAmount': '0.00000000', 'marginAvailable': True, 'updateTime': 0}, {'accountAlias': 'oCmYSgSgfWmYsR', 'asset': 'BNB', 'balance': '0.00000000', 'crossWalletBalance': '0.00000000', 'crossUnPnl': '0.00000000', 'availableBalance': '0.00000000', 'maxWithdrawAmount': '0.00000000', 'marginAvailable': True, 'updateTime': 0}, {'accountAlias': 'oCmYSgSgfWmYsR', 'asset': 'ETH', 'balance': '0.00000000', 'crossWalletBalance': '0.00000000', 'crossUnPnl': '0.00000000', 'availableBalance': '0.00000000', 'maxWithdrawAmount': '0.00000000', 'marginAvailable': True, 'updateTime': 0}, {'accountAlias': 'oCmYSgSgfWmYsR', 'asset': 'BTC', 'balance': '0.01000000', 'crossWalletBalance': '0.01000000', 'crossUnPnl': '0.00000000', 'availableBalance': '0.01000000', 'maxWithdrawAmount': '0.01000000', 'marginAvailable': True, 'updateTime': 1776777601189}, {'accountAlias': 'oCmYSgSgfWmYsR', 'asset': 'USDT', 'balance': '4966.30688552', 'crossWalletBalance': '4966.30688552', 'crossUnPnl': '-75.49354238', 'availableBalance': '1190.33108210', 'maxWithdrawAmount': '1190.33108210', 'marginAvailable': True, 'updateTime': 1776786213751}, {'accountAlias': 'oCmYSgSgfWmYsR', 'asset': 'USDC', 'balance': '5000.00000000', 'crossWalletBalance': '5000.00000000', 'crossUnPnl': '0.00000000', 'availableBalance': '5000.00000000', 'maxWithdrawAmount': '5000.00000000', 'marginAvailable': True, 'updateTime': 1776777601169}]
2026-04-21 21:19:56 | INFO     | bot.orders | Fetching USDT account balance
2026-04-21 21:19:56 | INFO     | bot.orders | Fetching open orders (symbol=ALL)
2026-04-21 21:19:56 | DEBUG    | bot.client | GET https://testnet.binancefuture.com/fapi/v2/balance | params: {'timestamp': 1776786596843, 'recvWindow': 5000}
2026-04-21 21:19:56 | DEBUG    | bot.client | GET https://testnet.binancefuture.com/fapi/v1/openOrders | params: {'timestamp': 1776786596843, 'recvWindow': 5000}
2026-04-21 21:19:58 | DEBUG    | bot.client | Response [200]: []
2026-04-21 21:19:58 | DEBUG    | bot.client | Response [200]: [{'accountAlias': 'oCmYSgSgfWmYsR', 'asset': 'FDUSD', 'balance': '0.00000000', 'crossWalletBalance': '0.00000000', 'crossUnPnl': '0.00000000', 'availableBalance': '0.00000000', 'maxWithdrawAmount': '0.00000000', 'marginAvailable': True, 'updateTime': 0}, {'accountAlias': 'oCmYSgSgfWmYsR', 'asset': 'BNB', 'balance': '0.00000000', 'crossWalletBalance': '0.00000000', 'crossUnPnl': '0.00000000', 'availableBalance': '0.00000000', 'maxWithdrawAmount': '0.00000000', 'marginAvailable': True, 'updateTime': 0}, {'accountAlias': 'oCmYSgSgfWmYsR', 'asset': 'ETH', 'balance': '0.00000000', 'crossWalletBalance': '0.00000000', 'crossUnPnl': '0.00000000', 'availableBalance': '0.00000000', 'maxWithdrawAmount': '0.00000000', 'marginAvailable': True, 'updateTime': 0}, {'accountAlias': 'oCmYSgSgfWmYsR', 'asset': 'BTC', 'balance': '0.01000000', 'crossWalletBalance': '0.01000000', 'crossUnPnl': '0.00000000', 'availableBalance': '0.01000000', 'maxWithdrawAmount': '0.01000000', 'marginAvailable': True, 'updateTime': 1776777601189}, {'accountAlias': 'oCmYSgSgfWmYsR', 'asset': 'USDT', 'balance': '4966.30688552', 'crossWalletBalance': '4966.30688552', 'crossUnPnl': '-63.46175198', 'availableBalance': '1202.96446202', 'maxWithdrawAmount': '1202.96446202', 'marginAvailable': True, 'updateTime': 1776786213751}, {'accountAlias': 'oCmYSgSgfWmYsR', 'asset': 'USDC', 'balance': '5000.00000000', 'crossWalletBalance': '5000.00000000', 'crossUnPnl': '0.00000000', 'availableBalance': '5000.00000000', 'maxWithdrawAmount': '5000.00000000', 'marginAvailable': True, 'updateTime': 1776777601169}]
2026-04-21 21:20:01 | INFO     | bot.orders | Fetching open orders (symbol=ALL)
2026-04-21 21:20:01 | INFO     | bot.orders | Fetching USDT account balance
2026-04-21 21:20:01 | DEBUG    | bot.client | GET https://testnet.binancefuture.com/fapi/v1/openOrders | params: {'timestamp': 1776786601844, 'recvWindow': 5000}
2026-04-21 21:20:01 | DEBUG    | bot.client | GET https://testnet.binancefuture.com/fapi/v2/balance | params: {'timestamp': 1776786601844, 'recvWindow': 5000}
2026-04-21 21:20:03 | DEBUG    | bot.client | Response [200]: []
2026-04-21 21:20:03 | DEBUG    | bot.client | Response [200]: [{'accountAlias': 'oCmYSgSgfWmYsR', 'asset': 'FDUSD', 'balance': '0.00000000', 'crossWalletBalance': '0.00000000', 'crossUnPnl': '0.00000000', 'availableBalance': '0.00000000', 'maxWithdrawAmount': '0.00000000', 'marginAvailable': True, 'updateTime': 0}, {'accountAlias': 'oCmYSgSgfWmYsR', 'asset': 'BNB', 'balance': '0.00000000', 'crossWalletBalance': '0.00000000', 'crossUnPnl': '0.00000000', 'availableBalance': '0.00000000', 'maxWithdrawAmount': '0.00000000', 'marginAvailable': True, 'updateTime': 0}, {'accountAlias': 'oCmYSgSgfWmYsR', 'asset': 'ETH', 'balance': '0.00000000', 'crossWalletBalance': '0.00000000', 'crossUnPnl': '0.00000000', 'availableBalance': '0.00000000', 'maxWithdrawAmount': '0.00000000', 'marginAvailable': True, 'updateTime': 0}, {'accountAlias': 'oCmYSgSgfWmYsR', 'asset': 'BTC', 'balance': '0.01000000', 'crossWalletBalance': '0.01000000', 'crossUnPnl': '0.00000000', 'availableBalance': '0.01000000', 'maxWithdrawAmount': '0.01000000', 'marginAvailable': True, 'updateTime': 1776777601189}, {'accountAlias': 'oCmYSgSgfWmYsR', 'asset': 'USDT', 'balance': '4966.30688552', 'crossWalletBalance': '4966.30688552', 'crossUnPnl': '-43.83882444', 'availableBalance': '1204.75143871', 'maxWithdrawAmount': '1204.75143871', 'marginAvailable': True, 'updateTime': 1776786213751}, {'accountAlias': 'oCmYSgSgfWmYsR', 'asset': 'USDC', 'balance': '5000.00000000', 'crossWalletBalance': '5000.00000000', 'crossUnPnl': '0.00000000', 'availableBalance': '5000.00000000', 'maxWithdrawAmount': '5000.00000000', 'marginAvailable': True, 'updateTime': 1776777601169}]
2026-04-21 21:20:06 | INFO     | bot.orders | Fetching USDT account balance
2026-04-21 21:20:06 | INFO     | bot.orders | Fetching open orders (symbol=ALL)
2026-04-21 21:20:06 | DEBUG    | bot.client | GET https://testnet.binancefuture.com/fapi/v2/balance | params: {'timestamp': 1776786606846, 'recvWindow': 5000}
2026-04-21 21:20:06 | DEBUG    | bot.client | GET https://testnet.binancefuture.com/fapi/v1/openOrders | params: {'timestamp': 1776786606846, 'recvWindow': 5000}
2026-04-21 21:20:08 | DEBUG    | bot.client | Response [200]: []
2026-04-21 21:20:08 | DEBUG    | bot.client | Response [200]: [{'accountAlias': 'oCmYSgSgfWmYsR', 'asset': 'FDUSD', 'balance': '0.00000000', 'crossWalletBalance': '0.00000000', 'crossUnPnl': '0.00000000', 'availableBalance': '0.00000000', 'maxWithdrawAmount': '0.00000000', 'marginAvailable': True, 'updateTime': 0}, {'accountAlias': 'oCmYSgSgfWmYsR', 'asset': 'BNB', 'balance': '0.00000000', 'crossWalletBalance': '0.00000000', 'crossUnPnl': '0.00000000', 'availableBalance': '0.00000000', 'maxWithdrawAmount': '0.00000000', 'marginAvailable': True, 'updateTime': 0}, {'accountAlias': 'oCmYSgSgfWmYsR', 'asset': 'ETH', 'balance': '0.00000000', 'crossWalletBalance': '0.00000000', 'crossUnPnl': '0.00000000', 'availableBalance': '0.00000000', 'maxWithdrawAmount': '0.00000000', 'marginAvailable': True, 'updateTime': 0}, {'accountAlias': 'oCmYSgSgfWmYsR', 'asset': 'BTC', 'balance': '0.01000000', 'crossWalletBalance': '0.01000000', 'crossUnPnl': '0.00000000', 'availableBalance': '0.01000000', 'maxWithdrawAmount': '0.01000000', 'marginAvailable': True, 'updateTime': 1776777601189}, {'accountAlias': 'oCmYSgSgfWmYsR', 'asset': 'USDT', 'balance': '4966.30688552', 'crossWalletBalance': '4966.30688552', 'crossUnPnl': '-23.22453796', 'availableBalance': '1216.82225303', 'maxWithdrawAmount': '1216.82225303', 'marginAvailable': True, 'updateTime': 1776786213751}, {'accountAlias': 'oCmYSgSgfWmYsR', 'asset': 'USDC', 'balance': '5000.00000000', 'crossWalletBalance': '5000.00000000', 'crossUnPnl': '0.00000000', 'availableBalance': '5000.00000000', 'maxWithdrawAmount': '5000.00000000', 'marginAvailable': True, 'updateTime': 1776777601169}]
2026-04-21 21:20:11 | INFO     | bot.orders | Fetching open orders (symbol=ALL)
2026-04-21 21:20:11 | INFO     | bot.orders | Fetching USDT account balance
2026-04-21 21:20:11 | DEBUG    | bot.client | GET https://testnet.binancefuture.com/fapi/v1/openOrders | params: {'timestamp': 1776786611845, 'recvWindow': 5000}
2026-04-21 21:20:11 | DEBUG    | bot.client | GET https://testnet.binancefuture.com/fapi/v2/balance | params: {'timestamp': 1776786611846, 'recvWindow': 5000}
2026-04-21 21:20:13 | DEBUG    | bot.client | Response [200]: []
2026-04-21 21:20:13 | DEBUG    | bot.client | Response [200]: [{'accountAlias': 'oCmYSgSgfWmYsR', 'asset': 'FDUSD', 'balance': '0.00000000', 'crossWalletBalance': '0.00000000', 'crossUnPnl': '0.00000000', 'availableBalance': '0.00000000', 'maxWithdrawAmount': '0.00000000', 'marginAvailable': True, 'updateTime': 0}, {'accountAlias': 'oCmYSgSgfWmYsR', 'asset': 'BNB', 'balance': '0.00000000', 'crossWalletBalance': '0.00000000', 'crossUnPnl': '0.00000000', 'availableBalance': '0.00000000', 'maxWithdrawAmount': '0.00000000', 'marginAvailable': True, 'updateTime': 0}, {'accountAlias': 'oCmYSgSgfWmYsR', 'asset': 'ETH', 'balance': '0.00000000', 'crossWalletBalance': '0.00000000', 'crossUnPnl': '0.00000000', 'availableBalance': '0.00000000', 'maxWithdrawAmount': '0.00000000', 'marginAvailable': True, 'updateTime': 0}, {'accountAlias': 'oCmYSgSgfWmYsR', 'asset': 'BTC', 'balance': '0.01000000', 'crossWalletBalance': '0.01000000', 'crossUnPnl': '0.00000000', 'availableBalance': '0.01000000', 'maxWithdrawAmount': '0.01000000', 'marginAvailable': True, 'updateTime': 1776777601189}, {'accountAlias': 'oCmYSgSgfWmYsR', 'asset': 'USDT', 'balance': '4966.30688552', 'crossWalletBalance': '4966.30688552', 'crossUnPnl': '-19.80079014', 'availableBalance': '1217.38424042', 'maxWithdrawAmount': '1217.38424042', 'marginAvailable': True, 'updateTime': 1776786213751}, {'accountAlias': 'oCmYSgSgfWmYsR', 'asset': 'USDC', 'balance': '5000.00000000', 'crossWalletBalance': '5000.00000000', 'crossUnPnl': '0.00000000', 'availableBalance': '5000.00000000', 'maxWithdrawAmount': '5000.00000000', 'marginAvailable': True, 'updateTime': 1776777601169}]
2026-04-21 21:20:17 | INFO     | bot.orders | Fetching open orders (symbol=ALL)
2026-04-21 21:20:17 | INFO     | bot.orders | Fetching USDT account balance
2026-04-21 21:20:17 | DEBUG    | bot.client | GET https://testnet.binancefuture.com/fapi/v1/openOrders | params: {'timestamp': 1776786617600, 'recvWindow': 5000}
2026-04-21 21:20:17 | DEBUG    | bot.client | GET https://testnet.binancefuture.com/fapi/v2/balance | params: {'timestamp': 1776786617600, 'recvWindow': 5000}
2026-04-21 21:20:20 | DEBUG    | bot.client | Response [200]: []
2026-04-21 21:20:20 | INFO     | bot.orders | Fetching open orders (symbol=ALL)
2026-04-21 21:20:20 | DEBUG    | bot.client | GET https://testnet.binancefuture.com/fapi/v1/openOrders | params: {'timestamp': 1776786620829, 'recvWindow': 5000}
2026-04-21 21:20:20 | DEBUG    | bot.client | Response [200]: [{'accountAlias': 'oCmYSgSgfWmYsR', 'asset': 'FDUSD', 'balance': '0.00000000', 'crossWalletBalance': '0.00000000', 'crossUnPnl': '0.00000000', 'availableBalance': '0.00000000', 'maxWithdrawAmount': '0.00000000', 'marginAvailable': True, 'updateTime': 0}, {'accountAlias': 'oCmYSgSgfWmYsR', 'asset': 'BNB', 'balance': '0.00000000', 'crossWalletBalance': '0.00000000', 'crossUnPnl': '0.00000000', 'availableBalance': '0.00000000', 'maxWithdrawAmount': '0.00000000', 'marginAvailable': True, 'updateTime': 0}, {'accountAlias': 'oCmYSgSgfWmYsR', 'asset': 'ETH', 'balance': '0.00000000', 'crossWalletBalance': '0.00000000', 'crossUnPnl': '0.00000000', 'availableBalance': '0.00000000', 'maxWithdrawAmount': '0.00000000', 'marginAvailable': True, 'updateTime': 0}, {'accountAlias': 'oCmYSgSgfWmYsR', 'asset': 'BTC', 'balance': '0.01000000', 'crossWalletBalance': '0.01000000', 'crossUnPnl': '0.00000000', 'availableBalance': '0.01000000', 'maxWithdrawAmount': '0.01000000', 'marginAvailable': True, 'updateTime': 1776777601189}, {'accountAlias': 'oCmYSgSgfWmYsR', 'asset': 'USDT', 'balance': '4966.30688552', 'crossWalletBalance': '4966.30688552', 'crossUnPnl': '-8.82322167', 'availableBalance': '1217.93311885', 'maxWithdrawAmount': '1217.93311885', 'marginAvailable': True, 'updateTime': 1776786213751}, {'accountAlias': 'oCmYSgSgfWmYsR', 'asset': 'USDC', 'balance': '5000.00000000', 'crossWalletBalance': '5000.00000000', 'crossUnPnl': '0.00000000', 'availableBalance': '5000.00000000', 'maxWithdrawAmount': '5000.00000000', 'marginAvailable': True, 'updateTime': 1776777601169}]
2026-04-21 21:20:20 | INFO     | bot.orders | Fetching USDT account balance
2026-04-21 21:20:20 | DEBUG    | bot.client | GET https://testnet.binancefuture.com/fapi/v2/balance | params: {'timestamp': 1776786620898, 'recvWindow': 5000}
2026-04-21 21:20:22 | DEBUG    | bot.client | Response [200]: []
2026-04-21 21:20:22 | DEBUG    | bot.client | Response [200]: [{'accountAlias': 'oCmYSgSgfWmYsR', 'asset': 'FDUSD', 'balance': '0.00000000', 'crossWalletBalance': '0.00000000', 'crossUnPnl': '0.00000000', 'availableBalance': '0.00000000', 'maxWithdrawAmount': '0.00000000', 'marginAvailable': True, 'updateTime': 0}, {'accountAlias': 'oCmYSgSgfWmYsR', 'asset': 'BNB', 'balance': '0.00000000', 'crossWalletBalance': '0.00000000', 'crossUnPnl': '0.00000000', 'availableBalance': '0.00000000', 'maxWithdrawAmount': '0.00000000', 'marginAvailable': True, 'updateTime': 0}, {'accountAlias': 'oCmYSgSgfWmYsR', 'asset': 'ETH', 'balance': '0.00000000', 'crossWalletBalance': '0.00000000', 'crossUnPnl': '0.00000000', 'availableBalance': '0.00000000', 'maxWithdrawAmount': '0.00000000', 'marginAvailable': True, 'updateTime': 0}, {'accountAlias': 'oCmYSgSgfWmYsR', 'asset': 'BTC', 'balance': '0.01000000', 'crossWalletBalance': '0.01000000', 'crossUnPnl': '0.00000000', 'availableBalance': '0.01000000', 'maxWithdrawAmount': '0.01000000', 'marginAvailable': True, 'updateTime': 1776777601189}, {'accountAlias': 'oCmYSgSgfWmYsR', 'asset': 'USDT', 'balance': '4966.30688552', 'crossWalletBalance': '4966.30688552', 'crossUnPnl': '-8.82322167', 'availableBalance': '1206.50221885', 'maxWithdrawAmount': '1206.50221885', 'marginAvailable': True, 'updateTime': 1776786213751}, {'accountAlias': 'oCmYSgSgfWmYsR', 'asset': 'USDC', 'balance': '5000.00000000', 'crossWalletBalance': '5000.00000000', 'crossUnPnl': '0.00000000', 'availableBalance': '5000.00000000', 'maxWithdrawAmount': '5000.00000000', 'marginAvailable': True, 'updateTime': 1776777601169}]
2026-04-21 21:20:22 | INFO     | bot.orders | Fetching open orders (symbol=ALL)
2026-04-21 21:20:22 | INFO     | bot.orders | Fetching USDT account balance
2026-04-21 21:20:22 | DEBUG    | bot.client | GET https://testnet.binancefuture.com/fapi/v1/openOrders | params: {'timestamp': 1776786622610, 'recvWindow': 5000}
2026-04-21 21:20:22 | DEBUG    | bot.client | GET https://testnet.binancefuture.com/fapi/v2/balance | params: {'timestamp': 1776786622610, 'recvWindow': 5000}
2026-04-21 21:20:23 | DEBUG    | bot.client | Response [200]: [{'accountAlias': 'oCmYSgSgfWmYsR', 'asset': 'FDUSD', 'balance': '0.00000000', 'crossWalletBalance': '0.00000000', 'crossUnPnl': '0.00000000', 'availableBalance': '0.00000000', 'maxWithdrawAmount': '0.00000000', 'marginAvailable': True, 'updateTime': 0}, {'accountAlias': 'oCmYSgSgfWmYsR', 'asset': 'BNB', 'balance': '0.00000000', 'crossWalletBalance': '0.00000000', 'crossUnPnl': '0.00000000', 'availableBalance': '0.00000000', 'maxWithdrawAmount': '0.00000000', 'marginAvailable': True, 'updateTime': 0}, {'accountAlias': 'oCmYSgSgfWmYsR', 'asset': 'ETH', 'balance': '0.00000000', 'crossWalletBalance': '0.00000000', 'crossUnPnl': '0.00000000', 'availableBalance': '0.00000000', 'maxWithdrawAmount': '0.00000000', 'marginAvailable': True, 'updateTime': 0}, {'accountAlias': 'oCmYSgSgfWmYsR', 'asset': 'BTC', 'balance': '0.01000000', 'crossWalletBalance': '0.01000000', 'crossUnPnl': '0.00000000', 'availableBalance': '0.01000000', 'maxWithdrawAmount': '0.01000000', 'marginAvailable': True, 'updateTime': 1776777601189}, {'accountAlias': 'oCmYSgSgfWmYsR', 'asset': 'USDT', 'balance': '4966.30688552', 'crossWalletBalance': '4966.30688552', 'crossUnPnl': '-4.98968253', 'availableBalance': '1206.69389580', 'maxWithdrawAmount': '1206.69389580', 'marginAvailable': True, 'updateTime': 1776786213751}, {'accountAlias': 'oCmYSgSgfWmYsR', 'asset': 'USDC', 'balance': '5000.00000000', 'crossWalletBalance': '5000.00000000', 'crossUnPnl': '0.00000000', 'availableBalance': '5000.00000000', 'maxWithdrawAmount': '5000.00000000', 'marginAvailable': True, 'updateTime': 1776777601169}]
2026-04-21 21:20:24 | DEBUG    | bot.client | Response [200]: []
2026-04-21 21:20:27 | INFO     | bot.orders | Fetching USDT account balance
2026-04-21 21:20:27 | INFO     | bot.orders | Fetching open orders (symbol=ALL)
2026-04-21 21:20:27 | DEBUG    | bot.client | GET https://testnet.binancefuture.com/fapi/v2/balance | params: {'timestamp': 1776786627599, 'recvWindow': 5000}
2026-04-21 21:20:27 | DEBUG    | bot.client | GET https://testnet.binancefuture.com/fapi/v1/openOrders | params: {'timestamp': 1776786627600, 'recvWindow': 5000}
2026-04-21 21:20:32 | ERROR    | bot.client | HTTP error 400: {'code': -1021, 'msg': 'Timestamp for this request is outside of the recvWindow.'}
2026-04-21 21:20:32 | ERROR    | bot.client | HTTP error 400: {'code': -1021, 'msg': 'Timestamp for this request is outside of the recvWindow.'}
2026-04-21 21:20:32 | INFO     | bot.orders | Fetching USDT account balance
2026-04-21 21:20:32 | DEBUG    | bot.client | GET https://testnet.binancefuture.com/fapi/v2/balance | params: {'timestamp': 1776786632915, 'recvWindow': 5000}
2026-04-21 21:20:32 | INFO     | bot.orders | Fetching open orders (symbol=ALL)
2026-04-21 21:20:32 | DEBUG    | bot.client | GET https://testnet.binancefuture.com/fapi/v1/openOrders | params: {'timestamp': 1776786632916, 'recvWindow': 5000}
2026-04-21 21:20:33 | DEBUG    | bot.client | Response [200]: [{'accountAlias': 'oCmYSgSgfWmYsR', 'asset': 'FDUSD', 'balance': '0.00000000', 'crossWalletBalance': '0.00000000', 'crossUnPnl': '0.00000000', 'availableBalance': '0.00000000', 'maxWithdrawAmount': '0.00000000', 'marginAvailable': True, 'updateTime': 0}, {'accountAlias': 'oCmYSgSgfWmYsR', 'asset': 'BNB', 'balance': '0.00000000', 'crossWalletBalance': '0.00000000', 'crossUnPnl': '0.00000000', 'availableBalance': '0.00000000', 'maxWithdrawAmount': '0.00000000', 'marginAvailable': True, 'updateTime': 0}, {'accountAlias': 'oCmYSgSgfWmYsR', 'asset': 'ETH', 'balance': '0.00000000', 'crossWalletBalance': '0.00000000', 'crossUnPnl': '0.00000000', 'availableBalance': '0.00000000', 'maxWithdrawAmount': '0.00000000', 'marginAvailable': True, 'updateTime': 0}, {'accountAlias': 'oCmYSgSgfWmYsR', 'asset': 'BTC', 'balance': '0.01000000', 'crossWalletBalance': '0.01000000', 'crossUnPnl': '0.00000000', 'availableBalance': '0.01000000', 'maxWithdrawAmount': '0.01000000', 'marginAvailable': True, 'updateTime': 1776777601189}, {'accountAlias': 'oCmYSgSgfWmYsR', 'asset': 'USDT', 'balance': '4966.30688552', 'crossWalletBalance': '4966.30688552', 'crossUnPnl': '-3.64512167', 'availableBalance': '1225.51952385', 'maxWithdrawAmount': '1225.51952385', 'marginAvailable': True, 'updateTime': 1776786213751}, {'accountAlias': 'oCmYSgSgfWmYsR', 'asset': 'USDC', 'balance': '5000.00000000', 'crossWalletBalance': '5000.00000000', 'crossUnPnl': '0.00000000', 'availableBalance': '5000.00000000', 'maxWithdrawAmount': '5000.00000000', 'marginAvailable': True, 'updateTime': 1776777601169}]
2026-04-21 21:20:33 | DEBUG    | bot.client | Response [200]: []
2026-04-21 21:20:37 | INFO     | bot.orders | Fetching open orders (symbol=ALL)
2026-04-21 21:20:37 | INFO     | bot.orders | Fetching USDT account balance
2026-04-21 21:20:37 | DEBUG    | bot.client | GET https://testnet.binancefuture.com/fapi/v1/openOrders | params: {'timestamp': 1776786637601, 'recvWindow': 5000}
2026-04-21 21:20:37 | DEBUG    | bot.client | GET https://testnet.binancefuture.com/fapi/v2/balance | params: {'timestamp': 1776786637601, 'recvWindow': 5000}
2026-04-21 21:20:41 | ERROR    | bot.client | Could not connect to Binance testnet. Check your internet connection.
2026-04-21 21:20:41 | ERROR    | bot.client | Could not connect to Binance testnet. Check your internet connection.
2026-04-21 21:20:42 | INFO     | bot.orders | Fetching open orders (symbol=ALL)
2026-04-21 21:20:42 | INFO     | bot.orders | Fetching USDT account balance
2026-04-21 21:20:42 | DEBUG    | bot.client | GET https://testnet.binancefuture.com/fapi/v1/openOrders | params: {'timestamp': 1776786642602, 'recvWindow': 5000}
2026-04-21 21:20:42 | DEBUG    | bot.client | GET https://testnet.binancefuture.com/fapi/v2/balance | params: {'timestamp': 1776786642602, 'recvWindow': 5000}
2026-04-21 21:20:43 | DEBUG    | bot.client | Response [200]: []
2026-04-21 21:20:43 | DEBUG    | bot.client | Response [200]: [{'accountAlias': 'oCmYSgSgfWmYsR', 'asset': 'FDUSD', 'balance': '0.00000000', 'crossWalletBalance': '0.00000000', 'crossUnPnl': '0.00000000', 'availableBalance': '0.00000000', 'maxWithdrawAmount': '0.00000000', 'marginAvailable': True, 'updateTime': 0}, {'accountAlias': 'oCmYSgSgfWmYsR', 'asset': 'BNB', 'balance': '0.00000000', 'crossWalletBalance': '0.00000000', 'crossUnPnl': '0.00000000', 'availableBalance': '0.00000000', 'maxWithdrawAmount': '0.00000000', 'marginAvailable': True, 'updateTime': 0}, {'accountAlias': 'oCmYSgSgfWmYsR', 'asset': 'ETH', 'balance': '0.00000000', 'crossWalletBalance': '0.00000000', 'crossUnPnl': '0.00000000', 'availableBalance': '0.00000000', 'maxWithdrawAmount': '0.00000000', 'marginAvailable': True, 'updateTime': 0}, {'accountAlias': 'oCmYSgSgfWmYsR', 'asset': 'BTC', 'balance': '0.01000000', 'crossWalletBalance': '0.01000000', 'crossUnPnl': '0.00000000', 'availableBalance': '0.01000000', 'maxWithdrawAmount': '0.01000000', 'marginAvailable': True, 'updateTime': 1776777601189}, {'accountAlias': 'oCmYSgSgfWmYsR', 'asset': 'USDT', 'balance': '4966.30688552', 'crossWalletBalance': '4966.30688552', 'crossUnPnl': '13.04356045', 'availableBalance': '1271.88215794', 'maxWithdrawAmount': '1271.88215794', 'marginAvailable': True, 'updateTime': 1776786213751}, {'accountAlias': 'oCmYSgSgfWmYsR', 'asset': 'USDC', 'balance': '5000.00000000', 'crossWalletBalance': '5000.00000000', 'crossUnPnl': '0.00000000', 'availableBalance': '5000.00000000', 'maxWithdrawAmount': '5000.00000000', 'marginAvailable': True, 'updateTime': 1776777601169}]
2026-04-21 21:20:47 | INFO     | bot.orders | Fetching open orders (symbol=ALL)
2026-04-21 21:20:47 | INFO     | bot.orders | Fetching USDT account balance
2026-04-21 21:20:47 | DEBUG    | bot.client | GET https://testnet.binancefuture.com/fapi/v1/openOrders | params: {'timestamp': 1776786647597, 'recvWindow': 5000}
2026-04-21 21:20:47 | DEBUG    | bot.client | GET https://testnet.binancefuture.com/fapi/v2/balance | params: {'timestamp': 1776786647597, 'recvWindow': 5000}
2026-04-21 21:20:49 | DEBUG    | bot.client | Response [200]: []
2026-04-21 21:20:49 | DEBUG    | bot.client | Response [200]: [{'accountAlias': 'oCmYSgSgfWmYsR', 'asset': 'FDUSD', 'balance': '0.00000000', 'crossWalletBalance': '0.00000000', 'crossUnPnl': '0.00000000', 'availableBalance': '0.00000000', 'maxWithdrawAmount': '0.00000000', 'marginAvailable': True, 'updateTime': 0}, {'accountAlias': 'oCmYSgSgfWmYsR', 'asset': 'BNB', 'balance': '0.00000000', 'crossWalletBalance': '0.00000000', 'crossUnPnl': '0.00000000', 'availableBalance': '0.00000000', 'maxWithdrawAmount': '0.00000000', 'marginAvailable': True, 'updateTime': 0}, {'accountAlias': 'oCmYSgSgfWmYsR', 'asset': 'ETH', 'balance': '0.00000000', 'crossWalletBalance': '0.00000000', 'crossUnPnl': '0.00000000', 'availableBalance': '0.00000000', 'maxWithdrawAmount': '0.00000000', 'marginAvailable': True, 'updateTime': 0}, {'accountAlias': 'oCmYSgSgfWmYsR', 'asset': 'BTC', 'balance': '0.01000000', 'crossWalletBalance': '0.01000000', 'crossUnPnl': '0.00000000', 'availableBalance': '0.01000000', 'maxWithdrawAmount': '0.01000000', 'marginAvailable': True, 'updateTime': 1776777601189}, {'accountAlias': 'oCmYSgSgfWmYsR', 'asset': 'USDT', 'balance': '4966.30688552', 'crossWalletBalance': '4966.30688552', 'crossUnPnl': '2.11917832', 'availableBalance': '1271.82443884', 'maxWithdrawAmount': '1271.82443884', 'marginAvailable': True, 'updateTime': 1776786213751}, {'accountAlias': 'oCmYSgSgfWmYsR', 'asset': 'USDC', 'balance': '5000.00000000', 'crossWalletBalance': '5000.00000000', 'crossUnPnl': '0.00000000', 'availableBalance': '5000.00000000', 'maxWithdrawAmount': '5000.00000000', 'marginAvailable': True, 'updateTime': 1776777601169}]
2026-04-21 21:20:52 | INFO     | bot.orders | Fetching open orders (symbol=ALL)
2026-04-21 21:20:52 | INFO     | bot.orders | Fetching USDT account balance
2026-04-21 21:20:52 | DEBUG    | bot.client | GET https://testnet.binancefuture.com/fapi/v1/openOrders | params: {'timestamp': 1776786652600, 'recvWindow': 5000}
2026-04-21 21:20:52 | DEBUG    | bot.client | GET https://testnet.binancefuture.com/fapi/v2/balance | params: {'timestamp': 1776786652600, 'recvWindow': 5000}
2026-04-21 21:20:53 | DEBUG    | bot.client | Response [200]: []
2026-04-21 21:20:53 | DEBUG    | bot.client | Response [200]: [{'accountAlias': 'oCmYSgSgfWmYsR', 'asset': 'FDUSD', 'balance': '0.00000000', 'crossWalletBalance': '0.00000000', 'crossUnPnl': '0.00000000', 'availableBalance': '0.00000000', 'maxWithdrawAmount': '0.00000000', 'marginAvailable': True, 'updateTime': 0}, {'accountAlias': 'oCmYSgSgfWmYsR', 'asset': 'BNB', 'balance': '0.00000000', 'crossWalletBalance': '0.00000000', 'crossUnPnl': '0.00000000', 'availableBalance': '0.00000000', 'maxWithdrawAmount': '0.00000000', 'marginAvailable': True, 'updateTime': 0}, {'accountAlias': 'oCmYSgSgfWmYsR', 'asset': 'ETH', 'balance': '0.00000000', 'crossWalletBalance': '0.00000000', 'crossUnPnl': '0.00000000', 'availableBalance': '0.00000000', 'maxWithdrawAmount': '0.00000000', 'marginAvailable': True, 'updateTime': 0}, {'accountAlias': 'oCmYSgSgfWmYsR', 'asset': 'BTC', 'balance': '0.01000000', 'crossWalletBalance': '0.01000000', 'crossUnPnl': '0.00000000', 'availableBalance': '0.01000000', 'maxWithdrawAmount': '0.01000000', 'marginAvailable': True, 'updateTime': 1776777601189}, {'accountAlias': 'oCmYSgSgfWmYsR', 'asset': 'USDT', 'balance': '4966.30688552', 'crossWalletBalance': '4966.30688552', 'crossUnPnl': '1.82607832', 'availableBalance': '1271.51668384', 'maxWithdrawAmount': '1271.51668384', 'marginAvailable': True, 'updateTime': 1776786213751}, {'accountAlias': 'oCmYSgSgfWmYsR', 'asset': 'USDC', 'balance': '5000.00000000', 'crossWalletBalance': '5000.00000000', 'crossUnPnl': '0.00000000', 'availableBalance': '5000.00000000', 'maxWithdrawAmount': '5000.00000000', 'marginAvailable': True, 'updateTime': 1776777601169}]
2026-04-21 21:20:57 | INFO     | bot.orders | Fetching USDT account balance
2026-04-21 21:20:57 | INFO     | bot.orders | Fetching open orders (symbol=ALL)
2026-04-21 21:20:57 | DEBUG    | bot.client | GET https://testnet.binancefuture.com/fapi/v2/balance | params: {'timestamp': 1776786657605, 'recvWindow': 5000}
2026-04-21 21:20:57 | DEBUG    | bot.client | GET https://testnet.binancefuture.com/fapi/v1/openOrders | params: {'timestamp': 1776786657606, 'recvWindow': 5000}
2026-04-21 21:20:58 | DEBUG    | bot.client | Response [200]: []
2026-04-21 21:20:58 | DEBUG    | bot.client | Response [200]: [{'accountAlias': 'oCmYSgSgfWmYsR', 'asset': 'FDUSD', 'balance': '0.00000000', 'crossWalletBalance': '0.00000000', 'crossUnPnl': '0.00000000', 'availableBalance': '0.00000000', 'maxWithdrawAmount': '0.00000000', 'marginAvailable': True, 'updateTime': 0}, {'accountAlias': 'oCmYSgSgfWmYsR', 'asset': 'BNB', 'balance': '0.00000000', 'crossWalletBalance': '0.00000000', 'crossUnPnl': '0.00000000', 'availableBalance': '0.00000000', 'maxWithdrawAmount': '0.00000000', 'marginAvailable': True, 'updateTime': 0}, {'accountAlias': 'oCmYSgSgfWmYsR', 'asset': 'ETH', 'balance': '0.00000000', 'crossWalletBalance': '0.00000000', 'crossUnPnl': '0.00000000', 'availableBalance': '0.00000000', 'maxWithdrawAmount': '0.00000000', 'marginAvailable': True, 'updateTime': 0}, {'accountAlias': 'oCmYSgSgfWmYsR', 'asset': 'BTC', 'balance': '0.01000000', 'crossWalletBalance': '0.01000000', 'crossUnPnl': '0.00000000', 'availableBalance': '0.01000000', 'maxWithdrawAmount': '0.01000000', 'marginAvailable': True, 'updateTime': 1776777601189}, {'accountAlias': 'oCmYSgSgfWmYsR', 'asset': 'USDT', 'balance': '4966.30688552', 'crossWalletBalance': '4966.30688552', 'crossUnPnl': '-25.82302167', 'availableBalance': '1242.48512884', 'maxWithdrawAmount': '1242.48512884', 'marginAvailable': True, 'updateTime': 1776786213751}, {'accountAlias': 'oCmYSgSgfWmYsR', 'asset': 'USDC', 'balance': '5000.00000000', 'crossWalletBalance': '5000.00000000', 'crossUnPnl': '0.00000000', 'availableBalance': '5000.00000000', 'maxWithdrawAmount': '5000.00000000', 'marginAvailable': True, 'updateTime': 1776777601169}]
2026-04-21 21:21:02 | INFO     | bot.orders | Fetching open orders (symbol=ALL)
2026-04-21 21:21:02 | INFO     | bot.orders | Fetching USDT account balance
2026-04-21 21:21:02 | DEBUG    | bot.client | GET https://testnet.binancefuture.com/fapi/v1/openOrders | params: {'timestamp': 1776786662604, 'recvWindow': 5000}
2026-04-21 21:21:02 | DEBUG    | bot.client | GET https://testnet.binancefuture.com/fapi/v2/balance | params: {'timestamp': 1776786662604, 'recvWindow': 5000}
2026-04-21 21:21:03 | DEBUG    | bot.client | Response [200]: []
2026-04-21 21:21:03 | DEBUG    | bot.client | Response [200]: [{'accountAlias': 'oCmYSgSgfWmYsR', 'asset': 'FDUSD', 'balance': '0.00000000', 'crossWalletBalance': '0.00000000', 'crossUnPnl': '0.00000000', 'availableBalance': '0.00000000', 'maxWithdrawAmount': '0.00000000', 'marginAvailable': True, 'updateTime': 0}, {'accountAlias': 'oCmYSgSgfWmYsR', 'asset': 'BNB', 'balance': '0.00000000', 'crossWalletBalance': '0.00000000', 'crossUnPnl': '0.00000000', 'availableBalance': '0.00000000', 'maxWithdrawAmount': '0.00000000', 'marginAvailable': True, 'updateTime': 0}, {'accountAlias': 'oCmYSgSgfWmYsR', 'asset': 'ETH', 'balance': '0.00000000', 'crossWalletBalance': '0.00000000', 'crossUnPnl': '0.00000000', 'availableBalance': '0.00000000', 'maxWithdrawAmount': '0.00000000', 'marginAvailable': True, 'updateTime': 0}, {'accountAlias': 'oCmYSgSgfWmYsR', 'asset': 'BTC', 'balance': '0.01000000', 'crossWalletBalance': '0.01000000', 'crossUnPnl': '0.00000000', 'availableBalance': '0.01000000', 'maxWithdrawAmount': '0.01000000', 'marginAvailable': True, 'updateTime': 1776777601189}, {'accountAlias': 'oCmYSgSgfWmYsR', 'asset': 'USDT', 'balance': '4966.30688552', 'crossWalletBalance': '4966.30688552', 'crossUnPnl': '-25.04142167', 'availableBalance': '1243.30580885', 'maxWithdrawAmount': '1243.30580885', 'marginAvailable': True, 'updateTime': 1776786213751}, {'accountAlias': 'oCmYSgSgfWmYsR', 'asset': 'USDC', 'balance': '5000.00000000', 'crossWalletBalance': '5000.00000000', 'crossUnPnl': '0.00000000', 'availableBalance': '5000.00000000', 'maxWithdrawAmount': '5000.00000000', 'marginAvailable': True, 'updateTime': 1776777601169}]
2026-04-21 21:21:07 | INFO     | bot.orders | Fetching open orders (symbol=ALL)
2026-04-21 21:21:07 | INFO     | bot.orders | Fetching USDT account balance
2026-04-21 21:21:07 | DEBUG    | bot.client | GET https://testnet.binancefuture.com/fapi/v1/openOrders | params: {'timestamp': 1776786667608, 'recvWindow': 5000}
2026-04-21 21:21:07 | DEBUG    | bot.client | GET https://testnet.binancefuture.com/fapi/v2/balance | params: {'timestamp': 1776786667608, 'recvWindow': 5000}
2026-04-21 21:21:08 | DEBUG    | bot.client | Response [200]: [{'accountAlias': 'oCmYSgSgfWmYsR', 'asset': 'FDUSD', 'balance': '0.00000000', 'crossWalletBalance': '0.00000000', 'crossUnPnl': '0.00000000', 'availableBalance': '0.00000000', 'maxWithdrawAmount': '0.00000000', 'marginAvailable': True, 'updateTime': 0}, {'accountAlias': 'oCmYSgSgfWmYsR', 'asset': 'BNB', 'balance': '0.00000000', 'crossWalletBalance': '0.00000000', 'crossUnPnl': '0.00000000', 'availableBalance': '0.00000000', 'maxWithdrawAmount': '0.00000000', 'marginAvailable': True, 'updateTime': 0}, {'accountAlias': 'oCmYSgSgfWmYsR', 'asset': 'ETH', 'balance': '0.00000000', 'crossWalletBalance': '0.00000000', 'crossUnPnl': '0.00000000', 'availableBalance': '0.00000000', 'maxWithdrawAmount': '0.00000000', 'marginAvailable': True, 'updateTime': 0}, {'accountAlias': 'oCmYSgSgfWmYsR', 'asset': 'BTC', 'balance': '0.01000000', 'crossWalletBalance': '0.01000000', 'crossUnPnl': '0.00000000', 'availableBalance': '0.01000000', 'maxWithdrawAmount': '0.01000000', 'marginAvailable': True, 'updateTime': 1776777601189}, {'accountAlias': 'oCmYSgSgfWmYsR', 'asset': 'USDT', 'balance': '4966.30688552', 'crossWalletBalance': '4966.30688552', 'crossUnPnl': '-40.08722167', 'availableBalance': '1227.50771885', 'maxWithdrawAmount': '1227.50771885', 'marginAvailable': True, 'updateTime': 1776786213751}, {'accountAlias': 'oCmYSgSgfWmYsR', 'asset': 'USDC', 'balance': '5000.00000000', 'crossWalletBalance': '5000.00000000', 'crossUnPnl': '0.00000000', 'availableBalance': '5000.00000000', 'maxWithdrawAmount': '5000.00000000', 'marginAvailable': True, 'updateTime': 1776777601169}]
2026-04-21 21:21:08 | DEBUG    | bot.client | Response [200]: []
2026-04-21 21:21:12 | INFO     | bot.orders | Fetching open orders (symbol=ALL)
2026-04-21 21:21:12 | INFO     | bot.orders | Fetching USDT account balance
2026-04-21 21:21:12 | DEBUG    | bot.client | GET https://testnet.binancefuture.com/fapi/v1/openOrders | params: {'timestamp': 1776786672610, 'recvWindow': 5000}
2026-04-21 21:21:12 | DEBUG    | bot.client | GET https://testnet.binancefuture.com/fapi/v2/balance | params: {'timestamp': 1776786672610, 'recvWindow': 5000}
2026-04-21 21:21:15 | DEBUG    | bot.client | Response [200]: []
2026-04-21 21:21:15 | DEBUG    | bot.client | Response [200]: [{'accountAlias': 'oCmYSgSgfWmYsR', 'asset': 'FDUSD', 'balance': '0.00000000', 'crossWalletBalance': '0.00000000', 'crossUnPnl': '0.00000000', 'availableBalance': '0.00000000', 'maxWithdrawAmount': '0.00000000', 'marginAvailable': True, 'updateTime': 0}, {'accountAlias': 'oCmYSgSgfWmYsR', 'asset': 'BNB', 'balance': '0.00000000', 'crossWalletBalance': '0.00000000', 'crossUnPnl': '0.00000000', 'availableBalance': '0.00000000', 'maxWithdrawAmount': '0.00000000', 'marginAvailable': True, 'updateTime': 0}, {'accountAlias': 'oCmYSgSgfWmYsR', 'asset': 'ETH', 'balance': '0.00000000', 'crossWalletBalance': '0.00000000', 'crossUnPnl': '0.00000000', 'availableBalance': '0.00000000', 'maxWithdrawAmount': '0.00000000', 'marginAvailable': True, 'updateTime': 0}, {'accountAlias': 'oCmYSgSgfWmYsR', 'asset': 'BTC', 'balance': '0.01000000', 'crossWalletBalance': '0.01000000', 'crossUnPnl': '0.00000000', 'availableBalance': '0.01000000', 'maxWithdrawAmount': '0.01000000', 'marginAvailable': True, 'updateTime': 1776777601189}, {'accountAlias': 'oCmYSgSgfWmYsR', 'asset': 'USDT', 'balance': '4966.30688552', 'crossWalletBalance': '4966.30688552', 'crossUnPnl': '-56.79392167', 'availableBalance': '1209.96568384', 'maxWithdrawAmount': '1209.96568384', 'marginAvailable': True, 'updateTime': 1776786213751}, {'accountAlias': 'oCmYSgSgfWmYsR', 'asset': 'USDC', 'balance': '5000.00000000', 'crossWalletBalance': '5000.00000000', 'crossUnPnl': '0.00000000', 'availableBalance': '5000.00000000', 'maxWithdrawAmount': '5000.00000000', 'marginAvailable': True, 'updateTime': 1776777601169}]
2026-04-21 21:21:19 | INFO     | bot.orders | Fetching open orders (symbol=ALL)
2026-04-21 21:21:19 | DEBUG    | bot.client | GET https://testnet.binancefuture.com/fapi/v1/openOrders | params: {'timestamp': 1776786679611, 'recvWindow': 5000}
2026-04-21 21:21:19 | DEBUG    | bot.client | GET https://testnet.binancefuture.com/fapi/v2/balance | params: {'timestamp': 1776786679611, 'recvWindow': 5000}
2026-04-21 21:21:20 | DEBUG    | bot.client | Response [200]: []
2026-04-21 21:21:20 | INFO     | bot.orders | Fetching open orders (symbol=ALL)
2026-04-21 21:21:20 | DEBUG    | bot.client | GET https://testnet.binancefuture.com/fapi/v1/openOrders | params: {'timestamp': 1776786680431, 'recvWindow': 5000}
2026-04-21 21:21:22 | DEBUG    | bot.client | Response [200]: [{'accountAlias': 'oCmYSgSgfWmYsR', 'asset': 'FDUSD', 'balance': '0.00000000', 'crossWalletBalance': '0.00000000', 'crossUnPnl': '0.00000000', 'availableBalance': '0.00000000', 'maxWithdrawAmount': '0.00000000', 'marginAvailable': True, 'updateTime': 0}, {'accountAlias': 'oCmYSgSgfWmYsR', 'asset': 'BNB', 'balance': '0.00000000', 'crossWalletBalance': '0.00000000', 'crossUnPnl': '0.00000000', 'availableBalance': '0.00000000', 'maxWithdrawAmount': '0.00000000', 'marginAvailable': True, 'updateTime': 0}, {'accountAlias': 'oCmYSgSgfWmYsR', 'asset': 'ETH', 'balance': '0.00000000', 'crossWalletBalance': '0.00000000', 'crossUnPnl': '0.00000000', 'availableBalance': '0.00000000', 'maxWithdrawAmount': '0.00000000', 'marginAvailable': True, 'updateTime': 0}, {'accountAlias': 'oCmYSgSgfWmYsR', 'asset': 'BTC', 'balance': '0.01000000', 'crossWalletBalance': '0.01000000', 'crossUnPnl': '0.00000000', 'availableBalance': '0.01000000', 'maxWithdrawAmount': '0.01000000', 'marginAvailable': True, 'updateTime': 1776777601189}, {'accountAlias': 'oCmYSgSgfWmYsR', 'asset': 'USDT', 'balance': '4966.30688552', 'crossWalletBalance': '4966.30688552', 'crossUnPnl': '-49.07562167', 'availableBalance': '1218.06989885', 'maxWithdrawAmount': '1218.06989885', 'marginAvailable': True, 'updateTime': 1776786213751}, {'accountAlias': 'oCmYSgSgfWmYsR', 'asset': 'USDC', 'balance': '5000.00000000', 'crossWalletBalance': '5000.00000000', 'crossUnPnl': '0.00000000', 'availableBalance': '5000.00000000', 'maxWithdrawAmount': '5000.00000000', 'marginAvailable': True, 'updateTime': 1776777601169}]
2026-04-21 21:21:22 | INFO     | bot.orders | Fetching USDT account balance
2026-04-21 21:21:22 | DEBUG    | bot.client | GET https://testnet.binancefuture.com/fapi/v2/balance | params: {'timestamp': 1776786682860, 'recvWindow': 5000}
2026-04-21 21:21:23 | DEBUG    | bot.client | Response [200]: []
2026-04-21 21:21:23 | DEBUG    | bot.client | Response [200]: [{'accountAlias': 'oCmYSgSgfWmYsR', 'asset': 'FDUSD', 'balance': '0.00000000', 'crossWalletBalance': '0.00000000', 'crossUnPnl': '0.00000000', 'availableBalance': '0.00000000', 'maxWithdrawAmount': '0.00000000', 'marginAvailable': True, 'updateTime': 0}, {'accountAlias': 'oCmYSgSgfWmYsR', 'asset': 'BNB', 'balance': '0.00000000', 'crossWalletBalance': '0.00000000', 'crossUnPnl': '0.00000000', 'availableBalance': '0.00000000', 'maxWithdrawAmount': '0.00000000', 'marginAvailable': True, 'updateTime': 0}, {'accountAlias': 'oCmYSgSgfWmYsR', 'asset': 'ETH', 'balance': '0.00000000', 'crossWalletBalance': '0.00000000', 'crossUnPnl': '0.00000000', 'availableBalance': '0.00000000', 'maxWithdrawAmount': '0.00000000', 'marginAvailable': True, 'updateTime': 0}, {'accountAlias': 'oCmYSgSgfWmYsR', 'asset': 'BTC', 'balance': '0.01000000', 'crossWalletBalance': '0.01000000', 'crossUnPnl': '0.00000000', 'availableBalance': '0.01000000', 'maxWithdrawAmount': '0.01000000', 'marginAvailable': True, 'updateTime': 1776777601189}, {'accountAlias': 'oCmYSgSgfWmYsR', 'asset': 'USDT', 'balance': '4966.30688552', 'crossWalletBalance': '4966.30688552', 'crossUnPnl': '-49.07562167', 'availableBalance': '1218.06989885', 'maxWithdrawAmount': '1218.06989885', 'marginAvailable': True, 'updateTime': 1776786213751}, {'accountAlias': 'oCmYSgSgfWmYsR', 'asset': 'USDC', 'balance': '5000.00000000', 'crossWalletBalance': '5000.00000000', 'crossUnPnl': '0.00000000', 'availableBalance': '5000.00000000', 'maxWithdrawAmount': '5000.00000000', 'marginAvailable': True, 'updateTime': 1776777601169}]
2026-04-21 21:22:02 | INFO     | bot.orders | Fetching USDT account balance
2026-04-21 21:22:02 | DEBUG    | bot.client | GET https://testnet.binancefuture.com/fapi/v2/balance | params: {'timestamp': 1776786722848, 'recvWindow': 5000}
2026-04-21 21:22:02 | INFO     | bot.orders | Fetching open orders (symbol=ALL)
2026-04-21 21:22:02 | DEBUG    | bot.client | GET https://testnet.binancefuture.com/fapi/v1/openOrders | params: {'timestamp': 1776786722849, 'recvWindow': 5000}
2026-04-21 21:22:04 | DEBUG    | bot.client | Response [200]: []
2026-04-21 21:22:04 | DEBUG    | bot.client | Response [200]: [{'accountAlias': 'oCmYSgSgfWmYsR', 'asset': 'FDUSD', 'balance': '0.00000000', 'crossWalletBalance': '0.00000000', 'crossUnPnl': '0.00000000', 'availableBalance': '0.00000000', 'maxWithdrawAmount': '0.00000000', 'marginAvailable': True, 'updateTime': 0}, {'accountAlias': 'oCmYSgSgfWmYsR', 'asset': 'BNB', 'balance': '0.00000000', 'crossWalletBalance': '0.00000000', 'crossUnPnl': '0.00000000', 'availableBalance': '0.00000000', 'maxWithdrawAmount': '0.00000000', 'marginAvailable': True, 'updateTime': 0}, {'accountAlias': 'oCmYSgSgfWmYsR', 'asset': 'ETH', 'balance': '0.00000000', 'crossWalletBalance': '0.00000000', 'crossUnPnl': '0.00000000', 'availableBalance': '0.00000000', 'maxWithdrawAmount': '0.00000000', 'marginAvailable': True, 'updateTime': 0}, {'accountAlias': 'oCmYSgSgfWmYsR', 'asset': 'BTC', 'balance': '0.01000000', 'crossWalletBalance': '0.01000000', 'crossUnPnl': '0.00000000', 'availableBalance': '0.01000000', 'maxWithdrawAmount': '0.01000000', 'marginAvailable': True, 'updateTime': 1776777601189}, {'accountAlias': 'oCmYSgSgfWmYsR', 'asset': 'USDT', 'balance': '4966.30688552', 'crossWalletBalance': '4966.30688552', 'crossUnPnl': '-15.16625258', 'availableBalance': '1253.56956730', 'maxWithdrawAmount': '1253.56956730', 'marginAvailable': True, 'updateTime': 1776786213751}, {'accountAlias': 'oCmYSgSgfWmYsR', 'asset': 'USDC', 'balance': '5000.00000000', 'crossWalletBalance': '5000.00000000', 'crossUnPnl': '0.00000000', 'availableBalance': '5000.00000000', 'maxWithdrawAmount': '5000.00000000', 'marginAvailable': True, 'updateTime': 1776777601169}]
2026-04-21 21:22:06 | INFO     | bot.orders | Fetching open orders (symbol=ALL)
2026-04-21 21:22:06 | INFO     | bot.orders | Fetching USDT account balance
2026-04-21 21:22:06 | DEBUG    | bot.client | GET https://testnet.binancefuture.com/fapi/v1/openOrders | params: {'timestamp': 1776786726841, 'recvWindow': 5000}
2026-04-21 21:22:06 | DEBUG    | bot.client | GET https://testnet.binancefuture.com/fapi/v2/balance | params: {'timestamp': 1776786726841, 'recvWindow': 5000}
2026-04-21 21:22:08 | DEBUG    | bot.client | Response [200]: []
2026-04-21 21:22:08 | DEBUG    | bot.client | Response [200]: [{'accountAlias': 'oCmYSgSgfWmYsR', 'asset': 'FDUSD', 'balance': '0.00000000', 'crossWalletBalance': '0.00000000', 'crossUnPnl': '0.00000000', 'availableBalance': '0.00000000', 'maxWithdrawAmount': '0.00000000', 'marginAvailable': True, 'updateTime': 0}, {'accountAlias': 'oCmYSgSgfWmYsR', 'asset': 'BNB', 'balance': '0.00000000', 'crossWalletBalance': '0.00000000', 'crossUnPnl': '0.00000000', 'availableBalance': '0.00000000', 'maxWithdrawAmount': '0.00000000', 'marginAvailable': True, 'updateTime': 0}, {'accountAlias': 'oCmYSgSgfWmYsR', 'asset': 'ETH', 'balance': '0.00000000', 'crossWalletBalance': '0.00000000', 'crossUnPnl': '0.00000000', 'availableBalance': '0.00000000', 'maxWithdrawAmount': '0.00000000', 'marginAvailable': True, 'updateTime': 0}, {'accountAlias': 'oCmYSgSgfWmYsR', 'asset': 'BTC', 'balance': '0.01000000', 'crossWalletBalance': '0.01000000', 'crossUnPnl': '0.00000000', 'availableBalance': '0.01000000', 'maxWithdrawAmount': '0.01000000', 'marginAvailable': True, 'updateTime': 1776777601189}, {'accountAlias': 'oCmYSgSgfWmYsR', 'asset': 'USDT', 'balance': '4966.30688552', 'crossWalletBalance': '4966.30688552', 'crossUnPnl': '-18.39782167', 'availableBalance': '1250.28158885', 'maxWithdrawAmount': '1250.28158885', 'marginAvailable': True, 'updateTime': 1776786213751}, {'accountAlias': 'oCmYSgSgfWmYsR', 'asset': 'USDC', 'balance': '5000.00000000', 'crossWalletBalance': '5000.00000000', 'crossUnPnl': '0.00000000', 'availableBalance': '5000.00000000', 'maxWithdrawAmount': '5000.00000000', 'marginAvailable': True, 'updateTime': 1776777601169}]
2026-04-21 21:22:09 | INFO     | bot.orders | Fetching open orders (symbol=ALL)
2026-04-21 21:22:09 | INFO     | bot.orders | Fetching USDT account balance
2026-04-21 21:22:09 | DEBUG    | bot.client | GET https://testnet.binancefuture.com/fapi/v1/openOrders | params: {'timestamp': 1776786729584, 'recvWindow': 5000}
2026-04-21 21:22:09 | DEBUG    | bot.client | GET https://testnet.binancefuture.com/fapi/v2/balance | params: {'timestamp': 1776786729584, 'recvWindow': 5000}
2026-04-21 21:22:10 | DEBUG    | bot.client | Response [200]: []
2026-04-21 21:22:10 | DEBUG    | bot.client | Response [200]: [{'accountAlias': 'oCmYSgSgfWmYsR', 'asset': 'FDUSD', 'balance': '0.00000000', 'crossWalletBalance': '0.00000000', 'crossUnPnl': '0.00000000', 'availableBalance': '0.00000000', 'maxWithdrawAmount': '0.00000000', 'marginAvailable': True, 'updateTime': 0}, {'accountAlias': 'oCmYSgSgfWmYsR', 'asset': 'BNB', 'balance': '0.00000000', 'crossWalletBalance': '0.00000000', 'crossUnPnl': '0.00000000', 'availableBalance': '0.00000000', 'maxWithdrawAmount': '0.00000000', 'marginAvailable': True, 'updateTime': 0}, {'accountAlias': 'oCmYSgSgfWmYsR', 'asset': 'ETH', 'balance': '0.00000000', 'crossWalletBalance': '0.00000000', 'crossUnPnl': '0.00000000', 'availableBalance': '0.00000000', 'maxWithdrawAmount': '0.00000000', 'marginAvailable': True, 'updateTime': 0}, {'accountAlias': 'oCmYSgSgfWmYsR', 'asset': 'BTC', 'balance': '0.01000000', 'crossWalletBalance': '0.01000000', 'crossUnPnl': '0.00000000', 'availableBalance': '0.01000000', 'maxWithdrawAmount': '0.01000000', 'marginAvailable': True, 'updateTime': 1776777601189}, {'accountAlias': 'oCmYSgSgfWmYsR', 'asset': 'USDT', 'balance': '4966.30688552', 'crossWalletBalance': '4966.30688552', 'crossUnPnl': '-17.94493262', 'availableBalance': '1250.75712235', 'maxWithdrawAmount': '1250.75712235', 'marginAvailable': True, 'updateTime': 1776786213751}, {'accountAlias': 'oCmYSgSgfWmYsR', 'asset': 'USDC', 'balance': '5000.00000000', 'crossWalletBalance': '5000.00000000', 'crossUnPnl': '0.00000000', 'availableBalance': '5000.00000000', 'maxWithdrawAmount': '5000.00000000', 'marginAvailable': True, 'updateTime': 1776777601169}]
2026-04-21 21:22:14 | INFO     | bot.orders | Fetching open orders (symbol=ALL)
2026-04-21 21:22:14 | INFO     | bot.orders | Fetching USDT account balance
2026-04-21 21:22:14 | DEBUG    | bot.client | GET https://testnet.binancefuture.com/fapi/v1/openOrders | params: {'timestamp': 1776786734589, 'recvWindow': 5000}
2026-04-21 21:22:14 | DEBUG    | bot.client | GET https://testnet.binancefuture.com/fapi/v2/balance | params: {'timestamp': 1776786734589, 'recvWindow': 5000}
2026-04-21 21:22:15 | DEBUG    | bot.client | Response [200]: [{'accountAlias': 'oCmYSgSgfWmYsR', 'asset': 'FDUSD', 'balance': '0.00000000', 'crossWalletBalance': '0.00000000', 'crossUnPnl': '0.00000000', 'availableBalance': '0.00000000', 'maxWithdrawAmount': '0.00000000', 'marginAvailable': True, 'updateTime': 0}, {'accountAlias': 'oCmYSgSgfWmYsR', 'asset': 'BNB', 'balance': '0.00000000', 'crossWalletBalance': '0.00000000', 'crossUnPnl': '0.00000000', 'availableBalance': '0.00000000', 'maxWithdrawAmount': '0.00000000', 'marginAvailable': True, 'updateTime': 0}, {'accountAlias': 'oCmYSgSgfWmYsR', 'asset': 'ETH', 'balance': '0.00000000', 'crossWalletBalance': '0.00000000', 'crossUnPnl': '0.00000000', 'availableBalance': '0.00000000', 'maxWithdrawAmount': '0.00000000', 'marginAvailable': True, 'updateTime': 0}, {'accountAlias': 'oCmYSgSgfWmYsR', 'asset': 'BTC', 'balance': '0.01000000', 'crossWalletBalance': '0.01000000', 'crossUnPnl': '0.00000000', 'availableBalance': '0.01000000', 'maxWithdrawAmount': '0.01000000', 'marginAvailable': True, 'updateTime': 1776777601189}, {'accountAlias': 'oCmYSgSgfWmYsR', 'asset': 'USDT', 'balance': '4966.30688552', 'crossWalletBalance': '4966.30688552', 'crossUnPnl': '-32.95512167', 'availableBalance': '1234.99642385', 'maxWithdrawAmount': '1234.99642385', 'marginAvailable': True, 'updateTime': 1776786213751}, {'accountAlias': 'oCmYSgSgfWmYsR', 'asset': 'USDC', 'balance': '5000.00000000', 'crossWalletBalance': '5000.00000000', 'crossUnPnl': '0.00000000', 'availableBalance': '5000.00000000', 'maxWithdrawAmount': '5000.00000000', 'marginAvailable': True, 'updateTime': 1776777601169}]
2026-04-21 21:22:15 | DEBUG    | bot.client | Response [200]: []
2026-04-21 21:22:19 | INFO     | bot.orders | Fetching open orders (symbol=ALL)
2026-04-21 21:22:19 | INFO     | bot.orders | Fetching USDT account balance
2026-04-21 21:22:19 | DEBUG    | bot.client | GET https://testnet.binancefuture.com/fapi/v1/openOrders | params: {'timestamp': 1776786739586, 'recvWindow': 5000}
2026-04-21 21:22:19 | DEBUG    | bot.client | GET https://testnet.binancefuture.com/fapi/v2/balance | params: {'timestamp': 1776786739587, 'recvWindow': 5000}
2026-04-21 21:22:20 | DEBUG    | bot.client | Response [200]: []
2026-04-21 21:22:20 | DEBUG    | bot.client | Response [200]: [{'accountAlias': 'oCmYSgSgfWmYsR', 'asset': 'FDUSD', 'balance': '0.00000000', 'crossWalletBalance': '0.00000000', 'crossUnPnl': '0.00000000', 'availableBalance': '0.00000000', 'maxWithdrawAmount': '0.00000000', 'marginAvailable': True, 'updateTime': 0}, {'accountAlias': 'oCmYSgSgfWmYsR', 'asset': 'BNB', 'balance': '0.00000000', 'crossWalletBalance': '0.00000000', 'crossUnPnl': '0.00000000', 'availableBalance': '0.00000000', 'maxWithdrawAmount': '0.00000000', 'marginAvailable': True, 'updateTime': 0}, {'accountAlias': 'oCmYSgSgfWmYsR', 'asset': 'ETH', 'balance': '0.00000000', 'crossWalletBalance': '0.00000000', 'crossUnPnl': '0.00000000', 'availableBalance': '0.00000000', 'maxWithdrawAmount': '0.00000000', 'marginAvailable': True, 'updateTime': 0}, {'accountAlias': 'oCmYSgSgfWmYsR', 'asset': 'BTC', 'balance': '0.01000000', 'crossWalletBalance': '0.01000000', 'crossUnPnl': '0.00000000', 'availableBalance': '0.01000000', 'maxWithdrawAmount': '0.01000000', 'marginAvailable': True, 'updateTime': 1776777601189}, {'accountAlias': 'oCmYSgSgfWmYsR', 'asset': 'USDT', 'balance': '4966.30688552', 'crossWalletBalance': '4966.30688552', 'crossUnPnl': '-30.21952167', 'availableBalance': '1237.86880385', 'maxWithdrawAmount': '1237.86880385', 'marginAvailable': True, 'updateTime': 1776786213751}, {'accountAlias': 'oCmYSgSgfWmYsR', 'asset': 'USDC', 'balance': '5000.00000000', 'crossWalletBalance': '5000.00000000', 'crossUnPnl': '0.00000000', 'availableBalance': '5000.00000000', 'maxWithdrawAmount': '5000.00000000', 'marginAvailable': True, 'updateTime': 1776777601169}]
2026-04-21 21:22:20 | INFO     | bot.orders | Fetching USDT account balance
2026-04-21 21:22:20 | INFO     | bot.orders | Fetching open orders (symbol=ALL)
2026-04-21 21:22:20 | DEBUG    | bot.client | GET https://testnet.binancefuture.com/fapi/v2/balance | params: {'timestamp': 1776786740936, 'recvWindow': 5000}
2026-04-21 21:22:20 | DEBUG    | bot.client | GET https://testnet.binancefuture.com/fapi/v1/openOrders | params: {'timestamp': 1776786740936, 'recvWindow': 5000}
2026-04-21 21:22:22 | DEBUG    | bot.client | Response [200]: []
2026-04-21 21:22:22 | DEBUG    | bot.client | Response [200]: [{'accountAlias': 'oCmYSgSgfWmYsR', 'asset': 'FDUSD', 'balance': '0.00000000', 'crossWalletBalance': '0.00000000', 'crossUnPnl': '0.00000000', 'availableBalance': '0.00000000', 'maxWithdrawAmount': '0.00000000', 'marginAvailable': True, 'updateTime': 0}, {'accountAlias': 'oCmYSgSgfWmYsR', 'asset': 'BNB', 'balance': '0.00000000', 'crossWalletBalance': '0.00000000', 'crossUnPnl': '0.00000000', 'availableBalance': '0.00000000', 'maxWithdrawAmount': '0.00000000', 'marginAvailable': True, 'updateTime': 0}, {'accountAlias': 'oCmYSgSgfWmYsR', 'asset': 'ETH', 'balance': '0.00000000', 'crossWalletBalance': '0.00000000', 'crossUnPnl': '0.00000000', 'availableBalance': '0.00000000', 'maxWithdrawAmount': '0.00000000', 'marginAvailable': True, 'updateTime': 0}, {'accountAlias': 'oCmYSgSgfWmYsR', 'asset': 'BTC', 'balance': '0.01000000', 'crossWalletBalance': '0.01000000', 'crossUnPnl': '0.00000000', 'availableBalance': '0.01000000', 'maxWithdrawAmount': '0.01000000', 'marginAvailable': True, 'updateTime': 1776777601189}, {'accountAlias': 'oCmYSgSgfWmYsR', 'asset': 'USDT', 'balance': '4966.30688552', 'crossWalletBalance': '4966.30688552', 'crossUnPnl': '-30.12182167', 'availableBalance': '1237.97138885', 'maxWithdrawAmount': '1237.97138885', 'marginAvailable': True, 'updateTime': 1776786213751}, {'accountAlias': 'oCmYSgSgfWmYsR', 'asset': 'USDC', 'balance': '5000.00000000', 'crossWalletBalance': '5000.00000000', 'crossUnPnl': '0.00000000', 'availableBalance': '5000.00000000', 'maxWithdrawAmount': '5000.00000000', 'marginAvailable': True, 'updateTime': 1776777601169}]
2026-04-21 21:22:24 | INFO     | bot.orders | Fetching open orders (symbol=ALL)
2026-04-21 21:22:24 | INFO     | bot.orders | Fetching USDT account balance
2026-04-21 21:22:24 | DEBUG    | bot.client | GET https://testnet.binancefuture.com/fapi/v1/openOrders | params: {'timestamp': 1776786744588, 'recvWindow': 5000}
2026-04-21 21:22:24 | DEBUG    | bot.client | GET https://testnet.binancefuture.com/fapi/v2/balance | params: {'timestamp': 1776786744588, 'recvWindow': 5000}
2026-04-21 21:22:25 | DEBUG    | bot.client | Response [200]: []
2026-04-21 21:22:25 | DEBUG    | bot.client | Response [200]: [{'accountAlias': 'oCmYSgSgfWmYsR', 'asset': 'FDUSD', 'balance': '0.00000000', 'crossWalletBalance': '0.00000000', 'crossUnPnl': '0.00000000', 'availableBalance': '0.00000000', 'maxWithdrawAmount': '0.00000000', 'marginAvailable': True, 'updateTime': 0}, {'accountAlias': 'oCmYSgSgfWmYsR', 'asset': 'BNB', 'balance': '0.00000000', 'crossWalletBalance': '0.00000000', 'crossUnPnl': '0.00000000', 'availableBalance': '0.00000000', 'maxWithdrawAmount': '0.00000000', 'marginAvailable': True, 'updateTime': 0}, {'accountAlias': 'oCmYSgSgfWmYsR', 'asset': 'ETH', 'balance': '0.00000000', 'crossWalletBalance': '0.00000000', 'crossUnPnl': '0.00000000', 'availableBalance': '0.00000000', 'maxWithdrawAmount': '0.00000000', 'marginAvailable': True, 'updateTime': 0}, {'accountAlias': 'oCmYSgSgfWmYsR', 'asset': 'BTC', 'balance': '0.01000000', 'crossWalletBalance': '0.01000000', 'crossUnPnl': '0.00000000', 'availableBalance': '0.01000000', 'maxWithdrawAmount': '0.01000000', 'marginAvailable': True, 'updateTime': 1776777601189}, {'accountAlias': 'oCmYSgSgfWmYsR', 'asset': 'USDT', 'balance': '4966.30688552', 'crossWalletBalance': '4966.30688552', 'crossUnPnl': '-24.44653133', 'availableBalance': '1243.93044370', 'maxWithdrawAmount': '1243.93044370', 'marginAvailable': True, 'updateTime': 1776786213751}, {'accountAlias': 'oCmYSgSgfWmYsR', 'asset': 'USDC', 'balance': '5000.00000000', 'crossWalletBalance': '5000.00000000', 'crossUnPnl': '0.00000000', 'availableBalance': '5000.00000000', 'maxWithdrawAmount': '5000.00000000', 'marginAvailable': True, 'updateTime': 1776777601169}]
2026-04-21 21:22:29 | INFO     | bot.orders | Fetching USDT account balance
2026-04-21 21:22:29 | INFO     | bot.orders | Fetching open orders (symbol=ALL)
2026-04-21 21:22:29 | DEBUG    | bot.client | GET https://testnet.binancefuture.com/fapi/v2/balance | params: {'timestamp': 1776786749611, 'recvWindow': 5000}
2026-04-21 21:22:29 | DEBUG    | bot.client | GET https://testnet.binancefuture.com/fapi/v1/openOrders | params: {'timestamp': 1776786749611, 'recvWindow': 5000}
2026-04-21 21:22:30 | DEBUG    | bot.client | Response [200]: []
2026-04-21 21:22:30 | DEBUG    | bot.client | Response [200]: [{'accountAlias': 'oCmYSgSgfWmYsR', 'asset': 'FDUSD', 'balance': '0.00000000', 'crossWalletBalance': '0.00000000', 'crossUnPnl': '0.00000000', 'availableBalance': '0.00000000', 'maxWithdrawAmount': '0.00000000', 'marginAvailable': True, 'updateTime': 0}, {'accountAlias': 'oCmYSgSgfWmYsR', 'asset': 'BNB', 'balance': '0.00000000', 'crossWalletBalance': '0.00000000', 'crossUnPnl': '0.00000000', 'availableBalance': '0.00000000', 'maxWithdrawAmount': '0.00000000', 'marginAvailable': True, 'updateTime': 0}, {'accountAlias': 'oCmYSgSgfWmYsR', 'asset': 'ETH', 'balance': '0.00000000', 'crossWalletBalance': '0.00000000', 'crossUnPnl': '0.00000000', 'availableBalance': '0.00000000', 'maxWithdrawAmount': '0.00000000', 'marginAvailable': True, 'updateTime': 0}, {'accountAlias': 'oCmYSgSgfWmYsR', 'asset': 'BTC', 'balance': '0.01000000', 'crossWalletBalance': '0.01000000', 'crossUnPnl': '0.00000000', 'availableBalance': '0.01000000', 'maxWithdrawAmount': '0.01000000', 'marginAvailable': True, 'updateTime': 1776777601189}, {'accountAlias': 'oCmYSgSgfWmYsR', 'asset': 'USDT', 'balance': '4966.30688552', 'crossWalletBalance': '4966.30688552', 'crossUnPnl': '-23.81249019', 'availableBalance': '1244.59618690', 'maxWithdrawAmount': '1244.59618690', 'marginAvailable': True, 'updateTime': 1776786213751}, {'accountAlias': 'oCmYSgSgfWmYsR', 'asset': 'USDC', 'balance': '5000.00000000', 'crossWalletBalance': '5000.00000000', 'crossUnPnl': '0.00000000', 'availableBalance': '5000.00000000', 'maxWithdrawAmount': '5000.00000000', 'marginAvailable': True, 'updateTime': 1776777601169}]
2026-04-21 21:22:34 | INFO     | bot.orders | Fetching open orders (symbol=ALL)
2026-04-21 21:22:34 | INFO     | bot.orders | Fetching USDT account balance
2026-04-21 21:22:34 | DEBUG    | bot.client | GET https://testnet.binancefuture.com/fapi/v1/openOrders | params: {'timestamp': 1776786754611, 'recvWindow': 5000}
2026-04-21 21:22:34 | DEBUG    | bot.client | GET https://testnet.binancefuture.com/fapi/v2/balance | params: {'timestamp': 1776786754611, 'recvWindow': 5000}
2026-04-21 21:22:35 | DEBUG    | bot.client | Response [200]: []
2026-04-21 21:22:35 | DEBUG    | bot.client | Response [200]: [{'accountAlias': 'oCmYSgSgfWmYsR', 'asset': 'FDUSD', 'balance': '0.00000000', 'crossWalletBalance': '0.00000000', 'crossUnPnl': '0.00000000', 'availableBalance': '0.00000000', 'maxWithdrawAmount': '0.00000000', 'marginAvailable': True, 'updateTime': 0}, {'accountAlias': 'oCmYSgSgfWmYsR', 'asset': 'BNB', 'balance': '0.00000000', 'crossWalletBalance': '0.00000000', 'crossUnPnl': '0.00000000', 'availableBalance': '0.00000000', 'maxWithdrawAmount': '0.00000000', 'marginAvailable': True, 'updateTime': 0}, {'accountAlias': 'oCmYSgSgfWmYsR', 'asset': 'ETH', 'balance': '0.00000000', 'crossWalletBalance': '0.00000000', 'crossUnPnl': '0.00000000', 'availableBalance': '0.00000000', 'maxWithdrawAmount': '0.00000000', 'marginAvailable': True, 'updateTime': 0}, {'accountAlias': 'oCmYSgSgfWmYsR', 'asset': 'BTC', 'balance': '0.01000000', 'crossWalletBalance': '0.01000000', 'crossUnPnl': '0.00000000', 'availableBalance': '0.01000000', 'maxWithdrawAmount': '0.01000000', 'marginAvailable': True, 'updateTime': 1776777601189}, {'accountAlias': 'oCmYSgSgfWmYsR', 'asset': 'USDT', 'balance': '4966.30688552', 'crossWalletBalance': '4966.30688552', 'crossUnPnl': '-26.81104832', 'availableBalance': '1241.44770086', 'maxWithdrawAmount': '1241.44770086', 'marginAvailable': True, 'updateTime': 1776786213751}, {'accountAlias': 'oCmYSgSgfWmYsR', 'asset': 'USDC', 'balance': '5000.00000000', 'crossWalletBalance': '5000.00000000', 'crossUnPnl': '0.00000000', 'availableBalance': '5000.00000000', 'maxWithdrawAmount': '5000.00000000', 'marginAvailable': True, 'updateTime': 1776777601169}]
2026-04-21 21:22:39 | INFO     | bot.orders | Fetching open orders (symbol=ALL)
2026-04-21 21:22:39 | INFO     | bot.orders | Fetching USDT account balance
2026-04-21 21:22:39 | DEBUG    | bot.client | GET https://testnet.binancefuture.com/fapi/v1/openOrders | params: {'timestamp': 1776786759610, 'recvWindow': 5000}
2026-04-21 21:22:39 | DEBUG    | bot.client | GET https://testnet.binancefuture.com/fapi/v2/balance | params: {'timestamp': 1776786759610, 'recvWindow': 5000}
2026-04-21 21:22:40 | DEBUG    | bot.client | Response [200]: []
2026-04-21 21:22:40 | DEBUG    | bot.client | Response [200]: [{'accountAlias': 'oCmYSgSgfWmYsR', 'asset': 'FDUSD', 'balance': '0.00000000', 'crossWalletBalance': '0.00000000', 'crossUnPnl': '0.00000000', 'availableBalance': '0.00000000', 'maxWithdrawAmount': '0.00000000', 'marginAvailable': True, 'updateTime': 0}, {'accountAlias': 'oCmYSgSgfWmYsR', 'asset': 'BNB', 'balance': '0.00000000', 'crossWalletBalance': '0.00000000', 'crossUnPnl': '0.00000000', 'availableBalance': '0.00000000', 'maxWithdrawAmount': '0.00000000', 'marginAvailable': True, 'updateTime': 0}, {'accountAlias': 'oCmYSgSgfWmYsR', 'asset': 'ETH', 'balance': '0.00000000', 'crossWalletBalance': '0.00000000', 'crossUnPnl': '0.00000000', 'availableBalance': '0.00000000', 'maxWithdrawAmount': '0.00000000', 'marginAvailable': True, 'updateTime': 0}, {'accountAlias': 'oCmYSgSgfWmYsR', 'asset': 'BTC', 'balance': '0.01000000', 'crossWalletBalance': '0.01000000', 'crossUnPnl': '0.00000000', 'availableBalance': '0.01000000', 'maxWithdrawAmount': '0.01000000', 'marginAvailable': True, 'updateTime': 1776777601189}, {'accountAlias': 'oCmYSgSgfWmYsR', 'asset': 'USDT', 'balance': '4966.30688552', 'crossWalletBalance': '4966.30688552', 'crossUnPnl': '-25.91778359', 'availableBalance': '1242.38562883', 'maxWithdrawAmount': '1242.38562883', 'marginAvailable': True, 'updateTime': 1776786213751}, {'accountAlias': 'oCmYSgSgfWmYsR', 'asset': 'USDC', 'balance': '5000.00000000', 'crossWalletBalance': '5000.00000000', 'crossUnPnl': '0.00000000', 'availableBalance': '5000.00000000', 'maxWithdrawAmount': '5000.00000000', 'marginAvailable': True, 'updateTime': 1776777601169}]
2026-04-21 21:23:19 | INFO     | bot.orders | Fetching USDT account balance
2026-04-21 21:23:19 | INFO     | bot.orders | Fetching open orders (symbol=ALL)
2026-04-21 21:23:19 | DEBUG    | bot.client | GET https://testnet.binancefuture.com/fapi/v2/balance | params: {'timestamp': 1776786799912, 'recvWindow': 5000}
2026-04-21 21:23:19 | DEBUG    | bot.client | GET https://testnet.binancefuture.com/fapi/v1/openOrders | params: {'timestamp': 1776786799912, 'recvWindow': 5000}
2026-04-21 21:23:20 | DEBUG    | bot.client | Response [200]: []
2026-04-21 21:23:20 | DEBUG    | bot.client | Response [200]: [{'accountAlias': 'oCmYSgSgfWmYsR', 'asset': 'FDUSD', 'balance': '0.00000000', 'crossWalletBalance': '0.00000000', 'crossUnPnl': '0.00000000', 'availableBalance': '0.00000000', 'maxWithdrawAmount': '0.00000000', 'marginAvailable': True, 'updateTime': 0}, {'accountAlias': 'oCmYSgSgfWmYsR', 'asset': 'BNB', 'balance': '0.00000000', 'crossWalletBalance': '0.00000000', 'crossUnPnl': '0.00000000', 'availableBalance': '0.00000000', 'maxWithdrawAmount': '0.00000000', 'marginAvailable': True, 'updateTime': 0}, {'accountAlias': 'oCmYSgSgfWmYsR', 'asset': 'ETH', 'balance': '0.00000000', 'crossWalletBalance': '0.00000000', 'crossUnPnl': '0.00000000', 'availableBalance': '0.00000000', 'maxWithdrawAmount': '0.00000000', 'marginAvailable': True, 'updateTime': 0}, {'accountAlias': 'oCmYSgSgfWmYsR', 'asset': 'BTC', 'balance': '0.01000000', 'crossWalletBalance': '0.01000000', 'crossUnPnl': '0.00000000', 'availableBalance': '0.01000000', 'maxWithdrawAmount': '0.01000000', 'marginAvailable': True, 'updateTime': 1776777601189}, {'accountAlias': 'oCmYSgSgfWmYsR', 'asset': 'USDT', 'balance': '4966.30688552', 'crossWalletBalance': '4966.30688552', 'crossUnPnl': '-15.05947285', 'availableBalance': '1243.21870629', 'maxWithdrawAmount': '1243.21870629', 'marginAvailable': True, 'updateTime': 1776786213751}, {'accountAlias': 'oCmYSgSgfWmYsR', 'asset': 'USDC', 'balance': '5000.00000000', 'crossWalletBalance': '5000.00000000', 'crossUnPnl': '0.00000000', 'availableBalance': '5000.00000000', 'maxWithdrawAmount': '5000.00000000', 'marginAvailable': True, 'updateTime': 1776777601169}]
2026-04-21 21:23:53 | INFO     | bot.orders | Fetching USDT account balance
2026-04-21 21:23:53 | DEBUG    | bot.client | GET https://testnet.binancefuture.com/fapi/v2/balance | params: {'timestamp': 1776786833014, 'recvWindow': 5000}
2026-04-21 21:23:53 | INFO     | bot.orders | Fetching open orders (symbol=ALL)
2026-04-21 21:23:53 | DEBUG    | bot.client | GET https://testnet.binancefuture.com/fapi/v1/openOrders | params: {'timestamp': 1776786833323, 'recvWindow': 5000}
2026-04-21 21:23:55 | DEBUG    | bot.client | Response [200]: []
2026-04-21 21:23:55 | DEBUG    | bot.client | Response [200]: [{'accountAlias': 'oCmYSgSgfWmYsR', 'asset': 'FDUSD', 'balance': '0.00000000', 'crossWalletBalance': '0.00000000', 'crossUnPnl': '0.00000000', 'availableBalance': '0.00000000', 'maxWithdrawAmount': '0.00000000', 'marginAvailable': True, 'updateTime': 0}, {'accountAlias': 'oCmYSgSgfWmYsR', 'asset': 'BNB', 'balance': '0.00000000', 'crossWalletBalance': '0.00000000', 'crossUnPnl': '0.00000000', 'availableBalance': '0.00000000', 'maxWithdrawAmount': '0.00000000', 'marginAvailable': True, 'updateTime': 0}, {'accountAlias': 'oCmYSgSgfWmYsR', 'asset': 'ETH', 'balance': '0.00000000', 'crossWalletBalance': '0.00000000', 'crossUnPnl': '0.00000000', 'availableBalance': '0.00000000', 'maxWithdrawAmount': '0.00000000', 'marginAvailable': True, 'updateTime': 0}, {'accountAlias': 'oCmYSgSgfWmYsR', 'asset': 'BTC', 'balance': '0.01000000', 'crossWalletBalance': '0.01000000', 'crossUnPnl': '0.00000000', 'availableBalance': '0.01000000', 'maxWithdrawAmount': '0.01000000', 'marginAvailable': True, 'updateTime': 1776777601189}, {'accountAlias': 'oCmYSgSgfWmYsR', 'asset': 'USDT', 'balance': '4966.30688552', 'crossWalletBalance': '4966.30688552', 'crossUnPnl': '-21.99739410', 'availableBalance': '1235.25121022', 'maxWithdrawAmount': '1235.25121022', 'marginAvailable': True, 'updateTime': 1776786213751}, {'accountAlias': 'oCmYSgSgfWmYsR', 'asset': 'USDC', 'balance': '5000.00000000', 'crossWalletBalance': '5000.00000000', 'crossUnPnl': '0.00000000', 'availableBalance': '5000.00000000', 'maxWithdrawAmount': '5000.00000000', 'marginAvailable': True, 'updateTime': 1776777601169}]
2026-04-21 21:23:58 | INFO     | bot.orders | Fetching open orders (symbol=ALL)
2026-04-21 21:23:58 | INFO     | bot.orders | Fetching USDT account balance
2026-04-21 21:23:58 | DEBUG    | bot.client | GET https://testnet.binancefuture.com/fapi/v1/openOrders | params: {'timestamp': 1776786838017, 'recvWindow': 5000}
2026-04-21 21:23:58 | DEBUG    | bot.client | GET https://testnet.binancefuture.com/fapi/v2/balance | params: {'timestamp': 1776786838017, 'recvWindow': 5000}
2026-04-21 21:23:59 | DEBUG    | bot.client | Response [200]: [{'accountAlias': 'oCmYSgSgfWmYsR', 'asset': 'FDUSD', 'balance': '0.00000000', 'crossWalletBalance': '0.00000000', 'crossUnPnl': '0.00000000', 'availableBalance': '0.00000000', 'maxWithdrawAmount': '0.00000000', 'marginAvailable': True, 'updateTime': 0}, {'accountAlias': 'oCmYSgSgfWmYsR', 'asset': 'BNB', 'balance': '0.00000000', 'crossWalletBalance': '0.00000000', 'crossUnPnl': '0.00000000', 'availableBalance': '0.00000000', 'maxWithdrawAmount': '0.00000000', 'marginAvailable': True, 'updateTime': 0}, {'accountAlias': 'oCmYSgSgfWmYsR', 'asset': 'ETH', 'balance': '0.00000000', 'crossWalletBalance': '0.00000000', 'crossUnPnl': '0.00000000', 'availableBalance': '0.00000000', 'maxWithdrawAmount': '0.00000000', 'marginAvailable': True, 'updateTime': 0}, {'accountAlias': 'oCmYSgSgfWmYsR', 'asset': 'BTC', 'balance': '0.01000000', 'crossWalletBalance': '0.01000000', 'crossUnPnl': '0.00000000', 'availableBalance': '0.01000000', 'maxWithdrawAmount': '0.01000000', 'marginAvailable': True, 'updateTime': 1776777601189}, {'accountAlias': 'oCmYSgSgfWmYsR', 'asset': 'USDT', 'balance': '4966.30688552', 'crossWalletBalance': '4966.30688552', 'crossUnPnl': '-13.21304905', 'availableBalance': '1235.69042748', 'maxWithdrawAmount': '1235.69042748', 'marginAvailable': True, 'updateTime': 1776786213751}, {'accountAlias': 'oCmYSgSgfWmYsR', 'asset': 'USDC', 'balance': '5000.00000000', 'crossWalletBalance': '5000.00000000', 'crossUnPnl': '0.00000000', 'availableBalance': '5000.00000000', 'maxWithdrawAmount': '5000.00000000', 'marginAvailable': True, 'updateTime': 1776777601169}]
2026-04-21 21:23:59 | DEBUG    | bot.client | Response [200]: []
2026-04-21 21:24:03 | INFO     | bot.orders | Fetching open orders (symbol=ALL)
2026-04-21 21:24:03 | DEBUG    | bot.client | GET https://testnet.binancefuture.com/fapi/v1/openOrders | params: {'timestamp': 1776786843600, 'recvWindow': 5000}
2026-04-21 21:24:03 | DEBUG    | bot.client | GET https://testnet.binancefuture.com/fapi/v2/balance | params: {'timestamp': 1776786843601, 'recvWindow': 5000}
2026-04-21 21:24:04 | DEBUG    | bot.client | Response [200]: [{'accountAlias': 'oCmYSgSgfWmYsR', 'asset': 'FDUSD', 'balance': '0.00000000', 'crossWalletBalance': '0.00000000', 'crossUnPnl': '0.00000000', 'availableBalance': '0.00000000', 'maxWithdrawAmount': '0.00000000', 'marginAvailable': True, 'updateTime': 0}, {'accountAlias': 'oCmYSgSgfWmYsR', 'asset': 'BNB', 'balance': '0.00000000', 'crossWalletBalance': '0.00000000', 'crossUnPnl': '0.00000000', 'availableBalance': '0.00000000', 'maxWithdrawAmount': '0.00000000', 'marginAvailable': True, 'updateTime': 0}, {'accountAlias': 'oCmYSgSgfWmYsR', 'asset': 'ETH', 'balance': '0.00000000', 'crossWalletBalance': '0.00000000', 'crossUnPnl': '0.00000000', 'availableBalance': '0.00000000', 'maxWithdrawAmount': '0.00000000', 'marginAvailable': True, 'updateTime': 0}, {'accountAlias': 'oCmYSgSgfWmYsR', 'asset': 'BTC', 'balance': '0.01000000', 'crossWalletBalance': '0.01000000', 'crossUnPnl': '0.00000000', 'availableBalance': '0.01000000', 'maxWithdrawAmount': '0.01000000', 'marginAvailable': True, 'updateTime': 1776777601189}, {'accountAlias': 'oCmYSgSgfWmYsR', 'asset': 'USDT', 'balance': '4966.30688552', 'crossWalletBalance': '4966.30688552', 'crossUnPnl': '-7.26639341', 'availableBalance': '1236.08546026', 'maxWithdrawAmount': '1236.08546026', 'marginAvailable': True, 'updateTime': 1776786213751}, {'accountAlias': 'oCmYSgSgfWmYsR', 'asset': 'USDC', 'balance': '5000.00000000', 'crossWalletBalance': '5000.00000000', 'crossUnPnl': '0.00000000', 'availableBalance': '5000.00000000', 'maxWithdrawAmount': '5000.00000000', 'marginAvailable': True, 'updateTime': 1776777601169}]
2026-04-21 21:24:04 | DEBUG    | bot.client | Response [200]: []
2026-04-21 21:24:08 | INFO     | bot.orders | Fetching open orders (symbol=ALL)
2026-04-21 21:24:08 | INFO     | bot.orders | Fetching USDT account balance
2026-04-21 21:24:08 | DEBUG    | bot.client | GET https://testnet.binancefuture.com/fapi/v1/openOrders | params: {'timestamp': 1776786848601, 'recvWindow': 5000}
2026-04-21 21:24:08 | DEBUG    | bot.client | GET https://testnet.binancefuture.com/fapi/v2/balance | params: {'timestamp': 1776786848601, 'recvWindow': 5000}
2026-04-21 21:24:10 | DEBUG    | bot.client | Response [200]: []
2026-04-21 21:24:10 | DEBUG    | bot.client | Response [200]: [{'accountAlias': 'oCmYSgSgfWmYsR', 'asset': 'FDUSD', 'balance': '0.00000000', 'crossWalletBalance': '0.00000000', 'crossUnPnl': '0.00000000', 'availableBalance': '0.00000000', 'maxWithdrawAmount': '0.00000000', 'marginAvailable': True, 'updateTime': 0}, {'accountAlias': 'oCmYSgSgfWmYsR', 'asset': 'BNB', 'balance': '0.00000000', 'crossWalletBalance': '0.00000000', 'crossUnPnl': '0.00000000', 'availableBalance': '0.00000000', 'maxWithdrawAmount': '0.00000000', 'marginAvailable': True, 'updateTime': 0}, {'accountAlias': 'oCmYSgSgfWmYsR', 'asset': 'ETH', 'balance': '0.00000000', 'crossWalletBalance': '0.00000000', 'crossUnPnl': '0.00000000', 'availableBalance': '0.00000000', 'maxWithdrawAmount': '0.00000000', 'marginAvailable': True, 'updateTime': 0}, {'accountAlias': 'oCmYSgSgfWmYsR', 'asset': 'BTC', 'balance': '0.01000000', 'crossWalletBalance': '0.01000000', 'crossUnPnl': '0.00000000', 'availableBalance': '0.01000000', 'maxWithdrawAmount': '0.01000000', 'marginAvailable': True, 'updateTime': 1776777601189}, {'accountAlias': 'oCmYSgSgfWmYsR', 'asset': 'USDT', 'balance': '4966.30688552', 'crossWalletBalance': '4966.30688552', 'crossUnPnl': '-4.04167394', 'availableBalance': '1236.24669623', 'maxWithdrawAmount': '1236.24669623', 'marginAvailable': True, 'updateTime': 1776786213751}, {'accountAlias': 'oCmYSgSgfWmYsR', 'asset': 'USDC', 'balance': '5000.00000000', 'crossWalletBalance': '5000.00000000', 'crossUnPnl': '0.00000000', 'availableBalance': '5000.00000000', 'maxWithdrawAmount': '5000.00000000', 'marginAvailable': True, 'updateTime': 1776777601169}]
2026-04-21 21:24:13 | INFO     | bot.orders | Fetching USDT account balance
2026-04-21 21:24:13 | INFO     | bot.orders | Fetching open orders (symbol=ALL)
2026-04-21 21:24:13 | DEBUG    | bot.client | GET https://testnet.binancefuture.com/fapi/v2/balance | params: {'timestamp': 1776786853598, 'recvWindow': 5000}
2026-04-21 21:24:13 | DEBUG    | bot.client | GET https://testnet.binancefuture.com/fapi/v1/openOrders | params: {'timestamp': 1776786853599, 'recvWindow': 5000}
2026-04-21 21:24:14 | DEBUG    | bot.client | Response [200]: [{'accountAlias': 'oCmYSgSgfWmYsR', 'asset': 'FDUSD', 'balance': '0.00000000', 'crossWalletBalance': '0.00000000', 'crossUnPnl': '0.00000000', 'availableBalance': '0.00000000', 'maxWithdrawAmount': '0.00000000', 'marginAvailable': True, 'updateTime': 0}, {'accountAlias': 'oCmYSgSgfWmYsR', 'asset': 'BNB', 'balance': '0.00000000', 'crossWalletBalance': '0.00000000', 'crossUnPnl': '0.00000000', 'availableBalance': '0.00000000', 'maxWithdrawAmount': '0.00000000', 'marginAvailable': True, 'updateTime': 0}, {'accountAlias': 'oCmYSgSgfWmYsR', 'asset': 'ETH', 'balance': '0.00000000', 'crossWalletBalance': '0.00000000', 'crossUnPnl': '0.00000000', 'availableBalance': '0.00000000', 'maxWithdrawAmount': '0.00000000', 'marginAvailable': True, 'updateTime': 0}, {'accountAlias': 'oCmYSgSgfWmYsR', 'asset': 'BTC', 'balance': '0.01000000', 'crossWalletBalance': '0.01000000', 'crossUnPnl': '0.00000000', 'availableBalance': '0.01000000', 'maxWithdrawAmount': '0.01000000', 'marginAvailable': True, 'updateTime': 1776777601189}, {'accountAlias': 'oCmYSgSgfWmYsR', 'asset': 'USDT', 'balance': '4966.30688552', 'crossWalletBalance': '4966.30688552', 'crossUnPnl': '-4.27764068', 'availableBalance': '1236.13719790', 'maxWithdrawAmount': '1236.13719790', 'marginAvailable': True, 'updateTime': 1776786213751}, {'accountAlias': 'oCmYSgSgfWmYsR', 'asset': 'USDC', 'balance': '5000.00000000', 'crossWalletBalance': '5000.00000000', 'crossUnPnl': '0.00000000', 'availableBalance': '5000.00000000', 'maxWithdrawAmount': '5000.00000000', 'marginAvailable': True, 'updateTime': 1776777601169}]
2026-04-21 21:24:14 | DEBUG    | bot.client | Response [200]: []
2026-04-21 21:24:18 | INFO     | bot.orders | Fetching USDT account balance
2026-04-21 21:24:18 | INFO     | bot.orders | Fetching open orders (symbol=ALL)
2026-04-21 21:24:18 | DEBUG    | bot.client | GET https://testnet.binancefuture.com/fapi/v2/balance | params: {'timestamp': 1776786858601, 'recvWindow': 5000}
2026-04-21 21:24:18 | DEBUG    | bot.client | GET https://testnet.binancefuture.com/fapi/v1/openOrders | params: {'timestamp': 1776786858601, 'recvWindow': 5000}
2026-04-21 21:24:19 | DEBUG    | bot.client | Response [200]: []
2026-04-21 21:24:19 | DEBUG    | bot.client | Response [200]: [{'accountAlias': 'oCmYSgSgfWmYsR', 'asset': 'FDUSD', 'balance': '0.00000000', 'crossWalletBalance': '0.00000000', 'crossUnPnl': '0.00000000', 'availableBalance': '0.00000000', 'maxWithdrawAmount': '0.00000000', 'marginAvailable': True, 'updateTime': 0}, {'accountAlias': 'oCmYSgSgfWmYsR', 'asset': 'BNB', 'balance': '0.00000000', 'crossWalletBalance': '0.00000000', 'crossUnPnl': '0.00000000', 'availableBalance': '0.00000000', 'maxWithdrawAmount': '0.00000000', 'marginAvailable': True, 'updateTime': 0}, {'accountAlias': 'oCmYSgSgfWmYsR', 'asset': 'ETH', 'balance': '0.00000000', 'crossWalletBalance': '0.00000000', 'crossUnPnl': '0.00000000', 'availableBalance': '0.00000000', 'maxWithdrawAmount': '0.00000000', 'marginAvailable': True, 'updateTime': 0}, {'accountAlias': 'oCmYSgSgfWmYsR', 'asset': 'BTC', 'balance': '0.01000000', 'crossWalletBalance': '0.01000000', 'crossUnPnl': '0.00000000', 'availableBalance': '0.01000000', 'maxWithdrawAmount': '0.01000000', 'marginAvailable': True, 'updateTime': 1776777601189}, {'accountAlias': 'oCmYSgSgfWmYsR', 'asset': 'USDT', 'balance': '4966.30688552', 'crossWalletBalance': '4966.30688552', 'crossUnPnl': '-3.47833658', 'availableBalance': '1236.27486310', 'maxWithdrawAmount': '1236.27486310', 'marginAvailable': True, 'updateTime': 1776786213751}, {'accountAlias': 'oCmYSgSgfWmYsR', 'asset': 'USDC', 'balance': '5000.00000000', 'crossWalletBalance': '5000.00000000', 'crossUnPnl': '0.00000000', 'availableBalance': '5000.00000000', 'maxWithdrawAmount': '5000.00000000', 'marginAvailable': True, 'updateTime': 1776777601169}]
2026-04-21 21:24:19 | INFO     | bot.orders | Fetching open orders (symbol=ALL)
2026-04-21 21:24:19 | INFO     | bot.orders | Fetching USDT account balance
2026-04-21 21:24:19 | DEBUG    | bot.client | GET https://testnet.binancefuture.com/fapi/v1/openOrders | params: {'timestamp': 1776786859605, 'recvWindow': 5000}
2026-04-21 21:24:19 | DEBUG    | bot.client | GET https://testnet.binancefuture.com/fapi/v2/balance | params: {'timestamp': 1776786859605, 'recvWindow': 5000}
2026-04-21 21:24:20 | DEBUG    | bot.client | Response [200]: []
2026-04-21 21:24:20 | DEBUG    | bot.client | Response [200]: [{'accountAlias': 'oCmYSgSgfWmYsR', 'asset': 'FDUSD', 'balance': '0.00000000', 'crossWalletBalance': '0.00000000', 'crossUnPnl': '0.00000000', 'availableBalance': '0.00000000', 'maxWithdrawAmount': '0.00000000', 'marginAvailable': True, 'updateTime': 0}, {'accountAlias': 'oCmYSgSgfWmYsR', 'asset': 'BNB', 'balance': '0.00000000', 'crossWalletBalance': '0.00000000', 'crossUnPnl': '0.00000000', 'availableBalance': '0.00000000', 'maxWithdrawAmount': '0.00000000', 'marginAvailable': True, 'updateTime': 0}, {'accountAlias': 'oCmYSgSgfWmYsR', 'asset': 'ETH', 'balance': '0.00000000', 'crossWalletBalance': '0.00000000', 'crossUnPnl': '0.00000000', 'availableBalance': '0.00000000', 'maxWithdrawAmount': '0.00000000', 'marginAvailable': True, 'updateTime': 0}, {'accountAlias': 'oCmYSgSgfWmYsR', 'asset': 'BTC', 'balance': '0.01000000', 'crossWalletBalance': '0.01000000', 'crossUnPnl': '0.00000000', 'availableBalance': '0.01000000', 'maxWithdrawAmount': '0.01000000', 'marginAvailable': True, 'updateTime': 1776777601189}, {'accountAlias': 'oCmYSgSgfWmYsR', 'asset': 'USDT', 'balance': '4966.30688552', 'crossWalletBalance': '4966.30688552', 'crossUnPnl': '-3.47833658', 'availableBalance': '1236.27486310', 'maxWithdrawAmount': '1236.27486310', 'marginAvailable': True, 'updateTime': 1776786213751}, {'accountAlias': 'oCmYSgSgfWmYsR', 'asset': 'USDC', 'balance': '5000.00000000', 'crossWalletBalance': '5000.00000000', 'crossUnPnl': '0.00000000', 'availableBalance': '5000.00000000', 'maxWithdrawAmount': '5000.00000000', 'marginAvailable': True, 'updateTime': 1776777601169}]
2026-04-21 21:24:23 | INFO     | bot.orders | Fetching open orders (symbol=ALL)
2026-04-21 21:24:23 | INFO     | bot.orders | Fetching USDT account balance
2026-04-21 21:24:23 | DEBUG    | bot.client | GET https://testnet.binancefuture.com/fapi/v1/openOrders | params: {'timestamp': 1776786863611, 'recvWindow': 5000}
2026-04-21 21:24:23 | DEBUG    | bot.client | GET https://testnet.binancefuture.com/fapi/v2/balance | params: {'timestamp': 1776786863611, 'recvWindow': 5000}
2026-04-21 21:24:24 | DEBUG    | bot.client | Response [200]: [{'accountAlias': 'oCmYSgSgfWmYsR', 'asset': 'FDUSD', 'balance': '0.00000000', 'crossWalletBalance': '0.00000000', 'crossUnPnl': '0.00000000', 'availableBalance': '0.00000000', 'maxWithdrawAmount': '0.00000000', 'marginAvailable': True, 'updateTime': 0}, {'accountAlias': 'oCmYSgSgfWmYsR', 'asset': 'BNB', 'balance': '0.00000000', 'crossWalletBalance': '0.00000000', 'crossUnPnl': '0.00000000', 'availableBalance': '0.00000000', 'maxWithdrawAmount': '0.00000000', 'marginAvailable': True, 'updateTime': 0}, {'accountAlias': 'oCmYSgSgfWmYsR', 'asset': 'ETH', 'balance': '0.00000000', 'crossWalletBalance': '0.00000000', 'crossUnPnl': '0.00000000', 'availableBalance': '0.00000000', 'maxWithdrawAmount': '0.00000000', 'marginAvailable': True, 'updateTime': 0}, {'accountAlias': 'oCmYSgSgfWmYsR', 'asset': 'BTC', 'balance': '0.01000000', 'crossWalletBalance': '0.01000000', 'crossUnPnl': '0.00000000', 'availableBalance': '0.01000000', 'maxWithdrawAmount': '0.01000000', 'marginAvailable': True, 'updateTime': 1776777601189}, {'accountAlias': 'oCmYSgSgfWmYsR', 'asset': 'USDT', 'balance': '4966.30688552', 'crossWalletBalance': '4966.30688552', 'crossUnPnl': '-5.01952351', 'availableBalance': '1235.61160375', 'maxWithdrawAmount': '1235.61160375', 'marginAvailable': True, 'updateTime': 1776786213751}, {'accountAlias': 'oCmYSgSgfWmYsR', 'asset': 'USDC', 'balance': '5000.00000000', 'crossWalletBalance': '5000.00000000', 'crossUnPnl': '0.00000000', 'availableBalance': '5000.00000000', 'maxWithdrawAmount': '5000.00000000', 'marginAvailable': True, 'updateTime': 1776777601169}]
2026-04-21 21:24:24 | DEBUG    | bot.client | Response [200]: []
2026-04-21 21:24:28 | INFO     | bot.orders | Fetching open orders (symbol=ALL)
2026-04-21 21:24:28 | INFO     | bot.orders | Fetching USDT account balance
2026-04-21 21:24:28 | DEBUG    | bot.client | GET https://testnet.binancefuture.com/fapi/v1/openOrders | params: {'timestamp': 1776786868606, 'recvWindow': 5000}
2026-04-21 21:24:28 | DEBUG    | bot.client | GET https://testnet.binancefuture.com/fapi/v2/balance | params: {'timestamp': 1776786868606, 'recvWindow': 5000}
2026-04-21 21:24:32 | DEBUG    | bot.client | Response [200]: []
2026-04-21 21:24:32 | DEBUG    | bot.client | Response [200]: [{'accountAlias': 'oCmYSgSgfWmYsR', 'asset': 'FDUSD', 'balance': '0.00000000', 'crossWalletBalance': '0.00000000', 'crossUnPnl': '0.00000000', 'availableBalance': '0.00000000', 'maxWithdrawAmount': '0.00000000', 'marginAvailable': True, 'updateTime': 0}, {'accountAlias': 'oCmYSgSgfWmYsR', 'asset': 'BNB', 'balance': '0.00000000', 'crossWalletBalance': '0.00000000', 'crossUnPnl': '0.00000000', 'availableBalance': '0.00000000', 'maxWithdrawAmount': '0.00000000', 'marginAvailable': True, 'updateTime': 0}, {'accountAlias': 'oCmYSgSgfWmYsR', 'asset': 'ETH', 'balance': '0.00000000', 'crossWalletBalance': '0.00000000', 'crossUnPnl': '0.00000000', 'availableBalance': '0.00000000', 'maxWithdrawAmount': '0.00000000', 'marginAvailable': True, 'updateTime': 0}, {'accountAlias': 'oCmYSgSgfWmYsR', 'asset': 'BTC', 'balance': '0.01000000', 'crossWalletBalance': '0.01000000', 'crossUnPnl': '0.00000000', 'availableBalance': '0.01000000', 'maxWithdrawAmount': '0.01000000', 'marginAvailable': True, 'updateTime': 1776777601189}, {'accountAlias': 'oCmYSgSgfWmYsR', 'asset': 'USDT', 'balance': '4966.30688552', 'crossWalletBalance': '4966.30688552', 'crossUnPnl': '1.61011176', 'availableBalance': '1235.94308552', 'maxWithdrawAmount': '1235.94308552', 'marginAvailable': True, 'updateTime': 1776786213751}, {'accountAlias': 'oCmYSgSgfWmYsR', 'asset': 'USDC', 'balance': '5000.00000000', 'crossWalletBalance': '5000.00000000', 'crossUnPnl': '0.00000000', 'availableBalance': '5000.00000000', 'maxWithdrawAmount': '5000.00000000', 'marginAvailable': True, 'updateTime': 1776777601169}]
2026-04-21 21:24:33 | INFO     | bot.orders | Fetching open orders (symbol=ALL)
2026-04-21 21:24:33 | DEBUG    | bot.client | GET https://testnet.binancefuture.com/fapi/v1/openOrders | params: {'timestamp': 1776786873604, 'recvWindow': 5000}
2026-04-21 21:24:33 | DEBUG    | bot.client | GET https://testnet.binancefuture.com/fapi/v2/balance | params: {'timestamp': 1776786873604, 'recvWindow': 5000}
2026-04-21 21:24:34 | DEBUG    | bot.client | Response [200]: []
2026-04-21 21:24:34 | DEBUG    | bot.client | Response [200]: [{'accountAlias': 'oCmYSgSgfWmYsR', 'asset': 'FDUSD', 'balance': '0.00000000', 'crossWalletBalance': '0.00000000', 'crossUnPnl': '0.00000000', 'availableBalance': '0.00000000', 'maxWithdrawAmount': '0.00000000', 'marginAvailable': True, 'updateTime': 0}, {'accountAlias': 'oCmYSgSgfWmYsR', 'asset': 'BNB', 'balance': '0.00000000', 'crossWalletBalance': '0.00000000', 'crossUnPnl': '0.00000000', 'availableBalance': '0.00000000', 'maxWithdrawAmount': '0.00000000', 'marginAvailable': True, 'updateTime': 0}, {'accountAlias': 'oCmYSgSgfWmYsR', 'asset': 'ETH', 'balance': '0.00000000', 'crossWalletBalance': '0.00000000', 'crossUnPnl': '0.00000000', 'availableBalance': '0.00000000', 'maxWithdrawAmount': '0.00000000', 'marginAvailable': True, 'updateTime': 0}, {'accountAlias': 'oCmYSgSgfWmYsR', 'asset': 'BTC', 'balance': '0.01000000', 'crossWalletBalance': '0.01000000', 'crossUnPnl': '0.00000000', 'availableBalance': '0.01000000', 'maxWithdrawAmount': '0.01000000', 'marginAvailable': True, 'updateTime': 1776777601189}, {'accountAlias': 'oCmYSgSgfWmYsR', 'asset': 'USDT', 'balance': '4966.30688552', 'crossWalletBalance': '4966.30688552', 'crossUnPnl': '-5.40372167', 'availableBalance': '1235.59239385', 'maxWithdrawAmount': '1235.59239385', 'marginAvailable': True, 'updateTime': 1776786213751}, {'accountAlias': 'oCmYSgSgfWmYsR', 'asset': 'USDC', 'balance': '5000.00000000', 'crossWalletBalance': '5000.00000000', 'crossUnPnl': '0.00000000', 'availableBalance': '5000.00000000', 'maxWithdrawAmount': '5000.00000000', 'marginAvailable': True, 'updateTime': 1776777601169}]
2026-04-21 21:24:38 | INFO     | bot.orders | Fetching open orders (symbol=ALL)
2026-04-21 21:24:38 | INFO     | bot.orders | Fetching USDT account balance
2026-04-21 21:24:38 | DEBUG    | bot.client | GET https://testnet.binancefuture.com/fapi/v1/openOrders | params: {'timestamp': 1776786878607, 'recvWindow': 5000}
2026-04-21 21:24:38 | DEBUG    | bot.client | GET https://testnet.binancefuture.com/fapi/v2/balance | params: {'timestamp': 1776786878607, 'recvWindow': 5000}
2026-04-21 21:24:41 | DEBUG    | bot.client | Response [200]: []
2026-04-21 21:24:41 | DEBUG    | bot.client | Response [200]: [{'accountAlias': 'oCmYSgSgfWmYsR', 'asset': 'FDUSD', 'balance': '0.00000000', 'crossWalletBalance': '0.00000000', 'crossUnPnl': '0.00000000', 'availableBalance': '0.00000000', 'maxWithdrawAmount': '0.00000000', 'marginAvailable': True, 'updateTime': 0}, {'accountAlias': 'oCmYSgSgfWmYsR', 'asset': 'BNB', 'balance': '0.00000000', 'crossWalletBalance': '0.00000000', 'crossUnPnl': '0.00000000', 'availableBalance': '0.00000000', 'maxWithdrawAmount': '0.00000000', 'marginAvailable': True, 'updateTime': 0}, {'accountAlias': 'oCmYSgSgfWmYsR', 'asset': 'ETH', 'balance': '0.00000000', 'crossWalletBalance': '0.00000000', 'crossUnPnl': '0.00000000', 'availableBalance': '0.00000000', 'maxWithdrawAmount': '0.00000000', 'marginAvailable': True, 'updateTime': 0}, {'accountAlias': 'oCmYSgSgfWmYsR', 'asset': 'BTC', 'balance': '0.01000000', 'crossWalletBalance': '0.01000000', 'crossUnPnl': '0.00000000', 'availableBalance': '0.01000000', 'maxWithdrawAmount': '0.01000000', 'marginAvailable': True, 'updateTime': 1776777601189}, {'accountAlias': 'oCmYSgSgfWmYsR', 'asset': 'USDT', 'balance': '4966.30688552', 'crossWalletBalance': '4966.30688552', 'crossUnPnl': '-3.35202167', 'availableBalance': '1235.79267885', 'maxWithdrawAmount': '1235.79267885', 'marginAvailable': True, 'updateTime': 1776786213751}, {'accountAlias': 'oCmYSgSgfWmYsR', 'asset': 'USDC', 'balance': '5000.00000000', 'crossWalletBalance': '5000.00000000', 'crossUnPnl': '0.00000000', 'availableBalance': '5000.00000000', 'maxWithdrawAmount': '5000.00000000', 'marginAvailable': True, 'updateTime': 1776777601169}]
2026-04-21 21:24:43 | INFO     | bot.orders | Fetching open orders (symbol=ALL)
2026-04-21 21:24:43 | INFO     | bot.orders | Fetching USDT account balance
2026-04-21 21:24:43 | DEBUG    | bot.client | GET https://testnet.binancefuture.com/fapi/v1/openOrders | params: {'timestamp': 1776786883605, 'recvWindow': 5000}
2026-04-21 21:24:43 | DEBUG    | bot.client | GET https://testnet.binancefuture.com/fapi/v2/balance | params: {'timestamp': 1776786883605, 'recvWindow': 5000}
2026-04-21 21:24:44 | DEBUG    | bot.client | Response [200]: [{'accountAlias': 'oCmYSgSgfWmYsR', 'asset': 'FDUSD', 'balance': '0.00000000', 'crossWalletBalance': '0.00000000', 'crossUnPnl': '0.00000000', 'availableBalance': '0.00000000', 'maxWithdrawAmount': '0.00000000', 'marginAvailable': True, 'updateTime': 0}, {'accountAlias': 'oCmYSgSgfWmYsR', 'asset': 'BNB', 'balance': '0.00000000', 'crossWalletBalance': '0.00000000', 'crossUnPnl': '0.00000000', 'availableBalance': '0.00000000', 'maxWithdrawAmount': '0.00000000', 'marginAvailable': True, 'updateTime': 0}, {'accountAlias': 'oCmYSgSgfWmYsR', 'asset': 'ETH', 'balance': '0.00000000', 'crossWalletBalance': '0.00000000', 'crossUnPnl': '0.00000000', 'availableBalance': '0.00000000', 'maxWithdrawAmount': '0.00000000', 'marginAvailable': True, 'updateTime': 0}, {'accountAlias': 'oCmYSgSgfWmYsR', 'asset': 'BTC', 'balance': '0.01000000', 'crossWalletBalance': '0.01000000', 'crossUnPnl': '0.00000000', 'availableBalance': '0.01000000', 'maxWithdrawAmount': '0.01000000', 'marginAvailable': True, 'updateTime': 1776777601189}, {'accountAlias': 'oCmYSgSgfWmYsR', 'asset': 'USDT', 'balance': '4966.30688552', 'crossWalletBalance': '4966.30688552', 'crossUnPnl': '-3.52517368', 'availableBalance': '1235.78402124', 'maxWithdrawAmount': '1235.78402124', 'marginAvailable': True, 'updateTime': 1776786213751}, {'accountAlias': 'oCmYSgSgfWmYsR', 'asset': 'USDC', 'balance': '5000.00000000', 'crossWalletBalance': '5000.00000000', 'crossUnPnl': '0.00000000', 'availableBalance': '5000.00000000', 'maxWithdrawAmount': '5000.00000000', 'marginAvailable': True, 'updateTime': 1776777601169}]
2026-04-21 21:24:44 | DEBUG    | bot.client | Response [200]: []
2026-04-21 21:24:48 | INFO     | bot.orders | Fetching USDT account balance
2026-04-21 21:24:48 | INFO     | bot.orders | Fetching open orders (symbol=ALL)
2026-04-21 21:24:48 | DEBUG    | bot.client | GET https://testnet.binancefuture.com/fapi/v2/balance | params: {'timestamp': 1776786888601, 'recvWindow': 5000}
2026-04-21 21:24:48 | DEBUG    | bot.client | GET https://testnet.binancefuture.com/fapi/v1/openOrders | params: {'timestamp': 1776786888602, 'recvWindow': 5000}
2026-04-21 21:24:51 | DEBUG    | bot.client | Response [200]: []
2026-04-21 21:24:51 | DEBUG    | bot.client | Response [200]: [{'accountAlias': 'oCmYSgSgfWmYsR', 'asset': 'FDUSD', 'balance': '0.00000000', 'crossWalletBalance': '0.00000000', 'crossUnPnl': '0.00000000', 'availableBalance': '0.00000000', 'maxWithdrawAmount': '0.00000000', 'marginAvailable': True, 'updateTime': 0}, {'accountAlias': 'oCmYSgSgfWmYsR', 'asset': 'BNB', 'balance': '0.00000000', 'crossWalletBalance': '0.00000000', 'crossUnPnl': '0.00000000', 'availableBalance': '0.00000000', 'maxWithdrawAmount': '0.00000000', 'marginAvailable': True, 'updateTime': 0}, {'accountAlias': 'oCmYSgSgfWmYsR', 'asset': 'ETH', 'balance': '0.00000000', 'crossWalletBalance': '0.00000000', 'crossUnPnl': '0.00000000', 'availableBalance': '0.00000000', 'maxWithdrawAmount': '0.00000000', 'marginAvailable': True, 'updateTime': 0}, {'accountAlias': 'oCmYSgSgfWmYsR', 'asset': 'BTC', 'balance': '0.01000000', 'crossWalletBalance': '0.01000000', 'crossUnPnl': '0.00000000', 'availableBalance': '0.01000000', 'maxWithdrawAmount': '0.01000000', 'marginAvailable': True, 'updateTime': 1776777601189}, {'accountAlias': 'oCmYSgSgfWmYsR', 'asset': 'USDT', 'balance': '4966.30688552', 'crossWalletBalance': '4966.30688552', 'crossUnPnl': '8.09521474', 'availableBalance': '1236.36504067', 'maxWithdrawAmount': '1236.36504067', 'marginAvailable': True, 'updateTime': 1776786213751}, {'accountAlias': 'oCmYSgSgfWmYsR', 'asset': 'USDC', 'balance': '5000.00000000', 'crossWalletBalance': '5000.00000000', 'crossUnPnl': '0.00000000', 'availableBalance': '5000.00000000', 'maxWithdrawAmount': '5000.00000000', 'marginAvailable': True, 'updateTime': 1776777601169}]
2026-04-21 21:24:53 | INFO     | bot.orders | Fetching USDT account balance
2026-04-21 21:24:53 | INFO     | bot.orders | Fetching open orders (symbol=ALL)
2026-04-21 21:24:53 | DEBUG    | bot.client | GET https://testnet.binancefuture.com/fapi/v2/balance | params: {'timestamp': 1776786893604, 'recvWindow': 5000}
2026-04-21 21:24:53 | DEBUG    | bot.client | GET https://testnet.binancefuture.com/fapi/v1/openOrders | params: {'timestamp': 1776786893604, 'recvWindow': 5000}
2026-04-21 21:24:54 | DEBUG    | bot.client | Response [200]: [{'accountAlias': 'oCmYSgSgfWmYsR', 'asset': 'FDUSD', 'balance': '0.00000000', 'crossWalletBalance': '0.00000000', 'crossUnPnl': '0.00000000', 'availableBalance': '0.00000000', 'maxWithdrawAmount': '0.00000000', 'marginAvailable': True, 'updateTime': 0}, {'accountAlias': 'oCmYSgSgfWmYsR', 'asset': 'BNB', 'balance': '0.00000000', 'crossWalletBalance': '0.00000000', 'crossUnPnl': '0.00000000', 'availableBalance': '0.00000000', 'maxWithdrawAmount': '0.00000000', 'marginAvailable': True, 'updateTime': 0}, {'accountAlias': 'oCmYSgSgfWmYsR', 'asset': 'ETH', 'balance': '0.00000000', 'crossWalletBalance': '0.00000000', 'crossUnPnl': '0.00000000', 'availableBalance': '0.00000000', 'maxWithdrawAmount': '0.00000000', 'marginAvailable': True, 'updateTime': 0}, {'accountAlias': 'oCmYSgSgfWmYsR', 'asset': 'BTC', 'balance': '0.01000000', 'crossWalletBalance': '0.01000000', 'crossUnPnl': '0.00000000', 'availableBalance': '0.01000000', 'maxWithdrawAmount': '0.01000000', 'marginAvailable': True, 'updateTime': 1776777601189}, {'accountAlias': 'oCmYSgSgfWmYsR', 'asset': 'USDT', 'balance': '4966.30688552', 'crossWalletBalance': '4966.30688552', 'crossUnPnl': '17.16007561', 'availableBalance': '1236.81828371', 'maxWithdrawAmount': '1236.81828371', 'marginAvailable': True, 'updateTime': 1776786213751}, {'accountAlias': 'oCmYSgSgfWmYsR', 'asset': 'USDC', 'balance': '5000.00000000', 'crossWalletBalance': '5000.00000000', 'crossUnPnl': '0.00000000', 'availableBalance': '5000.00000000', 'maxWithdrawAmount': '5000.00000000', 'marginAvailable': True, 'updateTime': 1776777601169}]
2026-04-21 21:24:54 | DEBUG    | bot.client | Response [200]: []
2026-04-21 21:25:19 | INFO     | bot.orders | Fetching USDT account balance
2026-04-21 21:25:19 | INFO     | bot.orders | Fetching open orders (symbol=ALL)
2026-04-21 21:25:19 | DEBUG    | bot.client | GET https://testnet.binancefuture.com/fapi/v2/balance | params: {'timestamp': 1776786919907, 'recvWindow': 5000}
2026-04-21 21:25:19 | DEBUG    | bot.client | GET https://testnet.binancefuture.com/fapi/v1/openOrders | params: {'timestamp': 1776786919907, 'recvWindow': 5000}
2026-04-21 21:25:20 | DEBUG    | bot.client | Response [200]: []
2026-04-21 21:25:20 | INFO     | bot.orders | Fetching open orders (symbol=ALL)
2026-04-21 21:25:20 | DEBUG    | bot.client | GET https://testnet.binancefuture.com/fapi/v1/openOrders | params: {'timestamp': 1776786920725, 'recvWindow': 5000}
2026-04-21 21:25:20 | DEBUG    | bot.client | Response [200]: [{'accountAlias': 'oCmYSgSgfWmYsR', 'asset': 'FDUSD', 'balance': '0.00000000', 'crossWalletBalance': '0.00000000', 'crossUnPnl': '0.00000000', 'availableBalance': '0.00000000', 'maxWithdrawAmount': '0.00000000', 'marginAvailable': True, 'updateTime': 0}, {'accountAlias': 'oCmYSgSgfWmYsR', 'asset': 'BNB', 'balance': '0.00000000', 'crossWalletBalance': '0.00000000', 'crossUnPnl': '0.00000000', 'availableBalance': '0.00000000', 'maxWithdrawAmount': '0.00000000', 'marginAvailable': True, 'updateTime': 0}, {'accountAlias': 'oCmYSgSgfWmYsR', 'asset': 'ETH', 'balance': '0.00000000', 'crossWalletBalance': '0.00000000', 'crossUnPnl': '0.00000000', 'availableBalance': '0.00000000', 'maxWithdrawAmount': '0.00000000', 'marginAvailable': True, 'updateTime': 0}, {'accountAlias': 'oCmYSgSgfWmYsR', 'asset': 'BTC', 'balance': '0.01000000', 'crossWalletBalance': '0.01000000', 'crossUnPnl': '0.00000000', 'availableBalance': '0.01000000', 'maxWithdrawAmount': '0.01000000', 'marginAvailable': True, 'updateTime': 1776777601189}, {'accountAlias': 'oCmYSgSgfWmYsR', 'asset': 'USDT', 'balance': '4966.30688552', 'crossWalletBalance': '4966.30688552', 'crossUnPnl': '76.54470202', 'availableBalance': '1235.78181503', 'maxWithdrawAmount': '1235.78181503', 'marginAvailable': True, 'updateTime': 1776786213751}, {'accountAlias': 'oCmYSgSgfWmYsR', 'asset': 'USDC', 'balance': '5000.00000000', 'crossWalletBalance': '5000.00000000', 'crossUnPnl': '0.00000000', 'availableBalance': '5000.00000000', 'maxWithdrawAmount': '5000.00000000', 'marginAvailable': True, 'updateTime': 1776777601169}]
2026-04-21 21:25:20 | INFO     | bot.orders | Fetching USDT account balance
2026-04-21 21:25:20 | DEBUG    | bot.client | GET https://testnet.binancefuture.com/fapi/v2/balance | params: {'timestamp': 1776786920803, 'recvWindow': 5000}
2026-04-21 21:25:21 | DEBUG    | bot.client | Response [200]: []
2026-04-21 21:25:21 | DEBUG    | bot.client | Response [200]: [{'accountAlias': 'oCmYSgSgfWmYsR', 'asset': 'FDUSD', 'balance': '0.00000000', 'crossWalletBalance': '0.00000000', 'crossUnPnl': '0.00000000', 'availableBalance': '0.00000000', 'maxWithdrawAmount': '0.00000000', 'marginAvailable': True, 'updateTime': 0}, {'accountAlias': 'oCmYSgSgfWmYsR', 'asset': 'BNB', 'balance': '0.00000000', 'crossWalletBalance': '0.00000000', 'crossUnPnl': '0.00000000', 'availableBalance': '0.00000000', 'maxWithdrawAmount': '0.00000000', 'marginAvailable': True, 'updateTime': 0}, {'accountAlias': 'oCmYSgSgfWmYsR', 'asset': 'ETH', 'balance': '0.00000000', 'crossWalletBalance': '0.00000000', 'crossUnPnl': '0.00000000', 'availableBalance': '0.00000000', 'maxWithdrawAmount': '0.00000000', 'marginAvailable': True, 'updateTime': 0}, {'accountAlias': 'oCmYSgSgfWmYsR', 'asset': 'BTC', 'balance': '0.01000000', 'crossWalletBalance': '0.01000000', 'crossUnPnl': '0.00000000', 'availableBalance': '0.01000000', 'maxWithdrawAmount': '0.01000000', 'marginAvailable': True, 'updateTime': 1776777601189}, {'accountAlias': 'oCmYSgSgfWmYsR', 'asset': 'USDT', 'balance': '4966.30688552', 'crossWalletBalance': '4966.30688552', 'crossUnPnl': '73.82821723', 'availableBalance': '1272.28349079', 'maxWithdrawAmount': '1272.28349079', 'marginAvailable': True, 'updateTime': 1776786213751}, {'accountAlias': 'oCmYSgSgfWmYsR', 'asset': 'USDC', 'balance': '5000.00000000', 'crossWalletBalance': '5000.00000000', 'crossUnPnl': '0.00000000', 'availableBalance': '5000.00000000', 'maxWithdrawAmount': '5000.00000000', 'marginAvailable': True, 'updateTime': 1776777601169}]
2026-04-21 21:25:27 | INFO     | bot.orders | Fetching open orders (symbol=ALL)
2026-04-21 21:25:27 | INFO     | bot.orders | Fetching USDT account balance
2026-04-21 21:25:27 | DEBUG    | bot.client | GET https://testnet.binancefuture.com/fapi/v1/openOrders | params: {'timestamp': 1776786927183, 'recvWindow': 5000}
2026-04-21 21:25:27 | DEBUG    | bot.client | GET https://testnet.binancefuture.com/fapi/v2/balance | params: {'timestamp': 1776786927184, 'recvWindow': 5000}
2026-04-21 21:25:28 | DEBUG    | bot.client | Response [200]: []
2026-04-21 21:25:28 | DEBUG    | bot.client | Response [200]: [{'accountAlias': 'oCmYSgSgfWmYsR', 'asset': 'FDUSD', 'balance': '0.00000000', 'crossWalletBalance': '0.00000000', 'crossUnPnl': '0.00000000', 'availableBalance': '0.00000000', 'maxWithdrawAmount': '0.00000000', 'marginAvailable': True, 'updateTime': 0}, {'accountAlias': 'oCmYSgSgfWmYsR', 'asset': 'BNB', 'balance': '0.00000000', 'crossWalletBalance': '0.00000000', 'crossUnPnl': '0.00000000', 'availableBalance': '0.00000000', 'maxWithdrawAmount': '0.00000000', 'marginAvailable': True, 'updateTime': 0}, {'accountAlias': 'oCmYSgSgfWmYsR', 'asset': 'ETH', 'balance': '0.00000000', 'crossWalletBalance': '0.00000000', 'crossUnPnl': '0.00000000', 'availableBalance': '0.00000000', 'maxWithdrawAmount': '0.00000000', 'marginAvailable': True, 'updateTime': 0}, {'accountAlias': 'oCmYSgSgfWmYsR', 'asset': 'BTC', 'balance': '0.01000000', 'crossWalletBalance': '0.01000000', 'crossUnPnl': '0.00000000', 'availableBalance': '0.01000000', 'maxWithdrawAmount': '0.01000000', 'marginAvailable': True, 'updateTime': 1776777601189}, {'accountAlias': 'oCmYSgSgfWmYsR', 'asset': 'USDT', 'balance': '4966.30688552', 'crossWalletBalance': '4966.30688552', 'crossUnPnl': '74.75764158', 'availableBalance': '1273.30696201', 'maxWithdrawAmount': '1273.30696201', 'marginAvailable': True, 'updateTime': 1776786213751}, {'accountAlias': 'oCmYSgSgfWmYsR', 'asset': 'USDC', 'balance': '5000.00000000', 'crossWalletBalance': '5000.00000000', 'crossUnPnl': '0.00000000', 'availableBalance': '5000.00000000', 'maxWithdrawAmount': '5000.00000000', 'marginAvailable': True, 'updateTime': 1776777601169}]
2026-04-21 21:26:15 | INFO     | bot.orders | Fetching USDT account balance
2026-04-21 21:26:15 | DEBUG    | bot.client | GET https://testnet.binancefuture.com/fapi/v2/balance | params: {'timestamp': 1776786975371, 'recvWindow': 5000}
2026-04-21 21:26:15 | INFO     | bot.orders | Fetching open orders (symbol=ALL)
2026-04-21 21:26:15 | DEBUG    | bot.client | GET https://testnet.binancefuture.com/fapi/v1/openOrders | params: {'timestamp': 1776786975598, 'recvWindow': 5000}
2026-04-21 21:26:16 | DEBUG    | bot.client | Response [200]: [{'accountAlias': 'oCmYSgSgfWmYsR', 'asset': 'FDUSD', 'balance': '0.00000000', 'crossWalletBalance': '0.00000000', 'crossUnPnl': '0.00000000', 'availableBalance': '0.00000000', 'maxWithdrawAmount': '0.00000000', 'marginAvailable': True, 'updateTime': 0}, {'accountAlias': 'oCmYSgSgfWmYsR', 'asset': 'BNB', 'balance': '0.00000000', 'crossWalletBalance': '0.00000000', 'crossUnPnl': '0.00000000', 'availableBalance': '0.00000000', 'maxWithdrawAmount': '0.00000000', 'marginAvailable': True, 'updateTime': 0}, {'accountAlias': 'oCmYSgSgfWmYsR', 'asset': 'ETH', 'balance': '0.00000000', 'crossWalletBalance': '0.00000000', 'crossUnPnl': '0.00000000', 'availableBalance': '0.00000000', 'maxWithdrawAmount': '0.00000000', 'marginAvailable': True, 'updateTime': 0}, {'accountAlias': 'oCmYSgSgfWmYsR', 'asset': 'BTC', 'balance': '0.01000000', 'crossWalletBalance': '0.01000000', 'crossUnPnl': '0.00000000', 'availableBalance': '0.01000000', 'maxWithdrawAmount': '0.01000000', 'marginAvailable': True, 'updateTime': 1776777601189}, {'accountAlias': 'oCmYSgSgfWmYsR', 'asset': 'USDT', 'balance': '4966.30688552', 'crossWalletBalance': '4966.30688552', 'crossUnPnl': '-6.08762167', 'availableBalance': '1263.20729885', 'maxWithdrawAmount': '1263.20729885', 'marginAvailable': True, 'updateTime': 1776786213751}, {'accountAlias': 'oCmYSgSgfWmYsR', 'asset': 'USDC', 'balance': '5000.00000000', 'crossWalletBalance': '5000.00000000', 'crossUnPnl': '0.00000000', 'availableBalance': '5000.00000000', 'maxWithdrawAmount': '5000.00000000', 'marginAvailable': True, 'updateTime': 1776777601169}]
2026-04-21 21:26:17 | DEBUG    | bot.client | Response [200]: []
2026-04-21 21:26:19 | INFO     | bot.orders | Fetching USDT account balance
2026-04-21 21:26:19 | INFO     | bot.orders | Fetching open orders (symbol=ALL)
2026-04-21 21:26:19 | DEBUG    | bot.client | GET https://testnet.binancefuture.com/fapi/v2/balance | params: {'timestamp': 1776786979613, 'recvWindow': 5000}
2026-04-21 21:26:19 | DEBUG    | bot.client | GET https://testnet.binancefuture.com/fapi/v1/openOrders | params: {'timestamp': 1776786979614, 'recvWindow': 5000}
2026-04-21 21:26:20 | DEBUG    | bot.client | Response [200]: []
2026-04-21 21:26:20 | INFO     | bot.orders | Fetching open orders (symbol=ALL)
2026-04-21 21:26:20 | DEBUG    | bot.client | GET https://testnet.binancefuture.com/fapi/v1/openOrders | params: {'timestamp': 1776786980616, 'recvWindow': 5000}
2026-04-21 21:26:20 | DEBUG    | bot.client | Response [200]: [{'accountAlias': 'oCmYSgSgfWmYsR', 'asset': 'FDUSD', 'balance': '0.00000000', 'crossWalletBalance': '0.00000000', 'crossUnPnl': '0.00000000', 'availableBalance': '0.00000000', 'maxWithdrawAmount': '0.00000000', 'marginAvailable': True, 'updateTime': 0}, {'accountAlias': 'oCmYSgSgfWmYsR', 'asset': 'BNB', 'balance': '0.00000000', 'crossWalletBalance': '0.00000000', 'crossUnPnl': '0.00000000', 'availableBalance': '0.00000000', 'maxWithdrawAmount': '0.00000000', 'marginAvailable': True, 'updateTime': 0}, {'accountAlias': 'oCmYSgSgfWmYsR', 'asset': 'ETH', 'balance': '0.00000000', 'crossWalletBalance': '0.00000000', 'crossUnPnl': '0.00000000', 'availableBalance': '0.00000000', 'maxWithdrawAmount': '0.00000000', 'marginAvailable': True, 'updateTime': 0}, {'accountAlias': 'oCmYSgSgfWmYsR', 'asset': 'BTC', 'balance': '0.01000000', 'crossWalletBalance': '0.01000000', 'crossUnPnl': '0.00000000', 'availableBalance': '0.01000000', 'maxWithdrawAmount': '0.01000000', 'marginAvailable': True, 'updateTime': 1776777601189}, {'accountAlias': 'oCmYSgSgfWmYsR', 'asset': 'USDT', 'balance': '4966.30688552', 'crossWalletBalance': '4966.30688552', 'crossUnPnl': '-17.22542167', 'availableBalance': '1251.51260885', 'maxWithdrawAmount': '1251.51260885', 'marginAvailable': True, 'updateTime': 1776786213751}, {'accountAlias': 'oCmYSgSgfWmYsR', 'asset': 'USDC', 'balance': '5000.00000000', 'crossWalletBalance': '5000.00000000', 'crossUnPnl': '0.00000000', 'availableBalance': '5000.00000000', 'maxWithdrawAmount': '5000.00000000', 'marginAvailable': True, 'updateTime': 1776777601169}]
2026-04-21 21:26:20 | INFO     | bot.orders | Fetching USDT account balance
2026-04-21 21:26:20 | DEBUG    | bot.client | GET https://testnet.binancefuture.com/fapi/v2/balance | params: {'timestamp': 1776786980754, 'recvWindow': 5000}
2026-04-21 21:26:21 | DEBUG    | bot.client | Response [200]: []
2026-04-21 21:26:21 | DEBUG    | bot.client | Response [200]: [{'accountAlias': 'oCmYSgSgfWmYsR', 'asset': 'FDUSD', 'balance': '0.00000000', 'crossWalletBalance': '0.00000000', 'crossUnPnl': '0.00000000', 'availableBalance': '0.00000000', 'maxWithdrawAmount': '0.00000000', 'marginAvailable': True, 'updateTime': 0}, {'accountAlias': 'oCmYSgSgfWmYsR', 'asset': 'BNB', 'balance': '0.00000000', 'crossWalletBalance': '0.00000000', 'crossUnPnl': '0.00000000', 'availableBalance': '0.00000000', 'maxWithdrawAmount': '0.00000000', 'marginAvailable': True, 'updateTime': 0}, {'accountAlias': 'oCmYSgSgfWmYsR', 'asset': 'ETH', 'balance': '0.00000000', 'crossWalletBalance': '0.00000000', 'crossUnPnl': '0.00000000', 'availableBalance': '0.00000000', 'maxWithdrawAmount': '0.00000000', 'marginAvailable': True, 'updateTime': 0}, {'accountAlias': 'oCmYSgSgfWmYsR', 'asset': 'BTC', 'balance': '0.01000000', 'crossWalletBalance': '0.01000000', 'crossUnPnl': '0.00000000', 'availableBalance': '0.01000000', 'maxWithdrawAmount': '0.01000000', 'marginAvailable': True, 'updateTime': 1776777601189}, {'accountAlias': 'oCmYSgSgfWmYsR', 'asset': 'USDT', 'balance': '4966.30688552', 'crossWalletBalance': '4966.30688552', 'crossUnPnl': '-24.65062167', 'availableBalance': '1243.71614885', 'maxWithdrawAmount': '1243.71614885', 'marginAvailable': True, 'updateTime': 1776786213751}, {'accountAlias': 'oCmYSgSgfWmYsR', 'asset': 'USDC', 'balance': '5000.00000000', 'crossWalletBalance': '5000.00000000', 'crossUnPnl': '0.00000000', 'availableBalance': '5000.00000000', 'maxWithdrawAmount': '5000.00000000', 'marginAvailable': True, 'updateTime': 1776777601169}]
2026-04-21 21:26:25 | INFO     | bot.orders | Fetching open orders (symbol=ALL)
2026-04-21 21:26:25 | INFO     | bot.orders | Fetching USDT account balance
2026-04-21 21:26:25 | DEBUG    | bot.client | GET https://testnet.binancefuture.com/fapi/v1/openOrders | params: {'timestamp': 1776786985602, 'recvWindow': 5000}
2026-04-21 21:26:25 | DEBUG    | bot.client | GET https://testnet.binancefuture.com/fapi/v2/balance | params: {'timestamp': 1776786985603, 'recvWindow': 5000}
2026-04-21 21:26:26 | DEBUG    | bot.client | Response [200]: [{'accountAlias': 'oCmYSgSgfWmYsR', 'asset': 'FDUSD', 'balance': '0.00000000', 'crossWalletBalance': '0.00000000', 'crossUnPnl': '0.00000000', 'availableBalance': '0.00000000', 'maxWithdrawAmount': '0.00000000', 'marginAvailable': True, 'updateTime': 0}, {'accountAlias': 'oCmYSgSgfWmYsR', 'asset': 'BNB', 'balance': '0.00000000', 'crossWalletBalance': '0.00000000', 'crossUnPnl': '0.00000000', 'availableBalance': '0.00000000', 'maxWithdrawAmount': '0.00000000', 'marginAvailable': True, 'updateTime': 0}, {'accountAlias': 'oCmYSgSgfWmYsR', 'asset': 'ETH', 'balance': '0.00000000', 'crossWalletBalance': '0.00000000', 'crossUnPnl': '0.00000000', 'availableBalance': '0.00000000', 'maxWithdrawAmount': '0.00000000', 'marginAvailable': True, 'updateTime': 0}, {'accountAlias': 'oCmYSgSgfWmYsR', 'asset': 'BTC', 'balance': '0.01000000', 'crossWalletBalance': '0.01000000', 'crossUnPnl': '0.00000000', 'availableBalance': '0.01000000', 'maxWithdrawAmount': '0.01000000', 'marginAvailable': True, 'updateTime': 1776777601189}, {'accountAlias': 'oCmYSgSgfWmYsR', 'asset': 'USDT', 'balance': '4966.30688552', 'crossWalletBalance': '4966.30688552', 'crossUnPnl': '-22.20812167', 'availableBalance': '1243.64287385', 'maxWithdrawAmount': '1243.64287385', 'marginAvailable': True, 'updateTime': 1776786213751}, {'accountAlias': 'oCmYSgSgfWmYsR', 'asset': 'USDC', 'balance': '5000.00000000', 'crossWalletBalance': '5000.00000000', 'crossUnPnl': '0.00000000', 'availableBalance': '5000.00000000', 'maxWithdrawAmount': '5000.00000000', 'marginAvailable': True, 'updateTime': 1776777601169}]
2026-04-21 21:26:26 | DEBUG    | bot.client | Response [200]: []
2026-04-21 21:26:30 | INFO     | bot.orders | Fetching USDT account balance
2026-04-21 21:26:30 | INFO     | bot.orders | Fetching open orders (symbol=ALL)
2026-04-21 21:26:30 | DEBUG    | bot.client | GET https://testnet.binancefuture.com/fapi/v2/balance | params: {'timestamp': 1776786990608, 'recvWindow': 5000}
2026-04-21 21:26:30 | DEBUG    | bot.client | GET https://testnet.binancefuture.com/fapi/v1/openOrders | params: {'timestamp': 1776786990608, 'recvWindow': 5000}
2026-04-21 21:26:31 | DEBUG    | bot.client | Response [200]: []
2026-04-21 21:26:31 | DEBUG    | bot.client | Response [200]: [{'accountAlias': 'oCmYSgSgfWmYsR', 'asset': 'FDUSD', 'balance': '0.00000000', 'crossWalletBalance': '0.00000000', 'crossUnPnl': '0.00000000', 'availableBalance': '0.00000000', 'maxWithdrawAmount': '0.00000000', 'marginAvailable': True, 'updateTime': 0}, {'accountAlias': 'oCmYSgSgfWmYsR', 'asset': 'BNB', 'balance': '0.00000000', 'crossWalletBalance': '0.00000000', 'crossUnPnl': '0.00000000', 'availableBalance': '0.00000000', 'maxWithdrawAmount': '0.00000000', 'marginAvailable': True, 'updateTime': 0}, {'accountAlias': 'oCmYSgSgfWmYsR', 'asset': 'ETH', 'balance': '0.00000000', 'crossWalletBalance': '0.00000000', 'crossUnPnl': '0.00000000', 'availableBalance': '0.00000000', 'maxWithdrawAmount': '0.00000000', 'marginAvailable': True, 'updateTime': 0}, {'accountAlias': 'oCmYSgSgfWmYsR', 'asset': 'BTC', 'balance': '0.01000000', 'crossWalletBalance': '0.01000000', 'crossUnPnl': '0.00000000', 'availableBalance': '0.01000000', 'maxWithdrawAmount': '0.01000000', 'marginAvailable': True, 'updateTime': 1776777601189}, {'accountAlias': 'oCmYSgSgfWmYsR', 'asset': 'USDT', 'balance': '4966.30688552', 'crossWalletBalance': '4966.30688552', 'crossUnPnl': '-22.30582167', 'availableBalance': '1246.17818885', 'maxWithdrawAmount': '1246.17818885', 'marginAvailable': True, 'updateTime': 1776786213751}, {'accountAlias': 'oCmYSgSgfWmYsR', 'asset': 'USDC', 'balance': '5000.00000000', 'crossWalletBalance': '5000.00000000', 'crossUnPnl': '0.00000000', 'availableBalance': '5000.00000000', 'maxWithdrawAmount': '5000.00000000', 'marginAvailable': True, 'updateTime': 1776777601169}]
2026-04-21 21:26:35 | INFO     | bot.orders | Fetching USDT account balance
2026-04-21 21:26:35 | INFO     | bot.orders | Fetching open orders (symbol=ALL)
2026-04-21 21:26:35 | DEBUG    | bot.client | GET https://testnet.binancefuture.com/fapi/v2/balance | params: {'timestamp': 1776786995606, 'recvWindow': 5000}
2026-04-21 21:26:35 | DEBUG    | bot.client | GET https://testnet.binancefuture.com/fapi/v1/openOrders | params: {'timestamp': 1776786995606, 'recvWindow': 5000}
2026-04-21 21:26:37 | DEBUG    | bot.client | Response [200]: []
2026-04-21 21:26:37 | DEBUG    | bot.client | Response [200]: [{'accountAlias': 'oCmYSgSgfWmYsR', 'asset': 'FDUSD', 'balance': '0.00000000', 'crossWalletBalance': '0.00000000', 'crossUnPnl': '0.00000000', 'availableBalance': '0.00000000', 'maxWithdrawAmount': '0.00000000', 'marginAvailable': True, 'updateTime': 0}, {'accountAlias': 'oCmYSgSgfWmYsR', 'asset': 'BNB', 'balance': '0.00000000', 'crossWalletBalance': '0.00000000', 'crossUnPnl': '0.00000000', 'availableBalance': '0.00000000', 'maxWithdrawAmount': '0.00000000', 'marginAvailable': True, 'updateTime': 0}, {'accountAlias': 'oCmYSgSgfWmYsR', 'asset': 'ETH', 'balance': '0.00000000', 'crossWalletBalance': '0.00000000', 'crossUnPnl': '0.00000000', 'availableBalance': '0.00000000', 'maxWithdrawAmount': '0.00000000', 'marginAvailable': True, 'updateTime': 0}, {'accountAlias': 'oCmYSgSgfWmYsR', 'asset': 'BTC', 'balance': '0.01000000', 'crossWalletBalance': '0.01000000', 'crossUnPnl': '0.00000000', 'availableBalance': '0.01000000', 'maxWithdrawAmount': '0.01000000', 'marginAvailable': True, 'updateTime': 1776777601189}, {'accountAlias': 'oCmYSgSgfWmYsR', 'asset': 'USDT', 'balance': '4966.30688552', 'crossWalletBalance': '4966.30688552', 'crossUnPnl': '-39.40332167', 'availableBalance': '1228.22581385', 'maxWithdrawAmount': '1228.22581385', 'marginAvailable': True, 'updateTime': 1776786213751}, {'accountAlias': 'oCmYSgSgfWmYsR', 'asset': 'USDC', 'balance': '5000.00000000', 'crossWalletBalance': '5000.00000000', 'crossUnPnl': '0.00000000', 'availableBalance': '5000.00000000', 'maxWithdrawAmount': '5000.00000000', 'marginAvailable': True, 'updateTime': 1776777601169}]
2026-04-21 21:26:40 | INFO     | bot.orders | Fetching USDT account balance
2026-04-21 21:26:40 | DEBUG    | bot.client | GET https://testnet.binancefuture.com/fapi/v2/balance | params: {'timestamp': 1776787000610, 'recvWindow': 5000}
2026-04-21 21:26:40 | DEBUG    | bot.client | GET https://testnet.binancefuture.com/fapi/v1/openOrders | params: {'timestamp': 1776787000610, 'recvWindow': 5000}
2026-04-21 21:26:41 | DEBUG    | bot.client | Response [200]: [{'accountAlias': 'oCmYSgSgfWmYsR', 'asset': 'FDUSD', 'balance': '0.00000000', 'crossWalletBalance': '0.00000000', 'crossUnPnl': '0.00000000', 'availableBalance': '0.00000000', 'maxWithdrawAmount': '0.00000000', 'marginAvailable': True, 'updateTime': 0}, {'accountAlias': 'oCmYSgSgfWmYsR', 'asset': 'BNB', 'balance': '0.00000000', 'crossWalletBalance': '0.00000000', 'crossUnPnl': '0.00000000', 'availableBalance': '0.00000000', 'maxWithdrawAmount': '0.00000000', 'marginAvailable': True, 'updateTime': 0}, {'accountAlias': 'oCmYSgSgfWmYsR', 'asset': 'ETH', 'balance': '0.00000000', 'crossWalletBalance': '0.00000000', 'crossUnPnl': '0.00000000', 'availableBalance': '0.00000000', 'maxWithdrawAmount': '0.00000000', 'marginAvailable': True, 'updateTime': 0}, {'accountAlias': 'oCmYSgSgfWmYsR', 'asset': 'BTC', 'balance': '0.01000000', 'crossWalletBalance': '0.01000000', 'crossUnPnl': '0.00000000', 'availableBalance': '0.01000000', 'maxWithdrawAmount': '0.01000000', 'marginAvailable': True, 'updateTime': 1776777601189}, {'accountAlias': 'oCmYSgSgfWmYsR', 'asset': 'USDT', 'balance': '4966.30688552', 'crossWalletBalance': '4966.30688552', 'crossUnPnl': '-36.57002167', 'availableBalance': '1231.20077885', 'maxWithdrawAmount': '1231.20077885', 'marginAvailable': True, 'updateTime': 1776786213751}, {'accountAlias': 'oCmYSgSgfWmYsR', 'asset': 'USDC', 'balance': '5000.00000000', 'crossWalletBalance': '5000.00000000', 'crossUnPnl': '0.00000000', 'availableBalance': '5000.00000000', 'maxWithdrawAmount': '5000.00000000', 'marginAvailable': True, 'updateTime': 1776777601169}]
2026-04-21 21:26:41 | DEBUG    | bot.client | Response [200]: []
2026-04-21 21:26:45 | INFO     | bot.orders | Fetching open orders (symbol=ALL)
2026-04-21 21:26:45 | DEBUG    | bot.client | GET https://testnet.binancefuture.com/fapi/v1/openOrders | params: {'timestamp': 1776787005609, 'recvWindow': 5000}
2026-04-21 21:26:45 | DEBUG    | bot.client | GET https://testnet.binancefuture.com/fapi/v2/balance | params: {'timestamp': 1776787005609, 'recvWindow': 5000}
2026-04-21 21:26:46 | DEBUG    | bot.client | Response [200]: []
2026-04-21 21:26:47 | DEBUG    | bot.client | Response [200]: [{'accountAlias': 'oCmYSgSgfWmYsR', 'asset': 'FDUSD', 'balance': '0.00000000', 'crossWalletBalance': '0.00000000', 'crossUnPnl': '0.00000000', 'availableBalance': '0.00000000', 'maxWithdrawAmount': '0.00000000', 'marginAvailable': True, 'updateTime': 0}, {'accountAlias': 'oCmYSgSgfWmYsR', 'asset': 'BNB', 'balance': '0.00000000', 'crossWalletBalance': '0.00000000', 'crossUnPnl': '0.00000000', 'availableBalance': '0.00000000', 'maxWithdrawAmount': '0.00000000', 'marginAvailable': True, 'updateTime': 0}, {'accountAlias': 'oCmYSgSgfWmYsR', 'asset': 'ETH', 'balance': '0.00000000', 'crossWalletBalance': '0.00000000', 'crossUnPnl': '0.00000000', 'availableBalance': '0.00000000', 'maxWithdrawAmount': '0.00000000', 'marginAvailable': True, 'updateTime': 0}, {'accountAlias': 'oCmYSgSgfWmYsR', 'asset': 'BTC', 'balance': '0.01000000', 'crossWalletBalance': '0.01000000', 'crossUnPnl': '0.00000000', 'availableBalance': '0.01000000', 'maxWithdrawAmount': '0.01000000', 'marginAvailable': True, 'updateTime': 1776777601189}, {'accountAlias': 'oCmYSgSgfWmYsR', 'asset': 'USDT', 'balance': '4966.30688552', 'crossWalletBalance': '4966.30688552', 'crossUnPnl': '-26.21591019', 'availableBalance': '1242.07259590', 'maxWithdrawAmount': '1242.07259590', 'marginAvailable': True, 'updateTime': 1776786213751}, {'accountAlias': 'oCmYSgSgfWmYsR', 'asset': 'USDC', 'balance': '5000.00000000', 'crossWalletBalance': '5000.00000000', 'crossUnPnl': '0.00000000', 'availableBalance': '5000.00000000', 'maxWithdrawAmount': '5000.00000000', 'marginAvailable': True, 'updateTime': 1776777601169}]
2026-04-21 21:26:48 | INFO     | bot.orders | Fetching open orders (symbol=ALL)
2026-04-21 21:26:48 | INFO     | bot.orders | Fetching USDT account balance
2026-04-21 21:26:48 | DEBUG    | bot.client | GET https://testnet.binancefuture.com/fapi/v1/openOrders | params: {'timestamp': 1776787008210, 'recvWindow': 5000}
2026-04-21 21:26:48 | DEBUG    | bot.client | GET https://testnet.binancefuture.com/fapi/v2/balance | params: {'timestamp': 1776787008210, 'recvWindow': 5000}
2026-04-21 21:26:49 | DEBUG    | bot.client | Response [200]: []
2026-04-21 21:26:50 | DEBUG    | bot.client | Response [200]: [{'accountAlias': 'oCmYSgSgfWmYsR', 'asset': 'FDUSD', 'balance': '0.00000000', 'crossWalletBalance': '0.00000000', 'crossUnPnl': '0.00000000', 'availableBalance': '0.00000000', 'maxWithdrawAmount': '0.00000000', 'marginAvailable': True, 'updateTime': 0}, {'accountAlias': 'oCmYSgSgfWmYsR', 'asset': 'BNB', 'balance': '0.00000000', 'crossWalletBalance': '0.00000000', 'crossUnPnl': '0.00000000', 'availableBalance': '0.00000000', 'maxWithdrawAmount': '0.00000000', 'marginAvailable': True, 'updateTime': 0}, {'accountAlias': 'oCmYSgSgfWmYsR', 'asset': 'ETH', 'balance': '0.00000000', 'crossWalletBalance': '0.00000000', 'crossUnPnl': '0.00000000', 'availableBalance': '0.00000000', 'maxWithdrawAmount': '0.00000000', 'marginAvailable': True, 'updateTime': 0}, {'accountAlias': 'oCmYSgSgfWmYsR', 'asset': 'BTC', 'balance': '0.01000000', 'crossWalletBalance': '0.01000000', 'crossUnPnl': '0.00000000', 'availableBalance': '0.01000000', 'maxWithdrawAmount': '0.01000000', 'marginAvailable': True, 'updateTime': 1776777601189}, {'accountAlias': 'oCmYSgSgfWmYsR', 'asset': 'USDT', 'balance': '4966.30688552', 'crossWalletBalance': '4966.30688552', 'crossUnPnl': '-25.49654084', 'availableBalance': '1242.82793372', 'maxWithdrawAmount': '1242.82793372', 'marginAvailable': True, 'updateTime': 1776786213751}, {'accountAlias': 'oCmYSgSgfWmYsR', 'asset': 'USDC', 'balance': '5000.00000000', 'crossWalletBalance': '5000.00000000', 'crossUnPnl': '0.00000000', 'availableBalance': '5000.00000000', 'maxWithdrawAmount': '5000.00000000', 'marginAvailable': True, 'updateTime': 1776777601169}]
2026-04-21 21:26:53 | INFO     | bot.orders | Fetching USDT account balance
2026-04-21 21:26:53 | INFO     | bot.orders | Fetching open orders (symbol=ALL)
2026-04-21 21:26:53 | DEBUG    | bot.client | GET https://testnet.binancefuture.com/fapi/v2/balance | params: {'timestamp': 1776787013219, 'recvWindow': 5000}
2026-04-21 21:26:53 | DEBUG    | bot.client | GET https://testnet.binancefuture.com/fapi/v1/openOrders | params: {'timestamp': 1776787013219, 'recvWindow': 5000}
2026-04-21 21:26:54 | DEBUG    | bot.client | Response [200]: []
2026-04-21 21:26:54 | DEBUG    | bot.client | Response [200]: [{'accountAlias': 'oCmYSgSgfWmYsR', 'asset': 'FDUSD', 'balance': '0.00000000', 'crossWalletBalance': '0.00000000', 'crossUnPnl': '0.00000000', 'availableBalance': '0.00000000', 'maxWithdrawAmount': '0.00000000', 'marginAvailable': True, 'updateTime': 0}, {'accountAlias': 'oCmYSgSgfWmYsR', 'asset': 'BNB', 'balance': '0.00000000', 'crossWalletBalance': '0.00000000', 'crossUnPnl': '0.00000000', 'availableBalance': '0.00000000', 'maxWithdrawAmount': '0.00000000', 'marginAvailable': True, 'updateTime': 0}, {'accountAlias': 'oCmYSgSgfWmYsR', 'asset': 'ETH', 'balance': '0.00000000', 'crossWalletBalance': '0.00000000', 'crossUnPnl': '0.00000000', 'availableBalance': '0.00000000', 'maxWithdrawAmount': '0.00000000', 'marginAvailable': True, 'updateTime': 0}, {'accountAlias': 'oCmYSgSgfWmYsR', 'asset': 'BTC', 'balance': '0.01000000', 'crossWalletBalance': '0.01000000', 'crossUnPnl': '0.00000000', 'availableBalance': '0.01000000', 'maxWithdrawAmount': '0.01000000', 'marginAvailable': True, 'updateTime': 1776777601189}, {'accountAlias': 'oCmYSgSgfWmYsR', 'asset': 'USDT', 'balance': '4966.30688552', 'crossWalletBalance': '4966.30688552', 'crossUnPnl': '-39.40332167', 'availableBalance': '1228.22581385', 'maxWithdrawAmount': '1228.22581385', 'marginAvailable': True, 'updateTime': 1776786213751}, {'accountAlias': 'oCmYSgSgfWmYsR', 'asset': 'USDC', 'balance': '5000.00000000', 'crossWalletBalance': '5000.00000000', 'crossUnPnl': '0.00000000', 'availableBalance': '5000.00000000', 'maxWithdrawAmount': '5000.00000000', 'marginAvailable': True, 'updateTime': 1776777601169}]
2026-04-21 21:26:58 | INFO     | bot.orders | Fetching USDT account balance
2026-04-21 21:26:58 | INFO     | bot.orders | Fetching open orders (symbol=ALL)
2026-04-21 21:26:58 | DEBUG    | bot.client | GET https://testnet.binancefuture.com/fapi/v2/balance | params: {'timestamp': 1776787018604, 'recvWindow': 5000}
2026-04-21 21:26:58 | DEBUG    | bot.client | GET https://testnet.binancefuture.com/fapi/v1/openOrders | params: {'timestamp': 1776787018604, 'recvWindow': 5000}
2026-04-21 21:27:01 | DEBUG    | bot.client | Response [200]: [{'accountAlias': 'oCmYSgSgfWmYsR', 'asset': 'FDUSD', 'balance': '0.00000000', 'crossWalletBalance': '0.00000000', 'crossUnPnl': '0.00000000', 'availableBalance': '0.00000000', 'maxWithdrawAmount': '0.00000000', 'marginAvailable': True, 'updateTime': 0}, {'accountAlias': 'oCmYSgSgfWmYsR', 'asset': 'BNB', 'balance': '0.00000000', 'crossWalletBalance': '0.00000000', 'crossUnPnl': '0.00000000', 'availableBalance': '0.00000000', 'maxWithdrawAmount': '0.00000000', 'marginAvailable': True, 'updateTime': 0}, {'accountAlias': 'oCmYSgSgfWmYsR', 'asset': 'ETH', 'balance': '0.00000000', 'crossWalletBalance': '0.00000000', 'crossUnPnl': '0.00000000', 'availableBalance': '0.00000000', 'maxWithdrawAmount': '0.00000000', 'marginAvailable': True, 'updateTime': 0}, {'accountAlias': 'oCmYSgSgfWmYsR', 'asset': 'BTC', 'balance': '0.01000000', 'crossWalletBalance': '0.01000000', 'crossUnPnl': '0.00000000', 'availableBalance': '0.01000000', 'maxWithdrawAmount': '0.01000000', 'marginAvailable': True, 'updateTime': 1776777601189}, {'accountAlias': 'oCmYSgSgfWmYsR', 'asset': 'USDT', 'balance': '4966.30688552', 'crossWalletBalance': '4966.30688552', 'crossUnPnl': '-39.40332167', 'availableBalance': '1228.22581385', 'maxWithdrawAmount': '1228.22581385', 'marginAvailable': True, 'updateTime': 1776786213751}, {'accountAlias': 'oCmYSgSgfWmYsR', 'asset': 'USDC', 'balance': '5000.00000000', 'crossWalletBalance': '5000.00000000', 'crossUnPnl': '0.00000000', 'availableBalance': '5000.00000000', 'maxWithdrawAmount': '5000.00000000', 'marginAvailable': True, 'updateTime': 1776777601169}]
2026-04-21 21:27:01 | DEBUG    | bot.client | Response [200]: []
2026-04-21 21:27:03 | INFO     | bot.orders | Fetching USDT account balance
2026-04-21 21:27:03 | DEBUG    | bot.client | GET https://testnet.binancefuture.com/fapi/v2/balance | params: {'timestamp': 1776787023597, 'recvWindow': 5000}
2026-04-21 21:27:03 | INFO     | bot.orders | Fetching open orders (symbol=ALL)
2026-04-21 21:27:03 | DEBUG    | bot.client | GET https://testnet.binancefuture.com/fapi/v1/openOrders | params: {'timestamp': 1776787023597, 'recvWindow': 5000}
2026-04-21 21:27:04 | DEBUG    | bot.client | Response [200]: [{'accountAlias': 'oCmYSgSgfWmYsR', 'asset': 'FDUSD', 'balance': '0.00000000', 'crossWalletBalance': '0.00000000', 'crossUnPnl': '0.00000000', 'availableBalance': '0.00000000', 'maxWithdrawAmount': '0.00000000', 'marginAvailable': True, 'updateTime': 0}, {'accountAlias': 'oCmYSgSgfWmYsR', 'asset': 'BNB', 'balance': '0.00000000', 'crossWalletBalance': '0.00000000', 'crossUnPnl': '0.00000000', 'availableBalance': '0.00000000', 'maxWithdrawAmount': '0.00000000', 'marginAvailable': True, 'updateTime': 0}, {'accountAlias': 'oCmYSgSgfWmYsR', 'asset': 'ETH', 'balance': '0.00000000', 'crossWalletBalance': '0.00000000', 'crossUnPnl': '0.00000000', 'availableBalance': '0.00000000', 'maxWithdrawAmount': '0.00000000', 'marginAvailable': True, 'updateTime': 0}, {'accountAlias': 'oCmYSgSgfWmYsR', 'asset': 'BTC', 'balance': '0.01000000', 'crossWalletBalance': '0.01000000', 'crossUnPnl': '0.00000000', 'availableBalance': '0.01000000', 'maxWithdrawAmount': '0.01000000', 'marginAvailable': True, 'updateTime': 1776777601189}, {'accountAlias': 'oCmYSgSgfWmYsR', 'asset': 'USDT', 'balance': '4966.30688552', 'crossWalletBalance': '4966.30688552', 'crossUnPnl': '-73.20752167', 'availableBalance': '1192.73140384', 'maxWithdrawAmount': '1192.73140384', 'marginAvailable': True, 'updateTime': 1776786213751}, {'accountAlias': 'oCmYSgSgfWmYsR', 'asset': 'USDC', 'balance': '5000.00000000', 'crossWalletBalance': '5000.00000000', 'crossUnPnl': '0.00000000', 'availableBalance': '5000.00000000', 'maxWithdrawAmount': '5000.00000000', 'marginAvailable': True, 'updateTime': 1776777601169}]
2026-04-21 21:27:04 | DEBUG    | bot.client | Response [200]: []
2026-04-21 21:27:08 | INFO     | bot.orders | Fetching USDT account balance
2026-04-21 21:27:08 | INFO     | bot.orders | Fetching open orders (symbol=ALL)
2026-04-21 21:27:08 | DEBUG    | bot.client | GET https://testnet.binancefuture.com/fapi/v2/balance | params: {'timestamp': 1776787028610, 'recvWindow': 5000}
2026-04-21 21:27:08 | DEBUG    | bot.client | GET https://testnet.binancefuture.com/fapi/v1/openOrders | params: {'timestamp': 1776787028611, 'recvWindow': 5000}
2026-04-21 21:27:09 | DEBUG    | bot.client | Response [200]: []
2026-04-21 21:27:09 | DEBUG    | bot.client | Response [200]: [{'accountAlias': 'oCmYSgSgfWmYsR', 'asset': 'FDUSD', 'balance': '0.00000000', 'crossWalletBalance': '0.00000000', 'crossUnPnl': '0.00000000', 'availableBalance': '0.00000000', 'maxWithdrawAmount': '0.00000000', 'marginAvailable': True, 'updateTime': 0}, {'accountAlias': 'oCmYSgSgfWmYsR', 'asset': 'BNB', 'balance': '0.00000000', 'crossWalletBalance': '0.00000000', 'crossUnPnl': '0.00000000', 'availableBalance': '0.00000000', 'maxWithdrawAmount': '0.00000000', 'marginAvailable': True, 'updateTime': 0}, {'accountAlias': 'oCmYSgSgfWmYsR', 'asset': 'ETH', 'balance': '0.00000000', 'crossWalletBalance': '0.00000000', 'crossUnPnl': '0.00000000', 'availableBalance': '0.00000000', 'maxWithdrawAmount': '0.00000000', 'marginAvailable': True, 'updateTime': 0}, {'accountAlias': 'oCmYSgSgfWmYsR', 'asset': 'BTC', 'balance': '0.01000000', 'crossWalletBalance': '0.01000000', 'crossUnPnl': '0.00000000', 'availableBalance': '0.01000000', 'maxWithdrawAmount': '0.01000000', 'marginAvailable': True, 'updateTime': 1776777601189}, {'accountAlias': 'oCmYSgSgfWmYsR', 'asset': 'USDT', 'balance': '4966.30688552', 'crossWalletBalance': '4966.30688552', 'crossUnPnl': '-102.81062167', 'availableBalance': '1161.64814885', 'maxWithdrawAmount': '1161.64814885', 'marginAvailable': True, 'updateTime': 1776786213751}, {'accountAlias': 'oCmYSgSgfWmYsR', 'asset': 'USDC', 'balance': '5000.00000000', 'crossWalletBalance': '5000.00000000', 'crossUnPnl': '0.00000000', 'availableBalance': '5000.00000000', 'maxWithdrawAmount': '5000.00000000', 'marginAvailable': True, 'updateTime': 1776777601169}]
2026-04-21 21:27:13 | INFO     | bot.orders | Fetching USDT account balance
2026-04-21 21:27:13 | INFO     | bot.orders | Fetching open orders (symbol=ALL)
2026-04-21 21:27:13 | DEBUG    | bot.client | GET https://testnet.binancefuture.com/fapi/v2/balance | params: {'timestamp': 1776787033611, 'recvWindow': 5000}
2026-04-21 21:27:13 | DEBUG    | bot.client | GET https://testnet.binancefuture.com/fapi/v1/openOrders | params: {'timestamp': 1776787033611, 'recvWindow': 5000}
2026-04-21 21:27:16 | DEBUG    | bot.client | Response [200]: []
2026-04-21 21:27:16 | DEBUG    | bot.client | Response [200]: [{'accountAlias': 'oCmYSgSgfWmYsR', 'asset': 'FDUSD', 'balance': '0.00000000', 'crossWalletBalance': '0.00000000', 'crossUnPnl': '0.00000000', 'availableBalance': '0.00000000', 'maxWithdrawAmount': '0.00000000', 'marginAvailable': True, 'updateTime': 0}, {'accountAlias': 'oCmYSgSgfWmYsR', 'asset': 'BNB', 'balance': '0.00000000', 'crossWalletBalance': '0.00000000', 'crossUnPnl': '0.00000000', 'availableBalance': '0.00000000', 'maxWithdrawAmount': '0.00000000', 'marginAvailable': True, 'updateTime': 0}, {'accountAlias': 'oCmYSgSgfWmYsR', 'asset': 'ETH', 'balance': '0.00000000', 'crossWalletBalance': '0.00000000', 'crossUnPnl': '0.00000000', 'availableBalance': '0.00000000', 'maxWithdrawAmount': '0.00000000', 'marginAvailable': True, 'updateTime': 0}, {'accountAlias': 'oCmYSgSgfWmYsR', 'asset': 'BTC', 'balance': '0.01000000', 'crossWalletBalance': '0.01000000', 'crossUnPnl': '0.00000000', 'availableBalance': '0.01000000', 'maxWithdrawAmount': '0.01000000', 'marginAvailable': True, 'updateTime': 1776777601189}, {'accountAlias': 'oCmYSgSgfWmYsR', 'asset': 'USDT', 'balance': '4966.30688552', 'crossWalletBalance': '4966.30688552', 'crossUnPnl': '-96.09551660', 'availableBalance': '1168.69900917', 'maxWithdrawAmount': '1168.69900917', 'marginAvailable': True, 'updateTime': 1776786213751}, {'accountAlias': 'oCmYSgSgfWmYsR', 'asset': 'USDC', 'balance': '5000.00000000', 'crossWalletBalance': '5000.00000000', 'crossUnPnl': '0.00000000', 'availableBalance': '5000.00000000', 'maxWithdrawAmount': '5000.00000000', 'marginAvailable': True, 'updateTime': 1776777601169}]
2026-04-21 21:27:18 | INFO     | bot.orders | Fetching open orders (symbol=ALL)
2026-04-21 21:27:18 | INFO     | bot.orders | Fetching USDT account balance
2026-04-21 21:27:18 | DEBUG    | bot.client | GET https://testnet.binancefuture.com/fapi/v1/openOrders | params: {'timestamp': 1776787038611, 'recvWindow': 5000}
2026-04-21 21:27:18 | DEBUG    | bot.client | GET https://testnet.binancefuture.com/fapi/v2/balance | params: {'timestamp': 1776787038612, 'recvWindow': 5000}
2026-04-21 21:27:20 | INFO     | bot.orders | Fetching USDT account balance
2026-04-21 21:27:20 | DEBUG    | bot.client | GET https://testnet.binancefuture.com/fapi/v2/balance | params: {'timestamp': 1776787040227, 'recvWindow': 5000}
2026-04-21 21:27:20 | DEBUG    | bot.client | Response [200]: []
2026-04-21 21:27:20 | DEBUG    | bot.client | Response [200]: [{'accountAlias': 'oCmYSgSgfWmYsR', 'asset': 'FDUSD', 'balance': '0.00000000', 'crossWalletBalance': '0.00000000', 'crossUnPnl': '0.00000000', 'availableBalance': '0.00000000', 'maxWithdrawAmount': '0.00000000', 'marginAvailable': True, 'updateTime': 0}, {'accountAlias': 'oCmYSgSgfWmYsR', 'asset': 'BNB', 'balance': '0.00000000', 'crossWalletBalance': '0.00000000', 'crossUnPnl': '0.00000000', 'availableBalance': '0.00000000', 'maxWithdrawAmount': '0.00000000', 'marginAvailable': True, 'updateTime': 0}, {'accountAlias': 'oCmYSgSgfWmYsR', 'asset': 'ETH', 'balance': '0.00000000', 'crossWalletBalance': '0.00000000', 'crossUnPnl': '0.00000000', 'availableBalance': '0.00000000', 'maxWithdrawAmount': '0.00000000', 'marginAvailable': True, 'updateTime': 0}, {'accountAlias': 'oCmYSgSgfWmYsR', 'asset': 'BTC', 'balance': '0.01000000', 'crossWalletBalance': '0.01000000', 'crossUnPnl': '0.00000000', 'availableBalance': '0.01000000', 'maxWithdrawAmount': '0.01000000', 'marginAvailable': True, 'updateTime': 1776777601189}, {'accountAlias': 'oCmYSgSgfWmYsR', 'asset': 'USDT', 'balance': '4966.30688552', 'crossWalletBalance': '4966.30688552', 'crossUnPnl': '-93.39735057', 'availableBalance': '1171.53208350', 'maxWithdrawAmount': '1171.53208350', 'marginAvailable': True, 'updateTime': 1776786213751}, {'accountAlias': 'oCmYSgSgfWmYsR', 'asset': 'USDC', 'balance': '5000.00000000', 'crossWalletBalance': '5000.00000000', 'crossUnPnl': '0.00000000', 'availableBalance': '5000.00000000', 'maxWithdrawAmount': '5000.00000000', 'marginAvailable': True, 'updateTime': 1776777601169}]
2026-04-21 21:27:20 | INFO     | bot.orders | Fetching open orders (symbol=ALL)
2026-04-21 21:27:20 | DEBUG    | bot.client | GET https://testnet.binancefuture.com/fapi/v1/openOrders | params: {'timestamp': 1776787040537, 'recvWindow': 5000}
2026-04-21 21:27:21 | DEBUG    | bot.client | Response [200]: [{'accountAlias': 'oCmYSgSgfWmYsR', 'asset': 'FDUSD', 'balance': '0.00000000', 'crossWalletBalance': '0.00000000', 'crossUnPnl': '0.00000000', 'availableBalance': '0.00000000', 'maxWithdrawAmount': '0.00000000', 'marginAvailable': True, 'updateTime': 0}, {'accountAlias': 'oCmYSgSgfWmYsR', 'asset': 'BNB', 'balance': '0.00000000', 'crossWalletBalance': '0.00000000', 'crossUnPnl': '0.00000000', 'availableBalance': '0.00000000', 'maxWithdrawAmount': '0.00000000', 'marginAvailable': True, 'updateTime': 0}, {'accountAlias': 'oCmYSgSgfWmYsR', 'asset': 'ETH', 'balance': '0.00000000', 'crossWalletBalance': '0.00000000', 'crossUnPnl': '0.00000000', 'availableBalance': '0.00000000', 'maxWithdrawAmount': '0.00000000', 'marginAvailable': True, 'updateTime': 0}, {'accountAlias': 'oCmYSgSgfWmYsR', 'asset': 'BTC', 'balance': '0.01000000', 'crossWalletBalance': '0.01000000', 'crossUnPnl': '0.00000000', 'availableBalance': '0.01000000', 'maxWithdrawAmount': '0.01000000', 'marginAvailable': True, 'updateTime': 1776777601189}, {'accountAlias': 'oCmYSgSgfWmYsR', 'asset': 'USDT', 'balance': '4966.30688552', 'crossWalletBalance': '4966.30688552', 'crossUnPnl': '-93.28903101', 'availableBalance': '1171.64581904', 'maxWithdrawAmount': '1171.64581904', 'marginAvailable': True, 'updateTime': 1776786213751}, {'accountAlias': 'oCmYSgSgfWmYsR', 'asset': 'USDC', 'balance': '5000.00000000', 'crossWalletBalance': '5000.00000000', 'crossUnPnl': '0.00000000', 'availableBalance': '5000.00000000', 'maxWithdrawAmount': '5000.00000000', 'marginAvailable': True, 'updateTime': 1776777601169}]
2026-04-21 21:27:21 | DEBUG    | bot.client | Response [200]: []
2026-04-21 21:27:21 | INFO     | bot.orders | Fetching USDT account balance
2026-04-21 21:27:21 | INFO     | bot.orders | Fetching open orders (symbol=ALL)
2026-04-21 21:27:21 | DEBUG    | bot.client | GET https://testnet.binancefuture.com/fapi/v2/balance | params: {'timestamp': 1776787041891, 'recvWindow': 5000}
2026-04-21 21:27:21 | DEBUG    | bot.client | GET https://testnet.binancefuture.com/fapi/v1/openOrders | params: {'timestamp': 1776787041891, 'recvWindow': 5000}
2026-04-21 21:27:24 | DEBUG    | bot.client | Response [200]: []
2026-04-21 21:27:25 | DEBUG    | bot.client | Response [200]: [{'accountAlias': 'oCmYSgSgfWmYsR', 'asset': 'FDUSD', 'balance': '0.00000000', 'crossWalletBalance': '0.00000000', 'crossUnPnl': '0.00000000', 'availableBalance': '0.00000000', 'maxWithdrawAmount': '0.00000000', 'marginAvailable': True, 'updateTime': 0}, {'accountAlias': 'oCmYSgSgfWmYsR', 'asset': 'BNB', 'balance': '0.00000000', 'crossWalletBalance': '0.00000000', 'crossUnPnl': '0.00000000', 'availableBalance': '0.00000000', 'maxWithdrawAmount': '0.00000000', 'marginAvailable': True, 'updateTime': 0}, {'accountAlias': 'oCmYSgSgfWmYsR', 'asset': 'ETH', 'balance': '0.00000000', 'crossWalletBalance': '0.00000000', 'crossUnPnl': '0.00000000', 'availableBalance': '0.00000000', 'maxWithdrawAmount': '0.00000000', 'marginAvailable': True, 'updateTime': 0}, {'accountAlias': 'oCmYSgSgfWmYsR', 'asset': 'BTC', 'balance': '0.01000000', 'crossWalletBalance': '0.01000000', 'crossUnPnl': '0.00000000', 'availableBalance': '0.01000000', 'maxWithdrawAmount': '0.01000000', 'marginAvailable': True, 'updateTime': 1776777601189}, {'accountAlias': 'oCmYSgSgfWmYsR', 'asset': 'USDT', 'balance': '4966.30688552', 'crossWalletBalance': '4966.30688552', 'crossUnPnl': '-102.81062167', 'availableBalance': '1161.64814885', 'maxWithdrawAmount': '1161.64814885', 'marginAvailable': True, 'updateTime': 1776786213751}, {'accountAlias': 'oCmYSgSgfWmYsR', 'asset': 'USDC', 'balance': '5000.00000000', 'crossWalletBalance': '5000.00000000', 'crossUnPnl': '0.00000000', 'availableBalance': '5000.00000000', 'maxWithdrawAmount': '5000.00000000', 'marginAvailable': True, 'updateTime': 1776777601169}]
2026-04-21 21:27:26 | INFO     | bot.orders | Fetching open orders (symbol=ALL)
2026-04-21 21:27:26 | INFO     | bot.orders | Fetching USDT account balance
2026-04-21 21:27:26 | DEBUG    | bot.client | GET https://testnet.binancefuture.com/fapi/v1/openOrders | params: {'timestamp': 1776787046285, 'recvWindow': 5000}
2026-04-21 21:27:26 | DEBUG    | bot.client | GET https://testnet.binancefuture.com/fapi/v2/balance | params: {'timestamp': 1776787046285, 'recvWindow': 5000}
2026-04-21 21:27:27 | DEBUG    | bot.client | Response [200]: []
2026-04-21 21:27:27 | DEBUG    | bot.client | Response [200]: [{'accountAlias': 'oCmYSgSgfWmYsR', 'asset': 'FDUSD', 'balance': '0.00000000', 'crossWalletBalance': '0.00000000', 'crossUnPnl': '0.00000000', 'availableBalance': '0.00000000', 'maxWithdrawAmount': '0.00000000', 'marginAvailable': True, 'updateTime': 0}, {'accountAlias': 'oCmYSgSgfWmYsR', 'asset': 'BNB', 'balance': '0.00000000', 'crossWalletBalance': '0.00000000', 'crossUnPnl': '0.00000000', 'availableBalance': '0.00000000', 'maxWithdrawAmount': '0.00000000', 'marginAvailable': True, 'updateTime': 0}, {'accountAlias': 'oCmYSgSgfWmYsR', 'asset': 'ETH', 'balance': '0.00000000', 'crossWalletBalance': '0.00000000', 'crossUnPnl': '0.00000000', 'availableBalance': '0.00000000', 'maxWithdrawAmount': '0.00000000', 'marginAvailable': True, 'updateTime': 0}, {'accountAlias': 'oCmYSgSgfWmYsR', 'asset': 'BTC', 'balance': '0.01000000', 'crossWalletBalance': '0.01000000', 'crossUnPnl': '0.00000000', 'availableBalance': '0.01000000', 'maxWithdrawAmount': '0.01000000', 'marginAvailable': True, 'updateTime': 1776777601189}, {'accountAlias': 'oCmYSgSgfWmYsR', 'asset': 'USDT', 'balance': '4966.30688552', 'crossWalletBalance': '4966.30688552', 'crossUnPnl': '-102.81062167', 'availableBalance': '1161.64814885', 'maxWithdrawAmount': '1161.64814885', 'marginAvailable': True, 'updateTime': 1776786213751}, {'accountAlias': 'oCmYSgSgfWmYsR', 'asset': 'USDC', 'balance': '5000.00000000', 'crossWalletBalance': '5000.00000000', 'crossUnPnl': '0.00000000', 'availableBalance': '5000.00000000', 'maxWithdrawAmount': '5000.00000000', 'marginAvailable': True, 'updateTime': 1776777601169}]
2026-04-21 21:27:31 | INFO     | bot.orders | Fetching open orders (symbol=ALL)
2026-04-21 21:27:31 | INFO     | bot.orders | Fetching USDT account balance
2026-04-21 21:27:31 | DEBUG    | bot.client | GET https://testnet.binancefuture.com/fapi/v1/openOrders | params: {'timestamp': 1776787051598, 'recvWindow': 5000}
2026-04-21 21:27:31 | DEBUG    | bot.client | GET https://testnet.binancefuture.com/fapi/v2/balance | params: {'timestamp': 1776787051598, 'recvWindow': 5000}
2026-04-21 21:27:33 | DEBUG    | bot.client | Response [200]: [{'accountAlias': 'oCmYSgSgfWmYsR', 'asset': 'FDUSD', 'balance': '0.00000000', 'crossWalletBalance': '0.00000000', 'crossUnPnl': '0.00000000', 'availableBalance': '0.00000000', 'maxWithdrawAmount': '0.00000000', 'marginAvailable': True, 'updateTime': 0}, {'accountAlias': 'oCmYSgSgfWmYsR', 'asset': 'BNB', 'balance': '0.00000000', 'crossWalletBalance': '0.00000000', 'crossUnPnl': '0.00000000', 'availableBalance': '0.00000000', 'maxWithdrawAmount': '0.00000000', 'marginAvailable': True, 'updateTime': 0}, {'accountAlias': 'oCmYSgSgfWmYsR', 'asset': 'ETH', 'balance': '0.00000000', 'crossWalletBalance': '0.00000000', 'crossUnPnl': '0.00000000', 'availableBalance': '0.00000000', 'maxWithdrawAmount': '0.00000000', 'marginAvailable': True, 'updateTime': 0}, {'accountAlias': 'oCmYSgSgfWmYsR', 'asset': 'BTC', 'balance': '0.01000000', 'crossWalletBalance': '0.01000000', 'crossUnPnl': '0.00000000', 'availableBalance': '0.01000000', 'maxWithdrawAmount': '0.01000000', 'marginAvailable': True, 'updateTime': 1776777601189}, {'accountAlias': 'oCmYSgSgfWmYsR', 'asset': 'USDT', 'balance': '4966.30688552', 'crossWalletBalance': '4966.30688552', 'crossUnPnl': '-90.17994090', 'availableBalance': '1174.91036365', 'maxWithdrawAmount': '1174.91036365', 'marginAvailable': True, 'updateTime': 1776786213751}, {'accountAlias': 'oCmYSgSgfWmYsR', 'asset': 'USDC', 'balance': '5000.00000000', 'crossWalletBalance': '5000.00000000', 'crossUnPnl': '0.00000000', 'availableBalance': '5000.00000000', 'maxWithdrawAmount': '5000.00000000', 'marginAvailable': True, 'updateTime': 1776777601169}]
2026-04-21 21:27:33 | DEBUG    | bot.client | Response [200]: []
2026-04-21 21:27:36 | INFO     | bot.orders | Fetching open orders (symbol=ALL)
2026-04-21 21:27:36 | INFO     | bot.orders | Fetching USDT account balance
2026-04-21 21:27:36 | DEBUG    | bot.client | GET https://testnet.binancefuture.com/fapi/v1/openOrders | params: {'timestamp': 1776787056610, 'recvWindow': 5000}
2026-04-21 21:27:36 | DEBUG    | bot.client | GET https://testnet.binancefuture.com/fapi/v2/balance | params: {'timestamp': 1776787056611, 'recvWindow': 5000}
2026-04-21 21:27:37 | DEBUG    | bot.client | Response [200]: []
2026-04-21 21:27:37 | DEBUG    | bot.client | Response [200]: [{'accountAlias': 'oCmYSgSgfWmYsR', 'asset': 'FDUSD', 'balance': '0.00000000', 'crossWalletBalance': '0.00000000', 'crossUnPnl': '0.00000000', 'availableBalance': '0.00000000', 'maxWithdrawAmount': '0.00000000', 'marginAvailable': True, 'updateTime': 0}, {'accountAlias': 'oCmYSgSgfWmYsR', 'asset': 'BNB', 'balance': '0.00000000', 'crossWalletBalance': '0.00000000', 'crossUnPnl': '0.00000000', 'availableBalance': '0.00000000', 'maxWithdrawAmount': '0.00000000', 'marginAvailable': True, 'updateTime': 0}, {'accountAlias': 'oCmYSgSgfWmYsR', 'asset': 'ETH', 'balance': '0.00000000', 'crossWalletBalance': '0.00000000', 'crossUnPnl': '0.00000000', 'availableBalance': '0.00000000', 'maxWithdrawAmount': '0.00000000', 'marginAvailable': True, 'updateTime': 0}, {'accountAlias': 'oCmYSgSgfWmYsR', 'asset': 'BTC', 'balance': '0.01000000', 'crossWalletBalance': '0.01000000', 'crossUnPnl': '0.00000000', 'availableBalance': '0.01000000', 'maxWithdrawAmount': '0.01000000', 'marginAvailable': True, 'updateTime': 1776777601189}, {'accountAlias': 'oCmYSgSgfWmYsR', 'asset': 'USDT', 'balance': '4966.30688552', 'crossWalletBalance': '4966.30688552', 'crossUnPnl': '-84.71029843', 'availableBalance': '1180.65348825', 'maxWithdrawAmount': '1180.65348825', 'marginAvailable': True, 'updateTime': 1776786213751}, {'accountAlias': 'oCmYSgSgfWmYsR', 'asset': 'USDC', 'balance': '5000.00000000', 'crossWalletBalance': '5000.00000000', 'crossUnPnl': '0.00000000', 'availableBalance': '5000.00000000', 'maxWithdrawAmount': '5000.00000000', 'marginAvailable': True, 'updateTime': 1776777601169}]
2026-04-21 21:27:41 | INFO     | bot.orders | Fetching USDT account balance
2026-04-21 21:27:41 | INFO     | bot.orders | Fetching open orders (symbol=ALL)
2026-04-21 21:27:41 | DEBUG    | bot.client | GET https://testnet.binancefuture.com/fapi/v2/balance | params: {'timestamp': 1776787061604, 'recvWindow': 5000}
2026-04-21 21:27:41 | DEBUG    | bot.client | GET https://testnet.binancefuture.com/fapi/v1/openOrders | params: {'timestamp': 1776787061605, 'recvWindow': 5000}
2026-04-21 21:27:42 | DEBUG    | bot.client | Response [200]: []
2026-04-21 21:27:42 | DEBUG    | bot.client | Response [200]: [{'accountAlias': 'oCmYSgSgfWmYsR', 'asset': 'FDUSD', 'balance': '0.00000000', 'crossWalletBalance': '0.00000000', 'crossUnPnl': '0.00000000', 'availableBalance': '0.00000000', 'maxWithdrawAmount': '0.00000000', 'marginAvailable': True, 'updateTime': 0}, {'accountAlias': 'oCmYSgSgfWmYsR', 'asset': 'BNB', 'balance': '0.00000000', 'crossWalletBalance': '0.00000000', 'crossUnPnl': '0.00000000', 'availableBalance': '0.00000000', 'maxWithdrawAmount': '0.00000000', 'marginAvailable': True, 'updateTime': 0}, {'accountAlias': 'oCmYSgSgfWmYsR', 'asset': 'ETH', 'balance': '0.00000000', 'crossWalletBalance': '0.00000000', 'crossUnPnl': '0.00000000', 'availableBalance': '0.00000000', 'maxWithdrawAmount': '0.00000000', 'marginAvailable': True, 'updateTime': 0}, {'accountAlias': 'oCmYSgSgfWmYsR', 'asset': 'BTC', 'balance': '0.01000000', 'crossWalletBalance': '0.01000000', 'crossUnPnl': '0.00000000', 'availableBalance': '0.01000000', 'maxWithdrawAmount': '0.01000000', 'marginAvailable': True, 'updateTime': 1776777601189}, {'accountAlias': 'oCmYSgSgfWmYsR', 'asset': 'USDT', 'balance': '4966.30688552', 'crossWalletBalance': '4966.30688552', 'crossUnPnl': '-80.05974303', 'availableBalance': '1185.53657142', 'maxWithdrawAmount': '1185.53657142', 'marginAvailable': True, 'updateTime': 1776786213751}, {'accountAlias': 'oCmYSgSgfWmYsR', 'asset': 'USDC', 'balance': '5000.00000000', 'crossWalletBalance': '5000.00000000', 'crossUnPnl': '0.00000000', 'availableBalance': '5000.00000000', 'maxWithdrawAmount': '5000.00000000', 'marginAvailable': True, 'updateTime': 1776777601169}]
2026-04-21 21:27:46 | INFO     | bot.orders | Fetching USDT account balance
2026-04-21 21:27:46 | INFO     | bot.orders | Fetching open orders (symbol=ALL)
2026-04-21 21:27:46 | DEBUG    | bot.client | GET https://testnet.binancefuture.com/fapi/v2/balance | params: {'timestamp': 1776787066602, 'recvWindow': 5000}
2026-04-21 21:27:46 | DEBUG    | bot.client | GET https://testnet.binancefuture.com/fapi/v1/openOrders | params: {'timestamp': 1776787066603, 'recvWindow': 5000}
2026-04-21 21:27:47 | DEBUG    | bot.client | Response [200]: [{'accountAlias': 'oCmYSgSgfWmYsR', 'asset': 'FDUSD', 'balance': '0.00000000', 'crossWalletBalance': '0.00000000', 'crossUnPnl': '0.00000000', 'availableBalance': '0.00000000', 'maxWithdrawAmount': '0.00000000', 'marginAvailable': True, 'updateTime': 0}, {'accountAlias': 'oCmYSgSgfWmYsR', 'asset': 'BNB', 'balance': '0.00000000', 'crossWalletBalance': '0.00000000', 'crossUnPnl': '0.00000000', 'availableBalance': '0.00000000', 'maxWithdrawAmount': '0.00000000', 'marginAvailable': True, 'updateTime': 0}, {'accountAlias': 'oCmYSgSgfWmYsR', 'asset': 'ETH', 'balance': '0.00000000', 'crossWalletBalance': '0.00000000', 'crossUnPnl': '0.00000000', 'availableBalance': '0.00000000', 'maxWithdrawAmount': '0.00000000', 'marginAvailable': True, 'updateTime': 0}, {'accountAlias': 'oCmYSgSgfWmYsR', 'asset': 'BTC', 'balance': '0.01000000', 'crossWalletBalance': '0.01000000', 'crossUnPnl': '0.00000000', 'availableBalance': '0.01000000', 'maxWithdrawAmount': '0.01000000', 'marginAvailable': True, 'updateTime': 1776777601189}, {'accountAlias': 'oCmYSgSgfWmYsR', 'asset': 'USDT', 'balance': '4966.30688552', 'crossWalletBalance': '4966.30688552', 'crossUnPnl': '-71.30985846', 'availableBalance': '1194.72395022', 'maxWithdrawAmount': '1194.72395022', 'marginAvailable': True, 'updateTime': 1776786213751}, {'accountAlias': 'oCmYSgSgfWmYsR', 'asset': 'USDC', 'balance': '5000.00000000', 'crossWalletBalance': '5000.00000000', 'crossUnPnl': '0.00000000', 'availableBalance': '5000.00000000', 'maxWithdrawAmount': '5000.00000000', 'marginAvailable': True, 'updateTime': 1776777601169}]
2026-04-21 21:27:47 | DEBUG    | bot.client | Response [200]: []
2026-04-21 21:27:51 | INFO     | bot.orders | Fetching open orders (symbol=ALL)
2026-04-21 21:27:51 | INFO     | bot.orders | Fetching USDT account balance
2026-04-21 21:27:51 | DEBUG    | bot.client | GET https://testnet.binancefuture.com/fapi/v1/openOrders | params: {'timestamp': 1776787071604, 'recvWindow': 5000}
2026-04-21 21:27:51 | DEBUG    | bot.client | GET https://testnet.binancefuture.com/fapi/v2/balance | params: {'timestamp': 1776787071604, 'recvWindow': 5000}
2026-04-21 21:27:52 | DEBUG    | bot.client | Response [200]: [{'accountAlias': 'oCmYSgSgfWmYsR', 'asset': 'FDUSD', 'balance': '0.00000000', 'crossWalletBalance': '0.00000000', 'crossUnPnl': '0.00000000', 'availableBalance': '0.00000000', 'maxWithdrawAmount': '0.00000000', 'marginAvailable': True, 'updateTime': 0}, {'accountAlias': 'oCmYSgSgfWmYsR', 'asset': 'BNB', 'balance': '0.00000000', 'crossWalletBalance': '0.00000000', 'crossUnPnl': '0.00000000', 'availableBalance': '0.00000000', 'maxWithdrawAmount': '0.00000000', 'marginAvailable': True, 'updateTime': 0}, {'accountAlias': 'oCmYSgSgfWmYsR', 'asset': 'ETH', 'balance': '0.00000000', 'crossWalletBalance': '0.00000000', 'crossUnPnl': '0.00000000', 'availableBalance': '0.00000000', 'maxWithdrawAmount': '0.00000000', 'marginAvailable': True, 'updateTime': 0}, {'accountAlias': 'oCmYSgSgfWmYsR', 'asset': 'BTC', 'balance': '0.01000000', 'crossWalletBalance': '0.01000000', 'crossUnPnl': '0.00000000', 'availableBalance': '0.01000000', 'maxWithdrawAmount': '0.01000000', 'marginAvailable': True, 'updateTime': 1776777601189}, {'accountAlias': 'oCmYSgSgfWmYsR', 'asset': 'USDT', 'balance': '4966.30688552', 'crossWalletBalance': '4966.30688552', 'crossUnPnl': '-74.73026113', 'availableBalance': '1191.13252741', 'maxWithdrawAmount': '1191.13252741', 'marginAvailable': True, 'updateTime': 1776786213751}, {'accountAlias': 'oCmYSgSgfWmYsR', 'asset': 'USDC', 'balance': '5000.00000000', 'crossWalletBalance': '5000.00000000', 'crossUnPnl': '0.00000000', 'availableBalance': '5000.00000000', 'maxWithdrawAmount': '5000.00000000', 'marginAvailable': True, 'updateTime': 1776777601169}]
2026-04-21 21:27:52 | DEBUG    | bot.client | Response [200]: []
2026-04-21 21:27:56 | INFO     | bot.orders | Fetching open orders (symbol=ALL)
2026-04-21 21:27:56 | INFO     | bot.orders | Fetching USDT account balance
2026-04-21 21:27:56 | DEBUG    | bot.client | GET https://testnet.binancefuture.com/fapi/v1/openOrders | params: {'timestamp': 1776787076609, 'recvWindow': 5000}
2026-04-21 21:27:56 | DEBUG    | bot.client | GET https://testnet.binancefuture.com/fapi/v2/balance | params: {'timestamp': 1776787076609, 'recvWindow': 5000}
2026-04-21 21:27:57 | DEBUG    | bot.client | Response [200]: []
2026-04-21 21:27:57 | DEBUG    | bot.client | Response [200]: [{'accountAlias': 'oCmYSgSgfWmYsR', 'asset': 'FDUSD', 'balance': '0.00000000', 'crossWalletBalance': '0.00000000', 'crossUnPnl': '0.00000000', 'availableBalance': '0.00000000', 'maxWithdrawAmount': '0.00000000', 'marginAvailable': True, 'updateTime': 0}, {'accountAlias': 'oCmYSgSgfWmYsR', 'asset': 'BNB', 'balance': '0.00000000', 'crossWalletBalance': '0.00000000', 'crossUnPnl': '0.00000000', 'availableBalance': '0.00000000', 'maxWithdrawAmount': '0.00000000', 'marginAvailable': True, 'updateTime': 0}, {'accountAlias': 'oCmYSgSgfWmYsR', 'asset': 'ETH', 'balance': '0.00000000', 'crossWalletBalance': '0.00000000', 'crossUnPnl': '0.00000000', 'availableBalance': '0.00000000', 'maxWithdrawAmount': '0.00000000', 'marginAvailable': True, 'updateTime': 0}, {'accountAlias': 'oCmYSgSgfWmYsR', 'asset': 'BTC', 'balance': '0.01000000', 'crossWalletBalance': '0.01000000', 'crossUnPnl': '0.00000000', 'availableBalance': '0.01000000', 'maxWithdrawAmount': '0.01000000', 'marginAvailable': True, 'updateTime': 1776777601189}, {'accountAlias': 'oCmYSgSgfWmYsR', 'asset': 'USDT', 'balance': '4966.30688552', 'crossWalletBalance': '4966.30688552', 'crossUnPnl': '-73.36987713', 'availableBalance': '1192.56093061', 'maxWithdrawAmount': '1192.56093061', 'marginAvailable': True, 'updateTime': 1776786213751}, {'accountAlias': 'oCmYSgSgfWmYsR', 'asset': 'USDC', 'balance': '5000.00000000', 'crossWalletBalance': '5000.00000000', 'crossUnPnl': '0.00000000', 'availableBalance': '5000.00000000', 'maxWithdrawAmount': '5000.00000000', 'marginAvailable': True, 'updateTime': 1776777601169}]
2026-04-21 21:28:01 | INFO     | bot.orders | Fetching USDT account balance
2026-04-21 21:28:01 | INFO     | bot.orders | Fetching open orders (symbol=ALL)
2026-04-21 21:28:01 | DEBUG    | bot.client | GET https://testnet.binancefuture.com/fapi/v2/balance | params: {'timestamp': 1776787081607, 'recvWindow': 5000}
2026-04-21 21:28:01 | DEBUG    | bot.client | GET https://testnet.binancefuture.com/fapi/v1/openOrders | params: {'timestamp': 1776787081607, 'recvWindow': 5000}
2026-04-21 21:28:04 | DEBUG    | bot.client | Response [200]: []
2026-04-21 21:28:04 | DEBUG    | bot.client | Response [200]: [{'accountAlias': 'oCmYSgSgfWmYsR', 'asset': 'FDUSD', 'balance': '0.00000000', 'crossWalletBalance': '0.00000000', 'crossUnPnl': '0.00000000', 'availableBalance': '0.00000000', 'maxWithdrawAmount': '0.00000000', 'marginAvailable': True, 'updateTime': 0}, {'accountAlias': 'oCmYSgSgfWmYsR', 'asset': 'BNB', 'balance': '0.00000000', 'crossWalletBalance': '0.00000000', 'crossUnPnl': '0.00000000', 'availableBalance': '0.00000000', 'maxWithdrawAmount': '0.00000000', 'marginAvailable': True, 'updateTime': 0}, {'accountAlias': 'oCmYSgSgfWmYsR', 'asset': 'ETH', 'balance': '0.00000000', 'crossWalletBalance': '0.00000000', 'crossUnPnl': '0.00000000', 'availableBalance': '0.00000000', 'maxWithdrawAmount': '0.00000000', 'marginAvailable': True, 'updateTime': 0}, {'accountAlias': 'oCmYSgSgfWmYsR', 'asset': 'BTC', 'balance': '0.01000000', 'crossWalletBalance': '0.01000000', 'crossUnPnl': '0.00000000', 'availableBalance': '0.01000000', 'maxWithdrawAmount': '0.01000000', 'marginAvailable': True, 'updateTime': 1776777601189}, {'accountAlias': 'oCmYSgSgfWmYsR', 'asset': 'USDT', 'balance': '4966.30688552', 'crossWalletBalance': '4966.30688552', 'crossUnPnl': '-76.80247459', 'availableBalance': '1188.95670328', 'maxWithdrawAmount': '1188.95670328', 'marginAvailable': True, 'updateTime': 1776786213751}, {'accountAlias': 'oCmYSgSgfWmYsR', 'asset': 'USDC', 'balance': '5000.00000000', 'crossWalletBalance': '5000.00000000', 'crossUnPnl': '0.00000000', 'availableBalance': '5000.00000000', 'maxWithdrawAmount': '5000.00000000', 'marginAvailable': True, 'updateTime': 1776777601169}]
2026-04-21 21:28:06 | INFO     | bot.orders | Fetching open orders (symbol=ALL)
2026-04-21 21:28:06 | INFO     | bot.orders | Fetching USDT account balance
2026-04-21 21:28:06 | DEBUG    | bot.client | GET https://testnet.binancefuture.com/fapi/v1/openOrders | params: {'timestamp': 1776787086598, 'recvWindow': 5000}
2026-04-21 21:28:06 | DEBUG    | bot.client | GET https://testnet.binancefuture.com/fapi/v2/balance | params: {'timestamp': 1776787086599, 'recvWindow': 5000}
2026-04-21 21:28:07 | DEBUG    | bot.client | Response [200]: []
2026-04-21 21:28:07 | DEBUG    | bot.client | Response [200]: [{'accountAlias': 'oCmYSgSgfWmYsR', 'asset': 'FDUSD', 'balance': '0.00000000', 'crossWalletBalance': '0.00000000', 'crossUnPnl': '0.00000000', 'availableBalance': '0.00000000', 'maxWithdrawAmount': '0.00000000', 'marginAvailable': True, 'updateTime': 0}, {'accountAlias': 'oCmYSgSgfWmYsR', 'asset': 'BNB', 'balance': '0.00000000', 'crossWalletBalance': '0.00000000', 'crossUnPnl': '0.00000000', 'availableBalance': '0.00000000', 'maxWithdrawAmount': '0.00000000', 'marginAvailable': True, 'updateTime': 0}, {'accountAlias': 'oCmYSgSgfWmYsR', 'asset': 'ETH', 'balance': '0.00000000', 'crossWalletBalance': '0.00000000', 'crossUnPnl': '0.00000000', 'availableBalance': '0.00000000', 'maxWithdrawAmount': '0.00000000', 'marginAvailable': True, 'updateTime': 0}, {'accountAlias': 'oCmYSgSgfWmYsR', 'asset': 'BTC', 'balance': '0.01000000', 'crossWalletBalance': '0.01000000', 'crossUnPnl': '0.00000000', 'availableBalance': '0.01000000', 'maxWithdrawAmount': '0.01000000', 'marginAvailable': True, 'updateTime': 1776777601189}, {'accountAlias': 'oCmYSgSgfWmYsR', 'asset': 'USDT', 'balance': '4966.30688552', 'crossWalletBalance': '4966.30688552', 'crossUnPnl': '-65.72421495', 'availableBalance': '1200.58887590', 'maxWithdrawAmount': '1200.58887590', 'marginAvailable': True, 'updateTime': 1776786213751}, {'accountAlias': 'oCmYSgSgfWmYsR', 'asset': 'USDC', 'balance': '5000.00000000', 'crossWalletBalance': '5000.00000000', 'crossUnPnl': '0.00000000', 'availableBalance': '5000.00000000', 'maxWithdrawAmount': '5000.00000000', 'marginAvailable': True, 'updateTime': 1776777601169}]
2026-04-21 21:28:11 | INFO     | bot.orders | Fetching USDT account balance
2026-04-21 21:28:11 | INFO     | bot.orders | Fetching open orders (symbol=ALL)
2026-04-21 21:28:11 | DEBUG    | bot.client | GET https://testnet.binancefuture.com/fapi/v2/balance | params: {'timestamp': 1776787091605, 'recvWindow': 5000}
2026-04-21 21:28:11 | DEBUG    | bot.client | GET https://testnet.binancefuture.com/fapi/v1/openOrders | params: {'timestamp': 1776787091605, 'recvWindow': 5000}
2026-04-21 21:28:15 | DEBUG    | bot.client | Response [200]: [{'accountAlias': 'oCmYSgSgfWmYsR', 'asset': 'FDUSD', 'balance': '0.00000000', 'crossWalletBalance': '0.00000000', 'crossUnPnl': '0.00000000', 'availableBalance': '0.00000000', 'maxWithdrawAmount': '0.00000000', 'marginAvailable': True, 'updateTime': 0}, {'accountAlias': 'oCmYSgSgfWmYsR', 'asset': 'BNB', 'balance': '0.00000000', 'crossWalletBalance': '0.00000000', 'crossUnPnl': '0.00000000', 'availableBalance': '0.00000000', 'maxWithdrawAmount': '0.00000000', 'marginAvailable': True, 'updateTime': 0}, {'accountAlias': 'oCmYSgSgfWmYsR', 'asset': 'ETH', 'balance': '0.00000000', 'crossWalletBalance': '0.00000000', 'crossUnPnl': '0.00000000', 'availableBalance': '0.00000000', 'maxWithdrawAmount': '0.00000000', 'marginAvailable': True, 'updateTime': 0}, {'accountAlias': 'oCmYSgSgfWmYsR', 'asset': 'BTC', 'balance': '0.01000000', 'crossWalletBalance': '0.01000000', 'crossUnPnl': '0.00000000', 'availableBalance': '0.01000000', 'maxWithdrawAmount': '0.01000000', 'marginAvailable': True, 'updateTime': 1776777601189}, {'accountAlias': 'oCmYSgSgfWmYsR', 'asset': 'USDT', 'balance': '4966.30688552', 'crossWalletBalance': '4966.30688552', 'crossUnPnl': '-64.21912167', 'availableBalance': '1202.16922385', 'maxWithdrawAmount': '1202.16922385', 'marginAvailable': True, 'updateTime': 1776786213751}, {'accountAlias': 'oCmYSgSgfWmYsR', 'asset': 'USDC', 'balance': '5000.00000000', 'crossWalletBalance': '5000.00000000', 'crossUnPnl': '0.00000000', 'availableBalance': '5000.00000000', 'maxWithdrawAmount': '5000.00000000', 'marginAvailable': True, 'updateTime': 1776777601169}]
2026-04-21 21:28:15 | DEBUG    | bot.client | Response [200]: []
2026-04-21 21:28:16 | INFO     | bot.orders | Fetching USDT account balance
2026-04-21 21:28:16 | INFO     | bot.orders | Fetching open orders (symbol=ALL)
2026-04-21 21:28:16 | DEBUG    | bot.client | GET https://testnet.binancefuture.com/fapi/v2/balance | params: {'timestamp': 1776787096607, 'recvWindow': 5000}
2026-04-21 21:28:16 | DEBUG    | bot.client | GET https://testnet.binancefuture.com/fapi/v1/openOrders | params: {'timestamp': 1776787096607, 'recvWindow': 5000}
2026-04-21 21:28:19 | DEBUG    | bot.client | Response [200]: []
2026-04-21 21:28:19 | DEBUG    | bot.client | Response [200]: [{'accountAlias': 'oCmYSgSgfWmYsR', 'asset': 'FDUSD', 'balance': '0.00000000', 'crossWalletBalance': '0.00000000', 'crossUnPnl': '0.00000000', 'availableBalance': '0.00000000', 'maxWithdrawAmount': '0.00000000', 'marginAvailable': True, 'updateTime': 0}, {'accountAlias': 'oCmYSgSgfWmYsR', 'asset': 'BNB', 'balance': '0.00000000', 'crossWalletBalance': '0.00000000', 'crossUnPnl': '0.00000000', 'availableBalance': '0.00000000', 'maxWithdrawAmount': '0.00000000', 'marginAvailable': True, 'updateTime': 0}, {'accountAlias': 'oCmYSgSgfWmYsR', 'asset': 'ETH', 'balance': '0.00000000', 'crossWalletBalance': '0.00000000', 'crossUnPnl': '0.00000000', 'availableBalance': '0.00000000', 'maxWithdrawAmount': '0.00000000', 'marginAvailable': True, 'updateTime': 0}, {'accountAlias': 'oCmYSgSgfWmYsR', 'asset': 'BTC', 'balance': '0.01000000', 'crossWalletBalance': '0.01000000', 'crossUnPnl': '0.00000000', 'availableBalance': '0.01000000', 'maxWithdrawAmount': '0.01000000', 'marginAvailable': True, 'updateTime': 1776777601189}, {'accountAlias': 'oCmYSgSgfWmYsR', 'asset': 'USDT', 'balance': '4966.30688552', 'crossWalletBalance': '4966.30688552', 'crossUnPnl': '-60.26731596', 'availableBalance': '1206.31861984', 'maxWithdrawAmount': '1206.31861984', 'marginAvailable': True, 'updateTime': 1776786213751}, {'accountAlias': 'oCmYSgSgfWmYsR', 'asset': 'USDC', 'balance': '5000.00000000', 'crossWalletBalance': '5000.00000000', 'crossUnPnl': '0.00000000', 'availableBalance': '5000.00000000', 'maxWithdrawAmount': '5000.00000000', 'marginAvailable': True, 'updateTime': 1776777601169}]
2026-04-21 21:28:19 | INFO     | bot.orders | Fetching open orders (symbol=ALL)
2026-04-21 21:28:19 | INFO     | bot.orders | Fetching USDT account balance
2026-04-21 21:28:19 | DEBUG    | bot.client | GET https://testnet.binancefuture.com/fapi/v1/openOrders | params: {'timestamp': 1776787099603, 'recvWindow': 5000}
2026-04-21 21:28:19 | DEBUG    | bot.client | GET https://testnet.binancefuture.com/fapi/v2/balance | params: {'timestamp': 1776787099603, 'recvWindow': 5000}
2026-04-21 21:28:23 | DEBUG    | bot.client | Response [200]: []
2026-04-21 21:28:23 | INFO     | bot.orders | Fetching open orders (symbol=ALL)
2026-04-21 21:28:23 | DEBUG    | bot.client | GET https://testnet.binancefuture.com/fapi/v1/openOrders | params: {'timestamp': 1776787103935, 'recvWindow': 5000}
2026-04-21 21:28:23 | DEBUG    | bot.client | Response [200]: [{'accountAlias': 'oCmYSgSgfWmYsR', 'asset': 'FDUSD', 'balance': '0.00000000', 'crossWalletBalance': '0.00000000', 'crossUnPnl': '0.00000000', 'availableBalance': '0.00000000', 'maxWithdrawAmount': '0.00000000', 'marginAvailable': True, 'updateTime': 0}, {'accountAlias': 'oCmYSgSgfWmYsR', 'asset': 'BNB', 'balance': '0.00000000', 'crossWalletBalance': '0.00000000', 'crossUnPnl': '0.00000000', 'availableBalance': '0.00000000', 'maxWithdrawAmount': '0.00000000', 'marginAvailable': True, 'updateTime': 0}, {'accountAlias': 'oCmYSgSgfWmYsR', 'asset': 'ETH', 'balance': '0.00000000', 'crossWalletBalance': '0.00000000', 'crossUnPnl': '0.00000000', 'availableBalance': '0.00000000', 'maxWithdrawAmount': '0.00000000', 'marginAvailable': True, 'updateTime': 0}, {'accountAlias': 'oCmYSgSgfWmYsR', 'asset': 'BTC', 'balance': '0.01000000', 'crossWalletBalance': '0.01000000', 'crossUnPnl': '0.00000000', 'availableBalance': '0.01000000', 'maxWithdrawAmount': '0.01000000', 'marginAvailable': True, 'updateTime': 1776777601189}, {'accountAlias': 'oCmYSgSgfWmYsR', 'asset': 'USDT', 'balance': '4966.30688552', 'crossWalletBalance': '4966.30688552', 'crossUnPnl': '-76.13852167', 'availableBalance': '1189.65385385', 'maxWithdrawAmount': '1189.65385385', 'marginAvailable': True, 'updateTime': 1776786213751}, {'accountAlias': 'oCmYSgSgfWmYsR', 'asset': 'USDC', 'balance': '5000.00000000', 'crossWalletBalance': '5000.00000000', 'crossUnPnl': '0.00000000', 'availableBalance': '5000.00000000', 'maxWithdrawAmount': '5000.00000000', 'marginAvailable': True, 'updateTime': 1776777601169}]
2026-04-21 21:28:23 | INFO     | bot.orders | Fetching USDT account balance
2026-04-21 21:28:23 | DEBUG    | bot.client | GET https://testnet.binancefuture.com/fapi/v2/balance | params: {'timestamp': 1776787103959, 'recvWindow': 5000}
2026-04-21 21:28:24 | DEBUG    | bot.client | Response [200]: []
2026-04-21 21:28:24 | DEBUG    | bot.client | Response [200]: [{'accountAlias': 'oCmYSgSgfWmYsR', 'asset': 'FDUSD', 'balance': '0.00000000', 'crossWalletBalance': '0.00000000', 'crossUnPnl': '0.00000000', 'availableBalance': '0.00000000', 'maxWithdrawAmount': '0.00000000', 'marginAvailable': True, 'updateTime': 0}, {'accountAlias': 'oCmYSgSgfWmYsR', 'asset': 'BNB', 'balance': '0.00000000', 'crossWalletBalance': '0.00000000', 'crossUnPnl': '0.00000000', 'availableBalance': '0.00000000', 'maxWithdrawAmount': '0.00000000', 'marginAvailable': True, 'updateTime': 0}, {'accountAlias': 'oCmYSgSgfWmYsR', 'asset': 'ETH', 'balance': '0.00000000', 'crossWalletBalance': '0.00000000', 'crossUnPnl': '0.00000000', 'availableBalance': '0.00000000', 'maxWithdrawAmount': '0.00000000', 'marginAvailable': True, 'updateTime': 0}, {'accountAlias': 'oCmYSgSgfWmYsR', 'asset': 'BTC', 'balance': '0.01000000', 'crossWalletBalance': '0.01000000', 'crossUnPnl': '0.00000000', 'availableBalance': '0.01000000', 'maxWithdrawAmount': '0.01000000', 'marginAvailable': True, 'updateTime': 1776777601189}, {'accountAlias': 'oCmYSgSgfWmYsR', 'asset': 'USDT', 'balance': '4966.30688552', 'crossWalletBalance': '4966.30688552', 'crossUnPnl': '-79.75342167', 'availableBalance': '1185.85820885', 'maxWithdrawAmount': '1185.85820885', 'marginAvailable': True, 'updateTime': 1776786213751}, {'accountAlias': 'oCmYSgSgfWmYsR', 'asset': 'USDC', 'balance': '5000.00000000', 'crossWalletBalance': '5000.00000000', 'crossUnPnl': '0.00000000', 'availableBalance': '5000.00000000', 'maxWithdrawAmount': '5000.00000000', 'marginAvailable': True, 'updateTime': 1776777601169}]
2026-04-21 21:28:26 | INFO     | bot.orders | Fetching USDT account balance
2026-04-21 21:28:26 | INFO     | bot.orders | Fetching open orders (symbol=ALL)
2026-04-21 21:28:26 | DEBUG    | bot.client | GET https://testnet.binancefuture.com/fapi/v2/balance | params: {'timestamp': 1776787106212, 'recvWindow': 5000}
2026-04-21 21:28:26 | DEBUG    | bot.client | GET https://testnet.binancefuture.com/fapi/v1/openOrders | params: {'timestamp': 1776787106212, 'recvWindow': 5000}
2026-04-21 21:28:27 | DEBUG    | bot.client | Response [200]: [{'accountAlias': 'oCmYSgSgfWmYsR', 'asset': 'FDUSD', 'balance': '0.00000000', 'crossWalletBalance': '0.00000000', 'crossUnPnl': '0.00000000', 'availableBalance': '0.00000000', 'maxWithdrawAmount': '0.00000000', 'marginAvailable': True, 'updateTime': 0}, {'accountAlias': 'oCmYSgSgfWmYsR', 'asset': 'BNB', 'balance': '0.00000000', 'crossWalletBalance': '0.00000000', 'crossUnPnl': '0.00000000', 'availableBalance': '0.00000000', 'maxWithdrawAmount': '0.00000000', 'marginAvailable': True, 'updateTime': 0}, {'accountAlias': 'oCmYSgSgfWmYsR', 'asset': 'ETH', 'balance': '0.00000000', 'crossWalletBalance': '0.00000000', 'crossUnPnl': '0.00000000', 'availableBalance': '0.00000000', 'maxWithdrawAmount': '0.00000000', 'marginAvailable': True, 'updateTime': 0}, {'accountAlias': 'oCmYSgSgfWmYsR', 'asset': 'BTC', 'balance': '0.01000000', 'crossWalletBalance': '0.01000000', 'crossUnPnl': '0.00000000', 'availableBalance': '0.01000000', 'maxWithdrawAmount': '0.01000000', 'marginAvailable': True, 'updateTime': 1776777601189}, {'accountAlias': 'oCmYSgSgfWmYsR', 'asset': 'USDT', 'balance': '4966.30688552', 'crossWalletBalance': '4966.30688552', 'crossUnPnl': '-79.75342167', 'availableBalance': '1185.85820885', 'maxWithdrawAmount': '1185.85820885', 'marginAvailable': True, 'updateTime': 1776786213751}, {'accountAlias': 'oCmYSgSgfWmYsR', 'asset': 'USDC', 'balance': '5000.00000000', 'crossWalletBalance': '5000.00000000', 'crossUnPnl': '0.00000000', 'availableBalance': '5000.00000000', 'maxWithdrawAmount': '5000.00000000', 'marginAvailable': True, 'updateTime': 1776777601169}]
2026-04-21 21:28:27 | DEBUG    | bot.client | Response [200]: []
2026-04-21 21:28:31 | INFO     | bot.orders | Fetching open orders (symbol=ALL)
2026-04-21 21:28:31 | INFO     | bot.orders | Fetching USDT account balance
2026-04-21 21:28:31 | DEBUG    | bot.client | GET https://testnet.binancefuture.com/fapi/v1/openOrders | params: {'timestamp': 1776787111217, 'recvWindow': 5000}
2026-04-21 21:28:31 | DEBUG    | bot.client | GET https://testnet.binancefuture.com/fapi/v2/balance | params: {'timestamp': 1776787111217, 'recvWindow': 5000}
2026-04-21 21:28:32 | DEBUG    | bot.client | Response [200]: []
2026-04-21 21:28:32 | DEBUG    | bot.client | Response [200]: [{'accountAlias': 'oCmYSgSgfWmYsR', 'asset': 'FDUSD', 'balance': '0.00000000', 'crossWalletBalance': '0.00000000', 'crossUnPnl': '0.00000000', 'availableBalance': '0.00000000', 'maxWithdrawAmount': '0.00000000', 'marginAvailable': True, 'updateTime': 0}, {'accountAlias': 'oCmYSgSgfWmYsR', 'asset': 'BNB', 'balance': '0.00000000', 'crossWalletBalance': '0.00000000', 'crossUnPnl': '0.00000000', 'availableBalance': '0.00000000', 'maxWithdrawAmount': '0.00000000', 'marginAvailable': True, 'updateTime': 0}, {'accountAlias': 'oCmYSgSgfWmYsR', 'asset': 'ETH', 'balance': '0.00000000', 'crossWalletBalance': '0.00000000', 'crossUnPnl': '0.00000000', 'availableBalance': '0.00000000', 'maxWithdrawAmount': '0.00000000', 'marginAvailable': True, 'updateTime': 0}, {'accountAlias': 'oCmYSgSgfWmYsR', 'asset': 'BTC', 'balance': '0.01000000', 'crossWalletBalance': '0.01000000', 'crossUnPnl': '0.00000000', 'availableBalance': '0.01000000', 'maxWithdrawAmount': '0.01000000', 'marginAvailable': True, 'updateTime': 1776777601189}, {'accountAlias': 'oCmYSgSgfWmYsR', 'asset': 'USDT', 'balance': '4966.30688552', 'crossWalletBalance': '4966.30688552', 'crossUnPnl': '-89.23032167', 'availableBalance': '1175.90746385', 'maxWithdrawAmount': '1175.90746385', 'marginAvailable': True, 'updateTime': 1776786213751}, {'accountAlias': 'oCmYSgSgfWmYsR', 'asset': 'USDC', 'balance': '5000.00000000', 'crossWalletBalance': '5000.00000000', 'crossUnPnl': '0.00000000', 'availableBalance': '5000.00000000', 'maxWithdrawAmount': '5000.00000000', 'marginAvailable': True, 'updateTime': 1776777601169}]
2026-04-21 21:28:36 | INFO     | bot.orders | Fetching open orders (symbol=ALL)
2026-04-21 21:28:36 | INFO     | bot.orders | Fetching USDT account balance
2026-04-21 21:28:36 | DEBUG    | bot.client | GET https://testnet.binancefuture.com/fapi/v1/openOrders | params: {'timestamp': 1776787116598, 'recvWindow': 5000}
2026-04-21 21:28:36 | DEBUG    | bot.client | GET https://testnet.binancefuture.com/fapi/v2/balance | params: {'timestamp': 1776787116598, 'recvWindow': 5000}
2026-04-21 21:28:37 | DEBUG    | bot.client | Response [200]: []
2026-04-21 21:28:37 | DEBUG    | bot.client | Response [200]: [{'accountAlias': 'oCmYSgSgfWmYsR', 'asset': 'FDUSD', 'balance': '0.00000000', 'crossWalletBalance': '0.00000000', 'crossUnPnl': '0.00000000', 'availableBalance': '0.00000000', 'maxWithdrawAmount': '0.00000000', 'marginAvailable': True, 'updateTime': 0}, {'accountAlias': 'oCmYSgSgfWmYsR', 'asset': 'BNB', 'balance': '0.00000000', 'crossWalletBalance': '0.00000000', 'crossUnPnl': '0.00000000', 'availableBalance': '0.00000000', 'maxWithdrawAmount': '0.00000000', 'marginAvailable': True, 'updateTime': 0}, {'accountAlias': 'oCmYSgSgfWmYsR', 'asset': 'ETH', 'balance': '0.00000000', 'crossWalletBalance': '0.00000000', 'crossUnPnl': '0.00000000', 'availableBalance': '0.00000000', 'maxWithdrawAmount': '0.00000000', 'marginAvailable': True, 'updateTime': 0}, {'accountAlias': 'oCmYSgSgfWmYsR', 'asset': 'BTC', 'balance': '0.01000000', 'crossWalletBalance': '0.01000000', 'crossUnPnl': '0.00000000', 'availableBalance': '0.01000000', 'maxWithdrawAmount': '0.01000000', 'marginAvailable': True, 'updateTime': 1776777601189}, {'accountAlias': 'oCmYSgSgfWmYsR', 'asset': 'USDT', 'balance': '4966.30688552', 'crossWalletBalance': '4966.30688552', 'crossUnPnl': '-93.04062167', 'availableBalance': '1171.90664885', 'maxWithdrawAmount': '1171.90664885', 'marginAvailable': True, 'updateTime': 1776786213751}, {'accountAlias': 'oCmYSgSgfWmYsR', 'asset': 'USDC', 'balance': '5000.00000000', 'crossWalletBalance': '5000.00000000', 'crossUnPnl': '0.00000000', 'availableBalance': '5000.00000000', 'maxWithdrawAmount': '5000.00000000', 'marginAvailable': True, 'updateTime': 1776777601169}]
2026-04-21 21:28:41 | INFO     | bot.orders | Fetching USDT account balance
2026-04-21 21:28:41 | INFO     | bot.orders | Fetching open orders (symbol=ALL)
2026-04-21 21:28:41 | DEBUG    | bot.client | GET https://testnet.binancefuture.com/fapi/v2/balance | params: {'timestamp': 1776787121607, 'recvWindow': 5000}
2026-04-21 21:28:41 | DEBUG    | bot.client | GET https://testnet.binancefuture.com/fapi/v1/openOrders | params: {'timestamp': 1776787121607, 'recvWindow': 5000}
2026-04-21 21:28:42 | DEBUG    | bot.client | Response [200]: []
2026-04-21 21:28:42 | DEBUG    | bot.client | Response [200]: [{'accountAlias': 'oCmYSgSgfWmYsR', 'asset': 'FDUSD', 'balance': '0.00000000', 'crossWalletBalance': '0.00000000', 'crossUnPnl': '0.00000000', 'availableBalance': '0.00000000', 'maxWithdrawAmount': '0.00000000', 'marginAvailable': True, 'updateTime': 0}, {'accountAlias': 'oCmYSgSgfWmYsR', 'asset': 'BNB', 'balance': '0.00000000', 'crossWalletBalance': '0.00000000', 'crossUnPnl': '0.00000000', 'availableBalance': '0.00000000', 'maxWithdrawAmount': '0.00000000', 'marginAvailable': True, 'updateTime': 0}, {'accountAlias': 'oCmYSgSgfWmYsR', 'asset': 'ETH', 'balance': '0.00000000', 'crossWalletBalance': '0.00000000', 'crossUnPnl': '0.00000000', 'availableBalance': '0.00000000', 'maxWithdrawAmount': '0.00000000', 'marginAvailable': True, 'updateTime': 0}, {'accountAlias': 'oCmYSgSgfWmYsR', 'asset': 'BTC', 'balance': '0.01000000', 'crossWalletBalance': '0.01000000', 'crossUnPnl': '0.00000000', 'availableBalance': '0.01000000', 'maxWithdrawAmount': '0.01000000', 'marginAvailable': True, 'updateTime': 1776777601189}, {'accountAlias': 'oCmYSgSgfWmYsR', 'asset': 'USDT', 'balance': '4966.30688552', 'crossWalletBalance': '4966.30688552', 'crossUnPnl': '-75.65002167', 'availableBalance': '1190.16677885', 'maxWithdrawAmount': '1190.16677885', 'marginAvailable': True, 'updateTime': 1776786213751}, {'accountAlias': 'oCmYSgSgfWmYsR', 'asset': 'USDC', 'balance': '5000.00000000', 'crossWalletBalance': '5000.00000000', 'crossUnPnl': '0.00000000', 'availableBalance': '5000.00000000', 'maxWithdrawAmount': '5000.00000000', 'marginAvailable': True, 'updateTime': 1776777601169}]
2026-04-21 21:28:46 | INFO     | bot.orders | Fetching open orders (symbol=ALL)
2026-04-21 21:28:46 | INFO     | bot.orders | Fetching USDT account balance
2026-04-21 21:28:46 | DEBUG    | bot.client | GET https://testnet.binancefuture.com/fapi/v1/openOrders | params: {'timestamp': 1776787126596, 'recvWindow': 5000}
2026-04-21 21:28:46 | DEBUG    | bot.client | GET https://testnet.binancefuture.com/fapi/v2/balance | params: {'timestamp': 1776787126597, 'recvWindow': 5000}
2026-04-21 21:28:52 | ERROR    | bot.client | HTTP error 400: {'code': -1021, 'msg': 'Timestamp for this request is outside of the recvWindow.'}
2026-04-21 21:28:52 | ERROR    | bot.client | HTTP error 400: {'code': -1021, 'msg': 'Timestamp for this request is outside of the recvWindow.'}
2026-04-21 21:28:52 | INFO     | bot.orders | Fetching USDT account balance
2026-04-21 21:28:52 | DEBUG    | bot.client | GET https://testnet.binancefuture.com/fapi/v2/balance | params: {'timestamp': 1776787132562, 'recvWindow': 5000}
2026-04-21 21:28:52 | INFO     | bot.orders | Fetching open orders (symbol=ALL)
2026-04-21 21:28:52 | DEBUG    | bot.client | GET https://testnet.binancefuture.com/fapi/v1/openOrders | params: {'timestamp': 1776787132565, 'recvWindow': 5000}
2026-04-21 21:28:53 | DEBUG    | bot.client | Response [200]: [{'accountAlias': 'oCmYSgSgfWmYsR', 'asset': 'FDUSD', 'balance': '0.00000000', 'crossWalletBalance': '0.00000000', 'crossUnPnl': '0.00000000', 'availableBalance': '0.00000000', 'maxWithdrawAmount': '0.00000000', 'marginAvailable': True, 'updateTime': 0}, {'accountAlias': 'oCmYSgSgfWmYsR', 'asset': 'BNB', 'balance': '0.00000000', 'crossWalletBalance': '0.00000000', 'crossUnPnl': '0.00000000', 'availableBalance': '0.00000000', 'maxWithdrawAmount': '0.00000000', 'marginAvailable': True, 'updateTime': 0}, {'accountAlias': 'oCmYSgSgfWmYsR', 'asset': 'ETH', 'balance': '0.00000000', 'crossWalletBalance': '0.00000000', 'crossUnPnl': '0.00000000', 'availableBalance': '0.00000000', 'maxWithdrawAmount': '0.00000000', 'marginAvailable': True, 'updateTime': 0}, {'accountAlias': 'oCmYSgSgfWmYsR', 'asset': 'BTC', 'balance': '0.01000000', 'crossWalletBalance': '0.01000000', 'crossUnPnl': '0.00000000', 'availableBalance': '0.01000000', 'maxWithdrawAmount': '0.01000000', 'marginAvailable': True, 'updateTime': 1776777601189}, {'accountAlias': 'oCmYSgSgfWmYsR', 'asset': 'USDT', 'balance': '4966.30688552', 'crossWalletBalance': '4966.30688552', 'crossUnPnl': '-97.82792167', 'availableBalance': '1166.87998385', 'maxWithdrawAmount': '1166.87998385', 'marginAvailable': True, 'updateTime': 1776786213751}, {'accountAlias': 'oCmYSgSgfWmYsR', 'asset': 'USDC', 'balance': '5000.00000000', 'crossWalletBalance': '5000.00000000', 'crossUnPnl': '0.00000000', 'availableBalance': '5000.00000000', 'maxWithdrawAmount': '5000.00000000', 'marginAvailable': True, 'updateTime': 1776777601169}]
2026-04-21 21:28:53 | DEBUG    | bot.client | Response [200]: []
2026-04-21 21:28:56 | INFO     | bot.orders | Fetching USDT account balance
2026-04-21 21:28:56 | INFO     | bot.orders | Fetching open orders (symbol=ALL)
2026-04-21 21:28:56 | DEBUG    | bot.client | GET https://testnet.binancefuture.com/fapi/v2/balance | params: {'timestamp': 1776787136605, 'recvWindow': 5000}
2026-04-21 21:28:56 | DEBUG    | bot.client | GET https://testnet.binancefuture.com/fapi/v1/openOrders | params: {'timestamp': 1776787136605, 'recvWindow': 5000}
2026-04-21 21:28:59 | DEBUG    | bot.client | Response [200]: []
2026-04-21 21:28:59 | DEBUG    | bot.client | Response [200]: [{'accountAlias': 'oCmYSgSgfWmYsR', 'asset': 'FDUSD', 'balance': '0.00000000', 'crossWalletBalance': '0.00000000', 'crossUnPnl': '0.00000000', 'availableBalance': '0.00000000', 'maxWithdrawAmount': '0.00000000', 'marginAvailable': True, 'updateTime': 0}, {'accountAlias': 'oCmYSgSgfWmYsR', 'asset': 'BNB', 'balance': '0.00000000', 'crossWalletBalance': '0.00000000', 'crossUnPnl': '0.00000000', 'availableBalance': '0.00000000', 'maxWithdrawAmount': '0.00000000', 'marginAvailable': True, 'updateTime': 0}, {'accountAlias': 'oCmYSgSgfWmYsR', 'asset': 'ETH', 'balance': '0.00000000', 'crossWalletBalance': '0.00000000', 'crossUnPnl': '0.00000000', 'availableBalance': '0.00000000', 'maxWithdrawAmount': '0.00000000', 'marginAvailable': True, 'updateTime': 0}, {'accountAlias': 'oCmYSgSgfWmYsR', 'asset': 'BTC', 'balance': '0.01000000', 'crossWalletBalance': '0.01000000', 'crossUnPnl': '0.00000000', 'availableBalance': '0.01000000', 'maxWithdrawAmount': '0.01000000', 'marginAvailable': True, 'updateTime': 1776777601189}, {'accountAlias': 'oCmYSgSgfWmYsR', 'asset': 'USDT', 'balance': '4966.30688552', 'crossWalletBalance': '4966.30688552', 'crossUnPnl': '-93.63547662', 'availableBalance': '1171.28205115', 'maxWithdrawAmount': '1171.28205115', 'marginAvailable': True, 'updateTime': 1776786213751}, {'accountAlias': 'oCmYSgSgfWmYsR', 'asset': 'USDC', 'balance': '5000.00000000', 'crossWalletBalance': '5000.00000000', 'crossUnPnl': '0.00000000', 'availableBalance': '5000.00000000', 'maxWithdrawAmount': '5000.00000000', 'marginAvailable': True, 'updateTime': 1776777601169}]
2026-04-21 21:29:01 | INFO     | bot.orders | Fetching USDT account balance
2026-04-21 21:29:01 | INFO     | bot.orders | Fetching open orders (symbol=ALL)
2026-04-21 21:29:01 | DEBUG    | bot.client | GET https://testnet.binancefuture.com/fapi/v2/balance | params: {'timestamp': 1776787141603, 'recvWindow': 5000}
2026-04-21 21:29:01 | DEBUG    | bot.client | GET https://testnet.binancefuture.com/fapi/v1/openOrders | params: {'timestamp': 1776787141604, 'recvWindow': 5000}
2026-04-21 21:29:02 | DEBUG    | bot.client | Response [200]: []
2026-04-21 21:29:02 | DEBUG    | bot.client | Response [200]: [{'accountAlias': 'oCmYSgSgfWmYsR', 'asset': 'FDUSD', 'balance': '0.00000000', 'crossWalletBalance': '0.00000000', 'crossUnPnl': '0.00000000', 'availableBalance': '0.00000000', 'maxWithdrawAmount': '0.00000000', 'marginAvailable': True, 'updateTime': 0}, {'accountAlias': 'oCmYSgSgfWmYsR', 'asset': 'BNB', 'balance': '0.00000000', 'crossWalletBalance': '0.00000000', 'crossUnPnl': '0.00000000', 'availableBalance': '0.00000000', 'maxWithdrawAmount': '0.00000000', 'marginAvailable': True, 'updateTime': 0}, {'accountAlias': 'oCmYSgSgfWmYsR', 'asset': 'ETH', 'balance': '0.00000000', 'crossWalletBalance': '0.00000000', 'crossUnPnl': '0.00000000', 'availableBalance': '0.00000000', 'maxWithdrawAmount': '0.00000000', 'marginAvailable': True, 'updateTime': 0}, {'accountAlias': 'oCmYSgSgfWmYsR', 'asset': 'BTC', 'balance': '0.01000000', 'crossWalletBalance': '0.01000000', 'crossUnPnl': '0.00000000', 'availableBalance': '0.01000000', 'maxWithdrawAmount': '0.01000000', 'marginAvailable': True, 'updateTime': 1776777601189}, {'accountAlias': 'oCmYSgSgfWmYsR', 'asset': 'USDT', 'balance': '4966.30688552', 'crossWalletBalance': '4966.30688552', 'crossUnPnl': '-93.55303340', 'availableBalance': '1171.36861653', 'maxWithdrawAmount': '1171.36861653', 'marginAvailable': True, 'updateTime': 1776786213751}, {'accountAlias': 'oCmYSgSgfWmYsR', 'asset': 'USDC', 'balance': '5000.00000000', 'crossWalletBalance': '5000.00000000', 'crossUnPnl': '0.00000000', 'availableBalance': '5000.00000000', 'maxWithdrawAmount': '5000.00000000', 'marginAvailable': True, 'updateTime': 1776777601169}]
2026-04-21 21:29:06 | INFO     | bot.orders | Fetching open orders (symbol=ALL)
2026-04-21 21:29:06 | INFO     | bot.orders | Fetching USDT account balance
2026-04-21 21:29:06 | DEBUG    | bot.client | GET https://testnet.binancefuture.com/fapi/v1/openOrders | params: {'timestamp': 1776787146604, 'recvWindow': 5000}
2026-04-21 21:29:06 | DEBUG    | bot.client | GET https://testnet.binancefuture.com/fapi/v2/balance | params: {'timestamp': 1776787146604, 'recvWindow': 5000}
2026-04-21 21:29:07 | DEBUG    | bot.client | Response [200]: []
2026-04-21 21:29:07 | DEBUG    | bot.client | Response [200]: [{'accountAlias': 'oCmYSgSgfWmYsR', 'asset': 'FDUSD', 'balance': '0.00000000', 'crossWalletBalance': '0.00000000', 'crossUnPnl': '0.00000000', 'availableBalance': '0.00000000', 'maxWithdrawAmount': '0.00000000', 'marginAvailable': True, 'updateTime': 0}, {'accountAlias': 'oCmYSgSgfWmYsR', 'asset': 'BNB', 'balance': '0.00000000', 'crossWalletBalance': '0.00000000', 'crossUnPnl': '0.00000000', 'availableBalance': '0.00000000', 'maxWithdrawAmount': '0.00000000', 'marginAvailable': True, 'updateTime': 0}, {'accountAlias': 'oCmYSgSgfWmYsR', 'asset': 'ETH', 'balance': '0.00000000', 'crossWalletBalance': '0.00000000', 'crossUnPnl': '0.00000000', 'availableBalance': '0.00000000', 'maxWithdrawAmount': '0.00000000', 'marginAvailable': True, 'updateTime': 0}, {'accountAlias': 'oCmYSgSgfWmYsR', 'asset': 'BTC', 'balance': '0.01000000', 'crossWalletBalance': '0.01000000', 'crossUnPnl': '0.00000000', 'availableBalance': '0.01000000', 'maxWithdrawAmount': '0.01000000', 'marginAvailable': True, 'updateTime': 1776777601189}, {'accountAlias': 'oCmYSgSgfWmYsR', 'asset': 'USDT', 'balance': '4966.30688552', 'crossWalletBalance': '4966.30688552', 'crossUnPnl': '-101.14972167', 'availableBalance': '1163.39209385', 'maxWithdrawAmount': '1163.39209385', 'marginAvailable': True, 'updateTime': 1776786213751}, {'accountAlias': 'oCmYSgSgfWmYsR', 'asset': 'USDC', 'balance': '5000.00000000', 'crossWalletBalance': '5000.00000000', 'crossUnPnl': '0.00000000', 'availableBalance': '5000.00000000', 'maxWithdrawAmount': '5000.00000000', 'marginAvailable': True, 'updateTime': 1776777601169}]
2026-04-21 21:29:11 | INFO     | bot.orders | Fetching open orders (symbol=ALL)
2026-04-21 21:29:11 | INFO     | bot.orders | Fetching USDT account balance
2026-04-21 21:29:11 | DEBUG    | bot.client | GET https://testnet.binancefuture.com/fapi/v1/openOrders | params: {'timestamp': 1776787151602, 'recvWindow': 5000}
2026-04-21 21:29:11 | DEBUG    | bot.client | GET https://testnet.binancefuture.com/fapi/v2/balance | params: {'timestamp': 1776787151602, 'recvWindow': 5000}
2026-04-21 21:29:12 | DEBUG    | bot.client | Response [200]: [{'accountAlias': 'oCmYSgSgfWmYsR', 'asset': 'FDUSD', 'balance': '0.00000000', 'crossWalletBalance': '0.00000000', 'crossUnPnl': '0.00000000', 'availableBalance': '0.00000000', 'maxWithdrawAmount': '0.00000000', 'marginAvailable': True, 'updateTime': 0}, {'accountAlias': 'oCmYSgSgfWmYsR', 'asset': 'BNB', 'balance': '0.00000000', 'crossWalletBalance': '0.00000000', 'crossUnPnl': '0.00000000', 'availableBalance': '0.00000000', 'maxWithdrawAmount': '0.00000000', 'marginAvailable': True, 'updateTime': 0}, {'accountAlias': 'oCmYSgSgfWmYsR', 'asset': 'ETH', 'balance': '0.00000000', 'crossWalletBalance': '0.00000000', 'crossUnPnl': '0.00000000', 'availableBalance': '0.00000000', 'maxWithdrawAmount': '0.00000000', 'marginAvailable': True, 'updateTime': 0}, {'accountAlias': 'oCmYSgSgfWmYsR', 'asset': 'BTC', 'balance': '0.01000000', 'crossWalletBalance': '0.01000000', 'crossUnPnl': '0.00000000', 'availableBalance': '0.01000000', 'maxWithdrawAmount': '0.01000000', 'marginAvailable': True, 'updateTime': 1776777601189}, {'accountAlias': 'oCmYSgSgfWmYsR', 'asset': 'USDT', 'balance': '4966.30688552', 'crossWalletBalance': '4966.30688552', 'crossUnPnl': '-95.40705019', 'availableBalance': '1169.42189890', 'maxWithdrawAmount': '1169.42189890', 'marginAvailable': True, 'updateTime': 1776786213751}, {'accountAlias': 'oCmYSgSgfWmYsR', 'asset': 'USDC', 'balance': '5000.00000000', 'crossWalletBalance': '5000.00000000', 'crossUnPnl': '0.00000000', 'availableBalance': '5000.00000000', 'maxWithdrawAmount': '5000.00000000', 'marginAvailable': True, 'updateTime': 1776777601169}]
2026-04-21 21:29:12 | DEBUG    | bot.client | Response [200]: []
2026-04-21 21:29:16 | INFO     | bot.orders | Fetching open orders (symbol=ALL)
2026-04-21 21:29:16 | INFO     | bot.orders | Fetching USDT account balance
2026-04-21 21:29:16 | DEBUG    | bot.client | GET https://testnet.binancefuture.com/fapi/v1/openOrders | params: {'timestamp': 1776787156604, 'recvWindow': 5000}
2026-04-21 21:29:16 | DEBUG    | bot.client | GET https://testnet.binancefuture.com/fapi/v2/balance | params: {'timestamp': 1776787156605, 'recvWindow': 5000}
2026-04-21 21:29:17 | DEBUG    | bot.client | Response [200]: []
2026-04-21 21:29:17 | DEBUG    | bot.client | Response [200]: [{'accountAlias': 'oCmYSgSgfWmYsR', 'asset': 'FDUSD', 'balance': '0.00000000', 'crossWalletBalance': '0.00000000', 'crossUnPnl': '0.00000000', 'availableBalance': '0.00000000', 'maxWithdrawAmount': '0.00000000', 'marginAvailable': True, 'updateTime': 0}, {'accountAlias': 'oCmYSgSgfWmYsR', 'asset': 'BNB', 'balance': '0.00000000', 'crossWalletBalance': '0.00000000', 'crossUnPnl': '0.00000000', 'availableBalance': '0.00000000', 'maxWithdrawAmount': '0.00000000', 'marginAvailable': True, 'updateTime': 0}, {'accountAlias': 'oCmYSgSgfWmYsR', 'asset': 'ETH', 'balance': '0.00000000', 'crossWalletBalance': '0.00000000', 'crossUnPnl': '0.00000000', 'availableBalance': '0.00000000', 'maxWithdrawAmount': '0.00000000', 'marginAvailable': True, 'updateTime': 0}, {'accountAlias': 'oCmYSgSgfWmYsR', 'asset': 'BTC', 'balance': '0.01000000', 'crossWalletBalance': '0.01000000', 'crossUnPnl': '0.00000000', 'availableBalance': '0.01000000', 'maxWithdrawAmount': '0.01000000', 'marginAvailable': True, 'updateTime': 1776777601189}, {'accountAlias': 'oCmYSgSgfWmYsR', 'asset': 'USDT', 'balance': '4966.30688552', 'crossWalletBalance': '4966.30688552', 'crossUnPnl': '-81.28009037', 'availableBalance': '1184.25520671', 'maxWithdrawAmount': '1184.25520671', 'marginAvailable': True, 'updateTime': 1776786213751}, {'accountAlias': 'oCmYSgSgfWmYsR', 'asset': 'USDC', 'balance': '5000.00000000', 'crossWalletBalance': '5000.00000000', 'crossUnPnl': '0.00000000', 'availableBalance': '5000.00000000', 'maxWithdrawAmount': '5000.00000000', 'marginAvailable': True, 'updateTime': 1776777601169}]
2026-04-21 21:29:19 | INFO     | bot.orders | Fetching USDT account balance
2026-04-21 21:29:19 | INFO     | bot.orders | Fetching open orders (symbol=ALL)
2026-04-21 21:29:19 | DEBUG    | bot.client | GET https://testnet.binancefuture.com/fapi/v2/balance | params: {'timestamp': 1776787159610, 'recvWindow': 5000}
2026-04-21 21:29:19 | DEBUG    | bot.client | GET https://testnet.binancefuture.com/fapi/v1/openOrders | params: {'timestamp': 1776787159610, 'recvWindow': 5000}
2026-04-21 21:29:20 | DEBUG    | bot.client | Response [200]: []
2026-04-21 21:29:20 | DEBUG    | bot.client | Response [200]: [{'accountAlias': 'oCmYSgSgfWmYsR', 'asset': 'FDUSD', 'balance': '0.00000000', 'crossWalletBalance': '0.00000000', 'crossUnPnl': '0.00000000', 'availableBalance': '0.00000000', 'maxWithdrawAmount': '0.00000000', 'marginAvailable': True, 'updateTime': 0}, {'accountAlias': 'oCmYSgSgfWmYsR', 'asset': 'BNB', 'balance': '0.00000000', 'crossWalletBalance': '0.00000000', 'crossUnPnl': '0.00000000', 'availableBalance': '0.00000000', 'maxWithdrawAmount': '0.00000000', 'marginAvailable': True, 'updateTime': 0}, {'accountAlias': 'oCmYSgSgfWmYsR', 'asset': 'ETH', 'balance': '0.00000000', 'crossWalletBalance': '0.00000000', 'crossUnPnl': '0.00000000', 'availableBalance': '0.00000000', 'maxWithdrawAmount': '0.00000000', 'marginAvailable': True, 'updateTime': 0}, {'accountAlias': 'oCmYSgSgfWmYsR', 'asset': 'BTC', 'balance': '0.01000000', 'crossWalletBalance': '0.01000000', 'crossUnPnl': '0.00000000', 'availableBalance': '0.01000000', 'maxWithdrawAmount': '0.01000000', 'marginAvailable': True, 'updateTime': 1776777601189}, {'accountAlias': 'oCmYSgSgfWmYsR', 'asset': 'USDT', 'balance': '4966.30688552', 'crossWalletBalance': '4966.30688552', 'crossUnPnl': '-81.64372198', 'availableBalance': '1183.87339352', 'maxWithdrawAmount': '1183.87339352', 'marginAvailable': True, 'updateTime': 1776786213751}, {'accountAlias': 'oCmYSgSgfWmYsR', 'asset': 'USDC', 'balance': '5000.00000000', 'crossWalletBalance': '5000.00000000', 'crossUnPnl': '0.00000000', 'availableBalance': '5000.00000000', 'maxWithdrawAmount': '5000.00000000', 'marginAvailable': True, 'updateTime': 1776777601169}]
2026-04-21 21:29:21 | INFO     | bot.orders | Fetching open orders (symbol=ALL)
2026-04-21 21:29:21 | INFO     | bot.orders | Fetching USDT account balance
2026-04-21 21:29:21 | DEBUG    | bot.client | GET https://testnet.binancefuture.com/fapi/v1/openOrders | params: {'timestamp': 1776787161606, 'recvWindow': 5000}
2026-04-21 21:29:21 | DEBUG    | bot.client | GET https://testnet.binancefuture.com/fapi/v2/balance | params: {'timestamp': 1776787161606, 'recvWindow': 5000}
2026-04-21 21:29:22 | DEBUG    | bot.client | Response [200]: [{'accountAlias': 'oCmYSgSgfWmYsR', 'asset': 'FDUSD', 'balance': '0.00000000', 'crossWalletBalance': '0.00000000', 'crossUnPnl': '0.00000000', 'availableBalance': '0.00000000', 'maxWithdrawAmount': '0.00000000', 'marginAvailable': True, 'updateTime': 0}, {'accountAlias': 'oCmYSgSgfWmYsR', 'asset': 'BNB', 'balance': '0.00000000', 'crossWalletBalance': '0.00000000', 'crossUnPnl': '0.00000000', 'availableBalance': '0.00000000', 'maxWithdrawAmount': '0.00000000', 'marginAvailable': True, 'updateTime': 0}, {'accountAlias': 'oCmYSgSgfWmYsR', 'asset': 'ETH', 'balance': '0.00000000', 'crossWalletBalance': '0.00000000', 'crossUnPnl': '0.00000000', 'availableBalance': '0.00000000', 'maxWithdrawAmount': '0.00000000', 'marginAvailable': True, 'updateTime': 0}, {'accountAlias': 'oCmYSgSgfWmYsR', 'asset': 'BTC', 'balance': '0.01000000', 'crossWalletBalance': '0.01000000', 'crossUnPnl': '0.00000000', 'availableBalance': '0.01000000', 'maxWithdrawAmount': '0.01000000', 'marginAvailable': True, 'updateTime': 1776777601189}, {'accountAlias': 'oCmYSgSgfWmYsR', 'asset': 'USDT', 'balance': '4966.30688552', 'crossWalletBalance': '4966.30688552', 'crossUnPnl': '-89.14814394', 'availableBalance': '1175.99375046', 'maxWithdrawAmount': '1175.99375046', 'marginAvailable': True, 'updateTime': 1776786213751}, {'accountAlias': 'oCmYSgSgfWmYsR', 'asset': 'USDC', 'balance': '5000.00000000', 'crossWalletBalance': '5000.00000000', 'crossUnPnl': '0.00000000', 'availableBalance': '5000.00000000', 'maxWithdrawAmount': '5000.00000000', 'marginAvailable': True, 'updateTime': 1776777601169}]
2026-04-21 21:29:22 | DEBUG    | bot.client | Response [200]: []
2026-04-21 21:29:26 | INFO     | bot.orders | Fetching USDT account balance
2026-04-21 21:29:26 | INFO     | bot.orders | Fetching open orders (symbol=ALL)
2026-04-21 21:29:26 | DEBUG    | bot.client | GET https://testnet.binancefuture.com/fapi/v2/balance | params: {'timestamp': 1776787166599, 'recvWindow': 5000}
2026-04-21 21:29:26 | DEBUG    | bot.client | GET https://testnet.binancefuture.com/fapi/v1/openOrders | params: {'timestamp': 1776787166600, 'recvWindow': 5000}
2026-04-21 21:29:27 | DEBUG    | bot.client | Response [200]: [{'accountAlias': 'oCmYSgSgfWmYsR', 'asset': 'FDUSD', 'balance': '0.00000000', 'crossWalletBalance': '0.00000000', 'crossUnPnl': '0.00000000', 'availableBalance': '0.00000000', 'maxWithdrawAmount': '0.00000000', 'marginAvailable': True, 'updateTime': 0}, {'accountAlias': 'oCmYSgSgfWmYsR', 'asset': 'BNB', 'balance': '0.00000000', 'crossWalletBalance': '0.00000000', 'crossUnPnl': '0.00000000', 'availableBalance': '0.00000000', 'maxWithdrawAmount': '0.00000000', 'marginAvailable': True, 'updateTime': 0}, {'accountAlias': 'oCmYSgSgfWmYsR', 'asset': 'ETH', 'balance': '0.00000000', 'crossWalletBalance': '0.00000000', 'crossUnPnl': '0.00000000', 'availableBalance': '0.00000000', 'maxWithdrawAmount': '0.00000000', 'marginAvailable': True, 'updateTime': 0}, {'accountAlias': 'oCmYSgSgfWmYsR', 'asset': 'BTC', 'balance': '0.01000000', 'crossWalletBalance': '0.01000000', 'crossUnPnl': '0.00000000', 'availableBalance': '0.01000000', 'maxWithdrawAmount': '0.01000000', 'marginAvailable': True, 'updateTime': 1776777601189}, {'accountAlias': 'oCmYSgSgfWmYsR', 'asset': 'USDT', 'balance': '4966.30688552', 'crossWalletBalance': '4966.30688552', 'crossUnPnl': '-88.25303848', 'availableBalance': '1176.93361120', 'maxWithdrawAmount': '1176.93361120', 'marginAvailable': True, 'updateTime': 1776786213751}, {'accountAlias': 'oCmYSgSgfWmYsR', 'asset': 'USDC', 'balance': '5000.00000000', 'crossWalletBalance': '5000.00000000', 'crossUnPnl': '0.00000000', 'availableBalance': '5000.00000000', 'maxWithdrawAmount': '5000.00000000', 'marginAvailable': True, 'updateTime': 1776777601169}]
2026-04-21 21:29:27 | DEBUG    | bot.client | Response [200]: []
2026-04-21 21:29:31 | INFO     | bot.orders | Fetching open orders (symbol=ALL)
2026-04-21 21:29:31 | INFO     | bot.orders | Fetching USDT account balance
2026-04-21 21:29:31 | DEBUG    | bot.client | GET https://testnet.binancefuture.com/fapi/v1/openOrders | params: {'timestamp': 1776787171598, 'recvWindow': 5000}
2026-04-21 21:29:31 | DEBUG    | bot.client | GET https://testnet.binancefuture.com/fapi/v2/balance | params: {'timestamp': 1776787171599, 'recvWindow': 5000}
2026-04-21 21:29:32 | DEBUG    | bot.client | Response [200]: []
2026-04-21 21:29:32 | DEBUG    | bot.client | Response [200]: [{'accountAlias': 'oCmYSgSgfWmYsR', 'asset': 'FDUSD', 'balance': '0.00000000', 'crossWalletBalance': '0.00000000', 'crossUnPnl': '0.00000000', 'availableBalance': '0.00000000', 'maxWithdrawAmount': '0.00000000', 'marginAvailable': True, 'updateTime': 0}, {'accountAlias': 'oCmYSgSgfWmYsR', 'asset': 'BNB', 'balance': '0.00000000', 'crossWalletBalance': '0.00000000', 'crossUnPnl': '0.00000000', 'availableBalance': '0.00000000', 'maxWithdrawAmount': '0.00000000', 'marginAvailable': True, 'updateTime': 0}, {'accountAlias': 'oCmYSgSgfWmYsR', 'asset': 'ETH', 'balance': '0.00000000', 'crossWalletBalance': '0.00000000', 'crossUnPnl': '0.00000000', 'availableBalance': '0.00000000', 'maxWithdrawAmount': '0.00000000', 'marginAvailable': True, 'updateTime': 0}, {'accountAlias': 'oCmYSgSgfWmYsR', 'asset': 'BTC', 'balance': '0.01000000', 'crossWalletBalance': '0.01000000', 'crossUnPnl': '0.00000000', 'availableBalance': '0.01000000', 'maxWithdrawAmount': '0.01000000', 'marginAvailable': True, 'updateTime': 1776777601189}, {'accountAlias': 'oCmYSgSgfWmYsR', 'asset': 'USDT', 'balance': '4966.30688552', 'crossWalletBalance': '4966.30688552', 'crossUnPnl': '-88.37659713', 'availableBalance': '1176.80387461', 'maxWithdrawAmount': '1176.80387461', 'marginAvailable': True, 'updateTime': 1776786213751}, {'accountAlias': 'oCmYSgSgfWmYsR', 'asset': 'USDC', 'balance': '5000.00000000', 'crossWalletBalance': '5000.00000000', 'crossUnPnl': '0.00000000', 'availableBalance': '5000.00000000', 'maxWithdrawAmount': '5000.00000000', 'marginAvailable': True, 'updateTime': 1776777601169}]
2026-04-21 21:30:19 | INFO     | bot.orders | Fetching USDT account balance
2026-04-21 21:30:19 | INFO     | bot.orders | Fetching open orders (symbol=ALL)
2026-04-21 21:30:19 | DEBUG    | bot.client | GET https://testnet.binancefuture.com/fapi/v2/balance | params: {'timestamp': 1776787219911, 'recvWindow': 5000}
2026-04-21 21:30:19 | DEBUG    | bot.client | GET https://testnet.binancefuture.com/fapi/v1/openOrders | params: {'timestamp': 1776787219912, 'recvWindow': 5000}
2026-04-21 21:30:20 | DEBUG    | bot.client | Response [200]: []
2026-04-21 21:30:20 | DEBUG    | bot.client | Response [200]: [{'accountAlias': 'oCmYSgSgfWmYsR', 'asset': 'FDUSD', 'balance': '0.00000000', 'crossWalletBalance': '0.00000000', 'crossUnPnl': '0.00000000', 'availableBalance': '0.00000000', 'maxWithdrawAmount': '0.00000000', 'marginAvailable': True, 'updateTime': 0}, {'accountAlias': 'oCmYSgSgfWmYsR', 'asset': 'BNB', 'balance': '0.00000000', 'crossWalletBalance': '0.00000000', 'crossUnPnl': '0.00000000', 'availableBalance': '0.00000000', 'maxWithdrawAmount': '0.00000000', 'marginAvailable': True, 'updateTime': 0}, {'accountAlias': 'oCmYSgSgfWmYsR', 'asset': 'ETH', 'balance': '0.00000000', 'crossWalletBalance': '0.00000000', 'crossUnPnl': '0.00000000', 'availableBalance': '0.00000000', 'maxWithdrawAmount': '0.00000000', 'marginAvailable': True, 'updateTime': 0}, {'accountAlias': 'oCmYSgSgfWmYsR', 'asset': 'BTC', 'balance': '0.01000000', 'crossWalletBalance': '0.01000000', 'crossUnPnl': '0.00000000', 'availableBalance': '0.01000000', 'maxWithdrawAmount': '0.01000000', 'marginAvailable': True, 'updateTime': 1776777601189}, {'accountAlias': 'oCmYSgSgfWmYsR', 'asset': 'USDT', 'balance': '4973.71253575', 'crossWalletBalance': '4973.71253575', 'crossUnPnl': '-155.93841264', 'availableBalance': '1113.26961856', 'maxWithdrawAmount': '1113.26961856', 'marginAvailable': True, 'updateTime': 1776787201091}, {'accountAlias': 'oCmYSgSgfWmYsR', 'asset': 'USDC', 'balance': '5000.00000000', 'crossWalletBalance': '5000.00000000', 'crossUnPnl': '0.00000000', 'availableBalance': '5000.00000000', 'maxWithdrawAmount': '5000.00000000', 'marginAvailable': True, 'updateTime': 1776777601169}]
2026-04-21 21:30:20 | INFO     | bot.orders | Fetching open orders (symbol=ALL)
2026-04-21 21:30:20 | INFO     | bot.orders | Fetching USDT account balance
2026-04-21 21:30:20 | DEBUG    | bot.client | GET https://testnet.binancefuture.com/fapi/v1/openOrders | params: {'timestamp': 1776787220612, 'recvWindow': 5000}
2026-04-21 21:30:20 | DEBUG    | bot.client | GET https://testnet.binancefuture.com/fapi/v2/balance | params: {'timestamp': 1776787220613, 'recvWindow': 5000}
2026-04-21 21:30:23 | DEBUG    | bot.client | Response [200]: []
2026-04-21 21:30:23 | DEBUG    | bot.client | Response [200]: [{'accountAlias': 'oCmYSgSgfWmYsR', 'asset': 'FDUSD', 'balance': '0.00000000', 'crossWalletBalance': '0.00000000', 'crossUnPnl': '0.00000000', 'availableBalance': '0.00000000', 'maxWithdrawAmount': '0.00000000', 'marginAvailable': True, 'updateTime': 0}, {'accountAlias': 'oCmYSgSgfWmYsR', 'asset': 'BNB', 'balance': '0.00000000', 'crossWalletBalance': '0.00000000', 'crossUnPnl': '0.00000000', 'availableBalance': '0.00000000', 'maxWithdrawAmount': '0.00000000', 'marginAvailable': True, 'updateTime': 0}, {'accountAlias': 'oCmYSgSgfWmYsR', 'asset': 'ETH', 'balance': '0.00000000', 'crossWalletBalance': '0.00000000', 'crossUnPnl': '0.00000000', 'availableBalance': '0.00000000', 'maxWithdrawAmount': '0.00000000', 'marginAvailable': True, 'updateTime': 0}, {'accountAlias': 'oCmYSgSgfWmYsR', 'asset': 'BTC', 'balance': '0.01000000', 'crossWalletBalance': '0.01000000', 'crossUnPnl': '0.00000000', 'availableBalance': '0.01000000', 'maxWithdrawAmount': '0.01000000', 'marginAvailable': True, 'updateTime': 1776777601189}, {'accountAlias': 'oCmYSgSgfWmYsR', 'asset': 'USDT', 'balance': '4973.71253575', 'crossWalletBalance': '4973.71253575', 'crossUnPnl': '-183.41312167', 'availableBalance': '1084.42117408', 'maxWithdrawAmount': '1084.42117408', 'marginAvailable': True, 'updateTime': 1776787201091}, {'accountAlias': 'oCmYSgSgfWmYsR', 'asset': 'USDC', 'balance': '5000.00000000', 'crossWalletBalance': '5000.00000000', 'crossUnPnl': '0.00000000', 'availableBalance': '5000.00000000', 'maxWithdrawAmount': '5000.00000000', 'marginAvailable': True, 'updateTime': 1776777601169}]
2026-04-21 21:31:19 | INFO     | bot.orders | Fetching USDT account balance
2026-04-21 21:31:19 | INFO     | bot.orders | Fetching open orders (symbol=ALL)
2026-04-21 21:31:19 | DEBUG    | bot.client | GET https://testnet.binancefuture.com/fapi/v2/balance | params: {'timestamp': 1776787279908, 'recvWindow': 5000}
2026-04-21 21:31:19 | DEBUG    | bot.client | GET https://testnet.binancefuture.com/fapi/v1/openOrders | params: {'timestamp': 1776787279909, 'recvWindow': 5000}
2026-04-21 21:31:25 | ERROR    | bot.client | HTTP error 400: {'code': -1021, 'msg': 'Timestamp for this request is outside of the recvWindow.'}
2026-04-21 21:31:25 | ERROR    | bot.client | HTTP error 400: {'code': -1021, 'msg': 'Timestamp for this request is outside of the recvWindow.'}
2026-04-21 21:31:25 | INFO     | bot.orders | Fetching USDT account balance
2026-04-21 21:31:25 | INFO     | bot.orders | Fetching open orders (symbol=ALL)
2026-04-21 21:31:25 | DEBUG    | bot.client | GET https://testnet.binancefuture.com/fapi/v2/balance | params: {'timestamp': 1776787285232, 'recvWindow': 5000}
2026-04-21 21:31:25 | DEBUG    | bot.client | GET https://testnet.binancefuture.com/fapi/v1/openOrders | params: {'timestamp': 1776787285232, 'recvWindow': 5000}
2026-04-21 21:31:25 | DEBUG    | bot.client | Response [200]: [{'accountAlias': 'oCmYSgSgfWmYsR', 'asset': 'FDUSD', 'balance': '0.00000000', 'crossWalletBalance': '0.00000000', 'crossUnPnl': '0.00000000', 'availableBalance': '0.00000000', 'maxWithdrawAmount': '0.00000000', 'marginAvailable': True, 'updateTime': 0}, {'accountAlias': 'oCmYSgSgfWmYsR', 'asset': 'BNB', 'balance': '0.00000000', 'crossWalletBalance': '0.00000000', 'crossUnPnl': '0.00000000', 'availableBalance': '0.00000000', 'maxWithdrawAmount': '0.00000000', 'marginAvailable': True, 'updateTime': 0}, {'accountAlias': 'oCmYSgSgfWmYsR', 'asset': 'ETH', 'balance': '0.00000000', 'crossWalletBalance': '0.00000000', 'crossUnPnl': '0.00000000', 'availableBalance': '0.00000000', 'maxWithdrawAmount': '0.00000000', 'marginAvailable': True, 'updateTime': 0}, {'accountAlias': 'oCmYSgSgfWmYsR', 'asset': 'BTC', 'balance': '0.01000000', 'crossWalletBalance': '0.01000000', 'crossUnPnl': '0.00000000', 'availableBalance': '0.01000000', 'maxWithdrawAmount': '0.01000000', 'marginAvailable': True, 'updateTime': 1776777601189}, {'accountAlias': 'oCmYSgSgfWmYsR', 'asset': 'USDT', 'balance': '4973.71253575', 'crossWalletBalance': '4973.71253575', 'crossUnPnl': '-232.76173922', 'availableBalance': '1032.60512565', 'maxWithdrawAmount': '1032.60512565', 'marginAvailable': True, 'updateTime': 1776787201091}, {'accountAlias': 'oCmYSgSgfWmYsR', 'asset': 'USDC', 'balance': '5000.00000000', 'crossWalletBalance': '5000.00000000', 'crossUnPnl': '0.00000000', 'availableBalance': '5000.00000000', 'maxWithdrawAmount': '5000.00000000', 'marginAvailable': True, 'updateTime': 1776777601169}]
2026-04-21 21:31:25 | DEBUG    | bot.client | Response [200]: []
2026-04-21 21:32:19 | INFO     | bot.orders | Fetching USDT account balance
2026-04-21 21:32:19 | DEBUG    | bot.client | GET https://testnet.binancefuture.com/fapi/v2/balance | params: {'timestamp': 1776787339923, 'recvWindow': 5000}
2026-04-21 21:32:19 | DEBUG    | bot.client | GET https://testnet.binancefuture.com/fapi/v1/openOrders | params: {'timestamp': 1776787339924, 'recvWindow': 5000}
2026-04-21 21:32:20 | DEBUG    | bot.client | Response [200]: [{'accountAlias': 'oCmYSgSgfWmYsR', 'asset': 'FDUSD', 'balance': '0.00000000', 'crossWalletBalance': '0.00000000', 'crossUnPnl': '0.00000000', 'availableBalance': '0.00000000', 'maxWithdrawAmount': '0.00000000', 'marginAvailable': True, 'updateTime': 0}, {'accountAlias': 'oCmYSgSgfWmYsR', 'asset': 'BNB', 'balance': '0.00000000', 'crossWalletBalance': '0.00000000', 'crossUnPnl': '0.00000000', 'availableBalance': '0.00000000', 'maxWithdrawAmount': '0.00000000', 'marginAvailable': True, 'updateTime': 0}, {'accountAlias': 'oCmYSgSgfWmYsR', 'asset': 'ETH', 'balance': '0.00000000', 'crossWalletBalance': '0.00000000', 'crossUnPnl': '0.00000000', 'availableBalance': '0.00000000', 'maxWithdrawAmount': '0.00000000', 'marginAvailable': True, 'updateTime': 0}, {'accountAlias': 'oCmYSgSgfWmYsR', 'asset': 'BTC', 'balance': '0.01000000', 'crossWalletBalance': '0.01000000', 'crossUnPnl': '0.00000000', 'availableBalance': '0.01000000', 'maxWithdrawAmount': '0.01000000', 'marginAvailable': True, 'updateTime': 1776777601189}, {'accountAlias': 'oCmYSgSgfWmYsR', 'asset': 'USDT', 'balance': '4973.71253575', 'crossWalletBalance': '4973.71253575', 'crossUnPnl': '-235.09642167', 'availableBalance': '1030.15370908', 'maxWithdrawAmount': '1030.15370908', 'marginAvailable': True, 'updateTime': 1776787201091}, {'accountAlias': 'oCmYSgSgfWmYsR', 'asset': 'USDC', 'balance': '5000.00000000', 'crossWalletBalance': '5000.00000000', 'crossUnPnl': '0.00000000', 'availableBalance': '5000.00000000', 'maxWithdrawAmount': '5000.00000000', 'marginAvailable': True, 'updateTime': 1776777601169}]
2026-04-21 21:32:20 | INFO     | bot.orders | Fetching USDT account balance
2026-04-21 21:32:20 | DEBUG    | bot.client | GET https://testnet.binancefuture.com/fapi/v2/balance | params: {'timestamp': 1776787340794, 'recvWindow': 5000}
2026-04-21 21:32:20 | DEBUG    | bot.client | Response [200]: []
2026-04-21 21:32:20 | INFO     | bot.orders | Fetching open orders (symbol=ALL)
2026-04-21 21:32:20 | DEBUG    | bot.client | GET https://testnet.binancefuture.com/fapi/v1/openOrders | params: {'timestamp': 1776787340797, 'recvWindow': 5000}
2026-04-21 21:32:21 | DEBUG    | bot.client | Response [200]: []
2026-04-21 21:32:21 | DEBUG    | bot.client | Response [200]: [{'accountAlias': 'oCmYSgSgfWmYsR', 'asset': 'FDUSD', 'balance': '0.00000000', 'crossWalletBalance': '0.00000000', 'crossUnPnl': '0.00000000', 'availableBalance': '0.00000000', 'maxWithdrawAmount': '0.00000000', 'marginAvailable': True, 'updateTime': 0}, {'accountAlias': 'oCmYSgSgfWmYsR', 'asset': 'BNB', 'balance': '0.00000000', 'crossWalletBalance': '0.00000000', 'crossUnPnl': '0.00000000', 'availableBalance': '0.00000000', 'maxWithdrawAmount': '0.00000000', 'marginAvailable': True, 'updateTime': 0}, {'accountAlias': 'oCmYSgSgfWmYsR', 'asset': 'ETH', 'balance': '0.00000000', 'crossWalletBalance': '0.00000000', 'crossUnPnl': '0.00000000', 'availableBalance': '0.00000000', 'maxWithdrawAmount': '0.00000000', 'marginAvailable': True, 'updateTime': 0}, {'accountAlias': 'oCmYSgSgfWmYsR', 'asset': 'BTC', 'balance': '0.01000000', 'crossWalletBalance': '0.01000000', 'crossUnPnl': '0.00000000', 'availableBalance': '0.01000000', 'maxWithdrawAmount': '0.01000000', 'marginAvailable': True, 'updateTime': 1776777601189}, {'accountAlias': 'oCmYSgSgfWmYsR', 'asset': 'USDT', 'balance': '4973.71253575', 'crossWalletBalance': '4973.71253575', 'crossUnPnl': '-238.51592167', 'availableBalance': '1026.56323408', 'maxWithdrawAmount': '1026.56323408', 'marginAvailable': True, 'updateTime': 1776787201091}, {'accountAlias': 'oCmYSgSgfWmYsR', 'asset': 'USDC', 'balance': '5000.00000000', 'crossWalletBalance': '5000.00000000', 'crossUnPnl': '0.00000000', 'availableBalance': '5000.00000000', 'maxWithdrawAmount': '5000.00000000', 'marginAvailable': True, 'updateTime': 1776777601169}]
2026-04-21 21:33:19 | INFO     | bot.orders | Fetching USDT account balance
2026-04-21 21:33:19 | INFO     | bot.orders | Fetching open orders (symbol=ALL)
om/fapi/v2/balance | params: {'timestamp': 1776787399908, 'recvWindow': 5000}
2026-04-21 21:33:19 | DEBUG    | bot.client | GET https://testnet.binancefuture.com/fapi/v1/openOrders | params: {'timestamp': 1776787399909, 'recvWindow': 5000}
2026-04-21 21:33:21 | DEBUG    | bot.client | Response [200]: []
2026-04-21 21:33:21 | DEBUG    | bot.client | Response [200]: [{'accountAlias': 'oCmYSgSgfWmYsR', 'asset': 'FDUSD', 'balance': '0.00000000', 'crossWalletBalance': '0.00000000', 'crossUnPnl': '0.00000000', 'availableBalance': '0.00000000', 'maxWithdrawAmount': '0.00000000', 'marginAvailable': True, 'updateTime': 0}, {'accountAlias': 'oCmYSgSgfWmYsR', 'asset': 'BNB', 'balance': '0.00000000', 'crossWalletBalance': '0.00000000', 'crossUnPnl': '0.00000000', 'availableBalance': '0.00000000', 'maxWithdrawAmount': '0.00000000', 'marginAvailable': True, 'updateTime': 0}, {'accountAlias': 'oCmYSgSgfWmYsR', 'asset': 'ETH', 'balance': '0.00000000', 'crossWalletBalance': '0.00000000', 'crossUnPnl': '0.00000000', 'availableBalance': '0.00000000', 'maxWithdrawAmount': '0.00000000', 'marginAvailable': True, 'updateTime': 0}, {'accountAlias': 'oCmYSgSgfWmYsR', 'asset': 'BTC', 'balance': '0.01000000', 'crossWalletBalance': '0.01000000', 'crossUnPnl': '0.00000000', 'availableBalance': '0.01000000', 'maxWithdrawAmount': '0.01000000', 'marginAvailable': True, 'updateTime': 1776777601189}, {'accountAlias': 'oCmYSgSgfWmYsR', 'asset': 'USDT', 'balance': '4973.71253575', 'crossWalletBalance': '4973.71253575', 'crossUnPnl': '-166.49597729', 'availableBalance': '1102.18417567', 'maxWithdrawAmount': '1102.18417567', 'marginAvailable': True, 'updateTime': 1776787201091}, {'accountAlias': 'oCmYSgSgfWmYsR', 'asset': 'USDC', 'balance': '5000.00000000', 'crossWalletBalance': '5000.00000000', 'crossUnPnl': '0.00000000', 'availableBalance': '5000.00000000', 'maxWithdrawAmount': '5000.00000000', 'marginAvailable': True, 'updateTime': 1776777601169}]
2026-04-21 21:33:21 | INFO     | bot.orders | Fetching open orders (symbol=ALL)
2026-04-21 21:33:21 | INFO     | bot.orders | Fetching USDT account balance
2026-04-21 21:33:21 | DEBUG    | bot.client | GET https://testnet.binancefuture.com/fapi/v1/openOrders | params: {'timestamp': 1776787401123, 'recvWindow': 5000}
2026-04-21 21:33:21 | DEBUG    | bot.client | GET https://testnet.binancefuture.com/fapi/v2/balance | params: {'timestamp': 1776787401123, 'recvWindow': 5000}
2026-04-21 21:33:22 | DEBUG    | bot.client | Response [200]: [{'accountAlias': 'oCmYSgSgfWmYsR', 'asset': 'FDUSD', 'balance': '0.00000000', 'crossWalletBalance': '0.00000000', 'crossUnPnl': '0.00000000', 'availableBalance': '0.00000000', 'maxWithdrawAmount': '0.00000000', 'marginAvailable': True, 'updateTime': 0}, {'accountAlias': 'oCmYSgSgfWmYsR', 'asset': 'BNB', 'balance': '0.00000000', 'crossWalletBalance': '0.00000000', 'crossUnPnl': '0.00000000', 'availableBalance': '0.00000000', 'maxWithdrawAmount': '0.00000000', 'marginAvailable': True, 'updateTime': 0}, {'accountAlias': 'oCmYSgSgfWmYsR', 'asset': 'ETH', 'balance': '0.00000000', 'crossWalletBalance': '0.00000000', 'crossUnPnl': '0.00000000', 'availableBalance': '0.00000000', 'maxWithdrawAmount': '0.00000000', 'marginAvailable': True, 'updateTime': 0}, {'accountAlias': 'oCmYSgSgfWmYsR', 'asset': 'BTC', 'balance': '0.01000000', 'crossWalletBalance': '0.01000000', 'crossUnPnl': '0.00000000', 'availableBalance': '0.01000000', 'maxWithdrawAmount': '0.01000000', 'marginAvailable': True, 'updateTime': 1776777601189}, {'accountAlias': 'oCmYSgSgfWmYsR', 'asset': 'USDT', 'balance': '4973.71253575', 'crossWalletBalance': '4973.71253575', 'crossUnPnl': '-174.08434691', 'availableBalance': '1094.21638757', 'maxWithdrawAmount': '1094.21638757', 'marginAvailable': True, 'updateTime': 1776787201091}, {'accountAlias': 'oCmYSgSgfWmYsR', 'asset': 'USDC', 'balance': '5000.00000000', 'crossWalletBalance': '5000.00000000', 'crossUnPnl': '0.00000000', 'availableBalance': '5000.00000000', 'maxWithdrawAmount': '5000.00000000', 'marginAvailable': True, 'updateTime': 1776777601169}]
2026-04-21 21:33:22 | DEBUG    | bot.client | Response [200]: []
2026-04-21 21:34:22 | INFO     | bot.orders | Fetching USDT account balance
2026-04-21 21:34:22 | DEBUG    | bot.client | GET https://testnet.binancefuture.com/fapi/v2/balance | params: {'timestamp': 1776787462597, 'recvWindow': 5000}
2026-04-21 21:34:22 | INFO     | bot.orders | Fetching open orders (symbol=ALL)
2026-04-21 21:34:22 | DEBUG    | bot.client | GET https://testnet.binancefuture.com/fapi/v1/openOrders | params: {'timestamp': 1776787462905, 'recvWindow': 5000}
2026-04-21 21:34:35 | ERROR    | bot.client | HTTP error 400: {'code': -1021, 'msg': 'Timestamp for this request is outside of the recvWindow.'}
2026-04-21 21:34:35 | ERROR    | bot.client | HTTP error 400: {'code': -1021, 'msg': 'Timestamp for this request is outside of the recvWindow.'}
2026-04-21 21:34:36 | INFO     | bot.orders | Fetching USDT account balance
2026-04-21 21:34:36 | DEBUG    | bot.client | GET https://testnet.binancefuture.com/fapi/v2/balance | params: {'timestamp': 1776787476234, 'recvWindow': 5000}
2026-04-21 21:34:36 | INFO     | bot.orders | Fetching open orders (symbol=ALL)
2026-04-21 21:34:36 | DEBUG    | bot.client | GET https://testnet.binancefuture.com/fapi/v1/openOrders | params: {'timestamp': 1776787476522, 'recvWindow': 5000}
2026-04-21 21:34:51 | ERROR    | bot.client | HTTP error 400: {'code': -1021, 'msg': 'Timestamp for this request is outside of the recvWindow.'}
2026-04-21 21:34:51 | ERROR    | bot.client | HTTP error 400: {'code': -1021, 'msg': 'Timestamp for this request is outside of the recvWindow.'}
2026-04-21 21:35:20 | INFO     | bot.orders | Fetching USDT account balance
2026-04-21 21:35:20 | DEBUG    | bot.client | GET https://testnet.binancefuture.com/fapi/v2/balance | params: {'timestamp': 1776787520611, 'recvWindow': 5000}
2026-04-21 21:35:25 | INFO     | bot.orders | Fetching open orders (symbol=ALL)
2026-04-21 21:35:25 | DEBUG    | bot.client | GET https://testnet.binancefuture.com/fapi/v1/openOrders | params: {'timestamp': 1776787525152, 'recvWindow': 5000}
2026-04-21 21:35:31 | ERROR    | bot.client | HTTP error 400: {'code': -1021, 'msg': 'Timestamp for this request is outside of the recvWindow.'}
2026-04-21 21:35:38 | ERROR    | bot.client | HTTP error 400: {'code': -1021, 'msg': 'Timestamp for this request is outside of the recvWindow.'}
2026-04-21 21:37:14 | INFO     | bot.orders | Fetching USDT account balance
2026-04-21 21:37:14 | INFO     | bot.orders | Fetching open orders (symbol=ALL)
2026-04-21 21:37:14 | DEBUG    | bot.client | GET https://testnet.binancefuture.com/fapi/v2/balance | params: {'timestamp': 1776787634523, 'recvWindow': 5000}
2026-04-21 21:37:14 | DEBUG    | bot.client | GET https://testnet.binancefuture.com/fapi/v1/openOrders | params: {'timestamp': 1776787634524, 'recvWindow': 5000}
2026-04-21 21:37:16 | DEBUG    | bot.client | Response [200]: []
2026-04-21 21:37:16 | INFO     | bot.orders | Fetching open orders (symbol=ALL)
2026-04-21 21:37:16 | DEBUG    | bot.client | GET https://testnet.binancefuture.com/fapi/v1/openOrders | params: {'timestamp': 1776787636207, 'recvWindow': 5000}
2026-04-21 21:37:16 | DEBUG    | bot.client | Response [200]: [{'accountAlias': 'oCmYSgSgfWmYsR', 'asset': 'FDUSD', 'balance': '0.00000000', 'crossWalletBalance': '0.00000000', 'crossUnPnl': '0.00000000', 'availableBalance': '0.00000000', 'maxWithdrawAmount': '0.00000000', 'marginAvailable': True, 'updateTime': 0}, {'accountAlias': 'oCmYSgSgfWmYsR', 'asset': 'BNB', 'balance': '0.00000000', 'crossWalletBalance': '0.00000000', 'crossUnPnl': '0.00000000', 'availableBalance': '0.00000000', 'maxWithdrawAmount': '0.00000000', 'marginAvailable': True, 'updateTime': 0}, {'accountAlias': 'oCmYSgSgfWmYsR', 'asset': 'ETH', 'balance': '0.00000000', 'crossWalletBalance': '0.00000000', 'crossUnPnl': '0.00000000', 'availableBalance': '0.00000000', 'maxWithdrawAmount': '0.00000000', 'marginAvailable': True, 'updateTime': 0}, {'accountAlias': 'oCmYSgSgfWmYsR', 'asset': 'BTC', 'balance': '0.01000000', 'crossWalletBalance': '0.01000000', 'crossUnPnl': '0.00000000', 'availableBalance': '0.01000000', 'maxWithdrawAmount': '0.01000000', 'marginAvailable': True, 'updateTime': 1776777601189}, {'accountAlias': 'oCmYSgSgfWmYsR', 'asset': 'USDT', 'balance': '4973.71253575', 'crossWalletBalance': '4973.71253575', 'crossUnPnl': '-167.41956088', 'availableBalance': '1101.21441291', 'maxWithdrawAmount': '1101.21441291', 'marginAvailable': True, 'updateTime': 1776787201091}, {'accountAlias': 'oCmYSgSgfWmYsR', 'asset': 'USDC', 'balance': '5000.00000000', 'crossWalletBalance': '5000.00000000', 'crossUnPnl': '0.00000000', 'availableBalance': '5000.00000000', 'maxWithdrawAmount': '5000.00000000', 'marginAvailable': True, 'updateTime': 1776777601169}]
2026-04-21 21:37:16 | INFO     | bot.orders | Fetching USDT account balance
2026-04-21 21:37:16 | DEBUG    | bot.client | GET https://testnet.binancefuture.com/fapi/v2/balance | params: {'timestamp': 1776787636483, 'recvWindow': 5000}
2026-04-21 21:37:18 | INFO     | bot.orders | Fetching USDT account balance
2026-04-21 21:37:18 | INFO     | bot.orders | Fetching open orders (symbol=ALL)
2026-04-21 21:37:18 | DEBUG    | bot.client | GET https://testnet.binancefuture.com/fapi/v2/balance | params: {'timestamp': 1776787638191, 'recvWindow': 5000}
2026-04-21 21:37:18 | DEBUG    | bot.client | GET https://testnet.binancefuture.com/fapi/v1/openOrders | params: {'timestamp': 1776787638192, 'recvWindow': 5000}
2026-04-21 21:37:19 | DEBUG    | bot.client | Response [200]: [{'accountAlias': 'oCmYSgSgfWmYsR', 'asset': 'FDUSD', 'balance': '0.00000000', 'crossWalletBalance': '0.00000000', 'crossUnPnl': '0.00000000', 'availableBalance': '0.00000000', 'maxWithdrawAmount': '0.00000000', 'marginAvailable': True, 'updateTime': 0}, {'accountAlias': 'oCmYSgSgfWmYsR', 'asset': 'BNB', 'balance': '0.00000000', 'crossWalletBalance': '0.00000000', 'crossUnPnl': '0.00000000', 'availableBalance': '0.00000000', 'maxWithdrawAmount': '0.00000000', 'marginAvailable': True, 'updateTime': 0}, {'accountAlias': 'oCmYSgSgfWmYsR', 'asset': 'ETH', 'balance': '0.00000000', 'crossWalletBalance': '0.00000000', 'crossUnPnl': '0.00000000', 'availableBalance': '0.00000000', 'maxWithdrawAmount': '0.00000000', 'marginAvailable': True, 'updateTime': 0}, {'accountAlias': 'oCmYSgSgfWmYsR', 'asset': 'BTC', 'balance': '0.01000000', 'crossWalletBalance': '0.01000000', 'crossUnPnl': '0.00000000', 'availableBalance': '0.01000000', 'maxWithdrawAmount': '0.01000000', 'marginAvailable': True, 'updateTime': 1776777601189}, {'accountAlias': 'oCmYSgSgfWmYsR', 'asset': 'USDT', 'balance': '4973.71253575', 'crossWalletBalance': '4973.71253575', 'crossUnPnl': '-160.30153180', 'availableBalance': '1108.68834344', 'maxWithdrawAmount': '1108.68834344', 'marginAvailable': True, 'updateTime': 1776787201091}, {'accountAlias': 'oCmYSgSgfWmYsR', 'asset': 'USDC', 'balance': '5000.00000000', 'crossWalletBalance': '5000.00000000', 'crossUnPnl': '0.00000000', 'availableBalance': '5000.00000000', 'maxWithdrawAmount': '5000.00000000', 'marginAvailable': True, 'updateTime': 1776777601169}]
2026-04-21 21:37:19 | DEBUG    | bot.client | Response [200]: []
2026-04-21 21:37:19 | DEBUG    | bot.client | Response [200]: [{'accountAlias': 'oCmYSgSgfWmYsR', 'asset': 'FDUSD', 'balance': '0.00000000', 'crossWalletBalance': '0.00000000', 'crossUnPnl': '0.00000000', 'availableBalance': '0.00000000', 'maxWithdrawAmount': '0.00000000', 'marginAvailable': True, 'updateTime': 0}, {'accountAlias': 'oCmYSgSgfWmYsR', 'asset': 'BNB', 'balance': '0.00000000', 'crossWalletBalance': '0.00000000', 'crossUnPnl': '0.00000000', 'availableBalance': '0.00000000', 'maxWithdrawAmount': '0.00000000', 'marginAvailable': True, 'updateTime': 0}, {'accountAlias': 'oCmYSgSgfWmYsR', 'asset': 'ETH', 'balance': '0.00000000', 'crossWalletBalance': '0.00000000', 'crossUnPnl': '0.00000000', 'availableBalance': '0.00000000', 'maxWithdrawAmount': '0.00000000', 'marginAvailable': True, 'updateTime': 0}, {'accountAlias': 'oCmYSgSgfWmYsR', 'asset': 'BTC', 'balance': '0.01000000', 'crossWalletBalance': '0.01000000', 'crossUnPnl': '0.00000000', 'availableBalance': '0.01000000', 'maxWithdrawAmount': '0.01000000', 'marginAvailable': True, 'updateTime': 1776777601189}, {'accountAlias': 'oCmYSgSgfWmYsR', 'asset': 'USDT', 'balance': '4973.71253575', 'crossWalletBalance': '4973.71253575', 'crossUnPnl': '-160.30153180', 'availableBalance': '1082.15725357', 'maxWithdrawAmount': '1082.15725357', 'marginAvailable': True, 'updateTime': 1776787201091}, {'accountAlias': 'oCmYSgSgfWmYsR', 'asset': 'USDC', 'balance': '5000.00000000', 'crossWalletBalance': '5000.00000000', 'crossUnPnl': '0.00000000', 'availableBalance': '5000.00000000', 'maxWithdrawAmount': '5000.00000000', 'marginAvailable': True, 'updateTime': 1776777601169}]
2026-04-21 21:37:19 | DEBUG    | bot.client | Response [200]: []
2026-04-21 21:37:23 | INFO     | bot.orders | Fetching USDT account balance
2026-04-21 21:37:23 | INFO     | bot.orders | Fetching open orders (symbol=ALL)
2026-04-21 21:37:23 | DEBUG    | bot.client | GET https://testnet.binancefuture.com/fapi/v2/balance | params: {'timestamp': 1776787643195, 'recvWindow': 5000}
2026-04-21 21:37:23 | DEBUG    | bot.client | GET https://testnet.binancefuture.com/fapi/v1/openOrders | params: {'timestamp': 1776787643195, 'recvWindow': 5000}
2026-04-21 21:37:24 | DEBUG    | bot.client | Response [200]: [{'accountAlias': 'oCmYSgSgfWmYsR', 'asset': 'FDUSD', 'balance': '0.00000000', 'crossWalletBalance': '0.00000000', 'crossUnPnl': '0.00000000', 'availableBalance': '0.00000000', 'maxWithdrawAmount': '0.00000000', 'marginAvailable': True, 'updateTime': 0}, {'accountAlias': 'oCmYSgSgfWmYsR', 'asset': 'BNB', 'balance': '0.00000000', 'crossWalletBalance': '0.00000000', 'crossUnPnl': '0.00000000', 'availableBalance': '0.00000000', 'maxWithdrawAmount': '0.00000000', 'marginAvailable': True, 'updateTime': 0}, {'accountAlias': 'oCmYSgSgfWmYsR', 'asset': 'ETH', 'balance': '0.00000000', 'crossWalletBalance': '0.00000000', 'crossUnPnl': '0.00000000', 'availableBalance': '0.00000000', 'maxWithdrawAmount': '0.00000000', 'marginAvailable': True, 'updateTime': 0}, {'accountAlias': 'oCmYSgSgfWmYsR', 'asset': 'BTC', 'balance': '0.01000000', 'crossWalletBalance': '0.01000000', 'crossUnPnl': '0.00000000', 'availableBalance': '0.01000000', 'maxWithdrawAmount': '0.01000000', 'marginAvailable': True, 'updateTime': 1776777601189}, {'accountAlias': 'oCmYSgSgfWmYsR', 'asset': 'USDT', 'balance': '4973.71253575', 'crossWalletBalance': '4973.71253575', 'crossUnPnl': '-155.77207484', 'availableBalance': '1112.08452642', 'maxWithdrawAmount': '1112.08452642', 'marginAvailable': True, 'updateTime': 1776787201091}, {'accountAlias': 'oCmYSgSgfWmYsR', 'asset': 'USDC', 'balance': '5000.00000000', 'crossWalletBalance': '5000.00000000', 'crossUnPnl': '0.00000000', 'availableBalance': '5000.00000000', 'maxWithdrawAmount': '5000.00000000', 'marginAvailable': True, 'updateTime': 1776777601169}]
2026-04-21 21:37:24 | DEBUG    | bot.client | Response [200]: []
2026-04-21 21:37:28 | INFO     | bot.orders | Fetching open orders (symbol=ALL)
2026-04-21 21:37:28 | INFO     | bot.orders | Fetching USDT account balance
2026-04-21 21:37:28 | DEBUG    | bot.client | GET https://testnet.binancefuture.com/fapi/v1/openOrders | params: {'timestamp': 1776787648601, 'recvWindow': 5000}
2026-04-21 21:37:28 | DEBUG    | bot.client | GET https://testnet.binancefuture.com/fapi/v2/balance | params: {'timestamp': 1776787648601, 'recvWindow': 5000}
2026-04-21 21:37:29 | DEBUG    | bot.client | Response [200]: [{'accountAlias': 'oCmYSgSgfWmYsR', 'asset': 'FDUSD', 'balance': '0.00000000', 'crossWalletBalance': '0.00000000', 'crossUnPnl': '0.00000000', 'availableBalance': '0.00000000', 'maxWithdrawAmount': '0.00000000', 'marginAvailable': True, 'updateTime': 0}, {'accountAlias': 'oCmYSgSgfWmYsR', 'asset': 'BNB', 'balance': '0.00000000', 'crossWalletBalance': '0.00000000', 'crossUnPnl': '0.00000000', 'availableBalance': '0.00000000', 'maxWithdrawAmount': '0.00000000', 'marginAvailable': True, 'updateTime': 0}, {'accountAlias': 'oCmYSgSgfWmYsR', 'asset': 'ETH', 'balance': '0.00000000', 'crossWalletBalance': '0.00000000', 'crossUnPnl': '0.00000000', 'availableBalance': '0.00000000', 'maxWithdrawAmount': '0.00000000', 'marginAvailable': True, 'updateTime': 0}, {'accountAlias': 'oCmYSgSgfWmYsR', 'asset': 'BTC', 'balance': '0.01000000', 'crossWalletBalance': '0.01000000', 'crossUnPnl': '0.00000000', 'availableBalance': '0.01000000', 'maxWithdrawAmount': '0.01000000', 'marginAvailable': True, 'updateTime': 1776777601189}, {'accountAlias': 'oCmYSgSgfWmYsR', 'asset': 'USDT', 'balance': '4973.71253575', 'crossWalletBalance': '4973.71253575', 'crossUnPnl': '-164.16622167', 'availableBalance': '1104.63041908', 'maxWithdrawAmount': '1104.63041908', 'marginAvailable': True, 'updateTime': 1776787201091}, {'accountAlias': 'oCmYSgSgfWmYsR', 'asset': 'USDC', 'balance': '5000.00000000', 'crossWalletBalance': '5000.00000000', 'crossUnPnl': '0.00000000', 'availableBalance': '5000.00000000', 'maxWithdrawAmount': '5000.00000000', 'marginAvailable': True, 'updateTime': 1776777601169}]
2026-04-21 21:37:29 | DEBUG    | bot.client | Response [200]: []
2026-04-21 21:37:33 | INFO     | bot.orders | Fetching USDT account balance
2026-04-21 21:37:33 | INFO     | bot.orders | Fetching open orders (symbol=ALL)
2026-04-21 21:37:33 | DEBUG    | bot.client | GET https://testnet.binancefuture.com/fapi/v2/balance | params: {'timestamp': 1776787653597, 'recvWindow': 5000}
2026-04-21 21:37:33 | DEBUG    | bot.client | GET https://testnet.binancefuture.com/fapi/v1/openOrders | params: {'timestamp': 1776787653598, 'recvWindow': 5000}
2026-04-21 21:37:34 | DEBUG    | bot.client | Response [200]: []
2026-04-21 21:37:34 | DEBUG    | bot.client | Response [200]: [{'accountAlias': 'oCmYSgSgfWmYsR', 'asset': 'FDUSD', 'balance': '0.00000000', 'crossWalletBalance': '0.00000000', 'crossUnPnl': '0.00000000', 'availableBalance': '0.00000000', 'maxWithdrawAmount': '0.00000000', 'marginAvailable': True, 'updateTime': 0}, {'accountAlias': 'oCmYSgSgfWmYsR', 'asset': 'BNB', 'balance': '0.00000000', 'crossWalletBalance': '0.00000000', 'crossUnPnl': '0.00000000', 'availableBalance': '0.00000000', 'maxWithdrawAmount': '0.00000000', 'marginAvailable': True, 'updateTime': 0}, {'accountAlias': 'oCmYSgSgfWmYsR', 'asset': 'ETH', 'balance': '0.00000000', 'crossWalletBalance': '0.00000000', 'crossUnPnl': '0.00000000', 'availableBalance': '0.00000000', 'maxWithdrawAmount': '0.00000000', 'marginAvailable': True, 'updateTime': 0}, {'accountAlias': 'oCmYSgSgfWmYsR', 'asset': 'BTC', 'balance': '0.01000000', 'crossWalletBalance': '0.01000000', 'crossUnPnl': '0.00000000', 'availableBalance': '0.01000000', 'maxWithdrawAmount': '0.01000000', 'marginAvailable': True, 'updateTime': 1776777601189}, {'accountAlias': 'oCmYSgSgfWmYsR', 'asset': 'USDT', 'balance': '4973.71253575', 'crossWalletBalance': '4973.71253575', 'crossUnPnl': '-154.07459044', 'availableBalance': '1115.22663187', 'maxWithdrawAmount': '1115.22663187', 'marginAvailable': True, 'updateTime': 1776787201091}, {'accountAlias': 'oCmYSgSgfWmYsR', 'asset': 'USDC', 'balance': '5000.00000000', 'crossWalletBalance': '5000.00000000', 'crossUnPnl': '0.00000000', 'availableBalance': '5000.00000000', 'maxWithdrawAmount': '5000.00000000', 'marginAvailable': True, 'updateTime': 1776777601169}]
2026-04-21 21:37:38 | INFO     | bot.orders | Fetching open orders (symbol=ALL)
2026-04-21 21:37:38 | INFO     | bot.orders | Fetching USDT account balance
2026-04-21 21:37:38 | DEBUG    | bot.client | GET https://testnet.binancefuture.com/fapi/v1/openOrders | params: {'timestamp': 1776787658608, 'recvWindow': 5000}
2026-04-21 21:37:38 | DEBUG    | bot.client | GET https://testnet.binancefuture.com/fapi/v2/balance | params: {'timestamp': 1776787658608, 'recvWindow': 5000}
2026-04-21 21:37:39 | DEBUG    | bot.client | Response [200]: []
2026-04-21 21:37:39 | DEBUG    | bot.client | Response [200]: [{'accountAlias': 'oCmYSgSgfWmYsR', 'asset': 'FDUSD', 'balance': '0.00000000', 'crossWalletBalance': '0.00000000', 'crossUnPnl': '0.00000000', 'availableBalance': '0.00000000', 'maxWithdrawAmount': '0.00000000', 'marginAvailable': True, 'updateTime': 0}, {'accountAlias': 'oCmYSgSgfWmYsR', 'asset': 'BNB', 'balance': '0.00000000', 'crossWalletBalance': '0.00000000', 'crossUnPnl': '0.00000000', 'availableBalance': '0.00000000', 'maxWithdrawAmount': '0.00000000', 'marginAvailable': True, 'updateTime': 0}, {'accountAlias': 'oCmYSgSgfWmYsR', 'asset': 'ETH', 'balance': '0.00000000', 'crossWalletBalance': '0.00000000', 'crossUnPnl': '0.00000000', 'availableBalance': '0.00000000', 'maxWithdrawAmount': '0.00000000', 'marginAvailable': True, 'updateTime': 0}, {'accountAlias': 'oCmYSgSgfWmYsR', 'asset': 'BTC', 'balance': '0.01000000', 'crossWalletBalance': '0.01000000', 'crossUnPnl': '0.00000000', 'availableBalance': '0.01000000', 'maxWithdrawAmount': '0.01000000', 'marginAvailable': True, 'updateTime': 1776777601189}, {'accountAlias': 'oCmYSgSgfWmYsR', 'asset': 'USDT', 'balance': '4973.71253575', 'crossWalletBalance': '4973.71253575', 'crossUnPnl': '-138.78861128', 'availableBalance': '1131.27690999', 'maxWithdrawAmount': '1131.27690999', 'marginAvailable': True, 'updateTime': 1776787201091}, {'accountAlias': 'oCmYSgSgfWmYsR', 'asset': 'USDC', 'balance': '5000.00000000', 'crossWalletBalance': '5000.00000000', 'crossUnPnl': '0.00000000', 'availableBalance': '5000.00000000', 'maxWithdrawAmount': '5000.00000000', 'marginAvailable': True, 'updateTime': 1776777601169}]
2026-04-21 21:37:43 | INFO     | bot.orders | Fetching USDT account balance
2026-04-21 21:37:43 | DEBUG    | bot.client | GET https://testnet.binancefuture.com/fapi/v2/balance | params: {'timestamp': 1776787663606, 'recvWindow': 5000}
2026-04-21 21:37:43 | INFO     | bot.orders | Fetching open orders (symbol=ALL)
2026-04-21 21:37:43 | DEBUG    | bot.client | GET https://testnet.binancefuture.com/fapi/v1/openOrders | params: {'timestamp': 1776787663608, 'recvWindow': 5000}
2026-04-21 21:37:44 | DEBUG    | bot.client | Response [200]: [{'accountAlias': 'oCmYSgSgfWmYsR', 'asset': 'FDUSD', 'balance': '0.00000000', 'crossWalletBalance': '0.00000000', 'crossUnPnl': '0.00000000', 'availableBalance': '0.00000000', 'maxWithdrawAmount': '0.00000000', 'marginAvailable': True, 'updateTime': 0}, {'accountAlias': 'oCmYSgSgfWmYsR', 'asset': 'BNB', 'balance': '0.00000000', 'crossWalletBalance': '0.00000000', 'crossUnPnl': '0.00000000', 'availableBalance': '0.00000000', 'maxWithdrawAmount': '0.00000000', 'marginAvailable': True, 'updateTime': 0}, {'accountAlias': 'oCmYSgSgfWmYsR', 'asset': 'ETH', 'balance': '0.00000000', 'crossWalletBalance': '0.00000000', 'crossUnPnl': '0.00000000', 'availableBalance': '0.00000000', 'maxWithdrawAmount': '0.00000000', 'marginAvailable': True, 'updateTime': 0}, {'accountAlias': 'oCmYSgSgfWmYsR', 'asset': 'BTC', 'balance': '0.01000000', 'crossWalletBalance': '0.01000000', 'crossUnPnl': '0.00000000', 'availableBalance': '0.01000000', 'maxWithdrawAmount': '0.01000000', 'marginAvailable': True, 'updateTime': 1776777601189}, {'accountAlias': 'oCmYSgSgfWmYsR', 'asset': 'USDT', 'balance': '4973.71253575', 'crossWalletBalance': '4973.71253575', 'crossUnPnl': '-131.47093438', 'availableBalance': '1094.15038344', 'maxWithdrawAmount': '1094.15038344', 'marginAvailable': True, 'updateTime': 1776787201091}, {'accountAlias': 'oCmYSgSgfWmYsR', 'asset': 'USDC', 'balance': '5000.00000000', 'crossWalletBalance': '5000.00000000', 'crossUnPnl': '0.00000000', 'availableBalance': '5000.00000000', 'maxWithdrawAmount': '5000.00000000', 'marginAvailable': True, 'updateTime': 1776777601169}]
2026-04-21 21:37:44 | DEBUG    | bot.client | Response [200]: []
2026-04-21 21:37:48 | INFO     | bot.orders | Fetching open orders (symbol=ALL)
2026-04-21 21:37:48 | INFO     | bot.orders | Fetching USDT account balance
2026-04-21 21:37:48 | DEBUG    | bot.client | GET https://testnet.binancefuture.com/fapi/v1/openOrders | params: {'timestamp': 1776787668604, 'recvWindow': 5000}
2026-04-21 21:37:48 | DEBUG    | bot.client | GET https://testnet.binancefuture.com/fapi/v2/balance | params: {'timestamp': 1776787668605, 'recvWindow': 5000}
2026-04-21 21:37:49 | DEBUG    | bot.client | Response [200]: []
2026-04-21 21:37:49 | DEBUG    | bot.client | Response [200]: [{'accountAlias': 'oCmYSgSgfWmYsR', 'asset': 'FDUSD', 'balance': '0.00000000', 'crossWalletBalance': '0.00000000', 'crossUnPnl': '0.00000000', 'availableBalance': '0.00000000', 'maxWithdrawAmount': '0.00000000', 'marginAvailable': True, 'updateTime': 0}, {'accountAlias': 'oCmYSgSgfWmYsR', 'asset': 'BNB', 'balance': '0.00000000', 'crossWalletBalance': '0.00000000', 'crossUnPnl': '0.00000000', 'availableBalance': '0.00000000', 'maxWithdrawAmount': '0.00000000', 'marginAvailable': True, 'updateTime': 0}, {'accountAlias': 'oCmYSgSgfWmYsR', 'asset': 'ETH', 'balance': '0.00000000', 'crossWalletBalance': '0.00000000', 'crossUnPnl': '0.00000000', 'availableBalance': '0.00000000', 'maxWithdrawAmount': '0.00000000', 'marginAvailable': True, 'updateTime': 0}, {'accountAlias': 'oCmYSgSgfWmYsR', 'asset': 'BTC', 'balance': '0.01000000', 'crossWalletBalance': '0.01000000', 'crossUnPnl': '0.00000000', 'availableBalance': '0.01000000', 'maxWithdrawAmount': '0.01000000', 'marginAvailable': True, 'updateTime': 1776777601189}, {'accountAlias': 'oCmYSgSgfWmYsR', 'asset': 'USDT', 'balance': '4973.71253575', 'crossWalletBalance': '4973.71253575', 'crossUnPnl': '-141.96094090', 'availableBalance': '1076.62608311', 'maxWithdrawAmount': '1076.62608311', 'marginAvailable': True, 'updateTime': 1776787201091}, {'accountAlias': 'oCmYSgSgfWmYsR', 'asset': 'USDC', 'balance': '5000.00000000', 'crossWalletBalance': '5000.00000000', 'crossUnPnl': '0.00000000', 'availableBalance': '5000.00000000', 'maxWithdrawAmount': '5000.00000000', 'marginAvailable': True, 'updateTime': 1776777601169}]
2026-04-21 21:37:53 | INFO     | bot.orders | Fetching open orders (symbol=ALL)
2026-04-21 21:37:53 | INFO     | bot.orders | Fetching USDT account balance
2026-04-21 21:37:53 | DEBUG    | bot.client | GET https://testnet.binancefuture.com/fapi/v1/openOrders | params: {'timestamp': 1776787673604, 'recvWindow': 5000}
2026-04-21 21:37:53 | DEBUG    | bot.client | GET https://testnet.binancefuture.com/fapi/v2/balance | params: {'timestamp': 1776787673605, 'recvWindow': 5000}
2026-04-21 21:37:54 | DEBUG    | bot.client | Response [200]: [{'accountAlias': 'oCmYSgSgfWmYsR', 'asset': 'FDUSD', 'balance': '0.00000000', 'crossWalletBalance': '0.00000000', 'crossUnPnl': '0.00000000', 'availableBalance': '0.00000000', 'maxWithdrawAmount': '0.00000000', 'marginAvailable': True, 'updateTime': 0}, {'accountAlias': 'oCmYSgSgfWmYsR', 'asset': 'BNB', 'balance': '0.00000000', 'crossWalletBalance': '0.00000000', 'crossUnPnl': '0.00000000', 'availableBalance': '0.00000000', 'maxWithdrawAmount': '0.00000000', 'marginAvailable': True, 'updateTime': 0}, {'accountAlias': 'oCmYSgSgfWmYsR', 'asset': 'ETH', 'balance': '0.00000000', 'crossWalletBalance': '0.00000000', 'crossUnPnl': '0.00000000', 'availableBalance': '0.00000000', 'maxWithdrawAmount': '0.00000000', 'marginAvailable': True, 'updateTime': 0}, {'accountAlias': 'oCmYSgSgfWmYsR', 'asset': 'BTC', 'balance': '0.01000000', 'crossWalletBalance': '0.01000000', 'crossUnPnl': '0.00000000', 'availableBalance': '0.01000000', 'maxWithdrawAmount': '0.01000000', 'marginAvailable': True, 'updateTime': 1776777601189}, {'accountAlias': 'oCmYSgSgfWmYsR', 'asset': 'USDT', 'balance': '4973.71253575', 'crossWalletBalance': '4973.71253575', 'crossUnPnl': '-136.51575883', 'availableBalance': '1133.17354222', 'maxWithdrawAmount': '1133.17354222', 'marginAvailable': True, 'updateTime': 1776787201091}, {'accountAlias': 'oCmYSgSgfWmYsR', 'asset': 'USDC', 'balance': '5000.00000000', 'crossWalletBalance': '5000.00000000', 'crossUnPnl': '0.00000000', 'availableBalance': '5000.00000000', 'maxWithdrawAmount': '5000.00000000', 'marginAvailable': True, 'updateTime': 1776777601169}]
2026-04-21 21:37:54 | DEBUG    | bot.client | Response [200]: []
2026-04-21 21:37:58 | INFO     | bot.orders | Fetching USDT account balance
2026-04-21 21:37:58 | INFO     | bot.orders | Fetching open orders (symbol=ALL)
2026-04-21 21:37:58 | DEBUG    | bot.client | GET https://testnet.binancefuture.com/fapi/v2/balance | params: {'timestamp': 1776787678611, 'recvWindow': 5000}
2026-04-21 21:37:58 | DEBUG    | bot.client | GET https://testnet.binancefuture.com/fapi/v1/openOrders | params: {'timestamp': 1776787678611, 'recvWindow': 5000}
2026-04-21 21:37:59 | DEBUG    | bot.client | Response [200]: [{'accountAlias': 'oCmYSgSgfWmYsR', 'asset': 'FDUSD', 'balance': '0.00000000', 'crossWalletBalance': '0.00000000', 'crossUnPnl': '0.00000000', 'availableBalance': '0.00000000', 'maxWithdrawAmount': '0.00000000', 'marginAvailable': True, 'updateTime': 0}, {'accountAlias': 'oCmYSgSgfWmYsR', 'asset': 'BNB', 'balance': '0.00000000', 'crossWalletBalance': '0.00000000', 'crossUnPnl': '0.00000000', 'availableBalance': '0.00000000', 'maxWithdrawAmount': '0.00000000', 'marginAvailable': True, 'updateTime': 0}, {'accountAlias': 'oCmYSgSgfWmYsR', 'asset': 'ETH', 'balance': '0.00000000', 'crossWalletBalance': '0.00000000', 'crossUnPnl': '0.00000000', 'availableBalance': '0.00000000', 'maxWithdrawAmount': '0.00000000', 'marginAvailable': True, 'updateTime': 0}, {'accountAlias': 'oCmYSgSgfWmYsR', 'asset': 'BTC', 'balance': '0.01000000', 'crossWalletBalance': '0.01000000', 'crossUnPnl': '0.00000000', 'availableBalance': '0.01000000', 'maxWithdrawAmount': '0.01000000', 'marginAvailable': True, 'updateTime': 1776777601189}, {'accountAlias': 'oCmYSgSgfWmYsR', 'asset': 'USDT', 'balance': '4973.71253575', 'crossWalletBalance': '4973.71253575', 'crossUnPnl': '-129.46183009', 'availableBalance': '1138.02043865', 'maxWithdrawAmount': '1138.02043865', 'marginAvailable': True, 'updateTime': 1776787201091}, {'accountAlias': 'oCmYSgSgfWmYsR', 'asset': 'USDC', 'balance': '5000.00000000', 'crossWalletBalance': '5000.00000000', 'crossUnPnl': '0.00000000', 'availableBalance': '5000.00000000', 'maxWithdrawAmount': '5000.00000000', 'marginAvailable': True, 'updateTime': 1776777601169}]
2026-04-21 21:37:59 | DEBUG    | bot.client | Response [200]: []
2026-04-21 21:38:03 | INFO     | bot.orders | Fetching open orders (symbol=ALL)
2026-04-21 21:38:03 | INFO     | bot.orders | Fetching USDT account balance
2026-04-21 21:38:03 | DEBUG    | bot.client | GET https://testnet.binancefuture.com/fapi/v1/openOrders | params: {'timestamp': 1776787683602, 'recvWindow': 5000}
2026-04-21 21:38:03 | DEBUG    | bot.client | GET https://testnet.binancefuture.com/fapi/v2/balance | params: {'timestamp': 1776787683602, 'recvWindow': 5000}
2026-04-21 21:38:04 | DEBUG    | bot.client | Response [200]: []
2026-04-21 21:38:04 | DEBUG    | bot.client | Response [200]: [{'accountAlias': 'oCmYSgSgfWmYsR', 'asset': 'FDUSD', 'balance': '0.00000000', 'crossWalletBalance': '0.00000000', 'crossUnPnl': '0.00000000', 'availableBalance': '0.00000000', 'maxWithdrawAmount': '0.00000000', 'marginAvailable': True, 'updateTime': 0}, {'accountAlias': 'oCmYSgSgfWmYsR', 'asset': 'BNB', 'balance': '0.00000000', 'crossWalletBalance': '0.00000000', 'crossUnPnl': '0.00000000', 'availableBalance': '0.00000000', 'maxWithdrawAmount': '0.00000000', 'marginAvailable': True, 'updateTime': 0}, {'accountAlias': 'oCmYSgSgfWmYsR', 'asset': 'ETH', 'balance': '0.00000000', 'crossWalletBalance': '0.00000000', 'crossUnPnl': '0.00000000', 'availableBalance': '0.00000000', 'maxWithdrawAmount': '0.00000000', 'marginAvailable': True, 'updateTime': 0}, {'accountAlias': 'oCmYSgSgfWmYsR', 'asset': 'BTC', 'balance': '0.01000000', 'crossWalletBalance': '0.01000000', 'crossUnPnl': '0.00000000', 'availableBalance': '0.01000000', 'maxWithdrawAmount': '0.01000000', 'marginAvailable': True, 'updateTime': 1776777601189}, {'accountAlias': 'oCmYSgSgfWmYsR', 'asset': 'USDT', 'balance': '4973.71253575', 'crossWalletBalance': '4973.71253575', 'crossUnPnl': '-124.38290557', 'availableBalance': '1113.65398488', 'maxWithdrawAmount': '1113.65398488', 'marginAvailable': True, 'updateTime': 1776787201091}, {'accountAlias': 'oCmYSgSgfWmYsR', 'asset': 'USDC', 'balance': '5000.00000000', 'crossWalletBalance': '5000.00000000', 'crossUnPnl': '0.00000000', 'availableBalance': '5000.00000000', 'maxWithdrawAmount': '5000.00000000', 'marginAvailable': True, 'updateTime': 1776777601169}]
2026-04-21 21:38:08 | INFO     | bot.orders | Fetching USDT account balance
2026-04-21 21:38:08 | INFO     | bot.orders | Fetching open orders (symbol=ALL)
2026-04-21 21:38:08 | DEBUG    | bot.client | GET https://testnet.binancefuture.com/fapi/v2/balance | params: {'timestamp': 1776787688600, 'recvWindow': 5000}
2026-04-21 21:38:08 | DEBUG    | bot.client | GET https://testnet.binancefuture.com/fapi/v1/openOrders | params: {'timestamp': 1776787688600, 'recvWindow': 5000}
2026-04-21 21:38:09 | DEBUG    | bot.client | Response [200]: []
2026-04-21 21:38:09 | DEBUG    | bot.client | Response [200]: [{'accountAlias': 'oCmYSgSgfWmYsR', 'asset': 'FDUSD', 'balance': '0.00000000', 'crossWalletBalance': '0.00000000', 'crossUnPnl': '0.00000000', 'availableBalance': '0.00000000', 'maxWithdrawAmount': '0.00000000', 'marginAvailable': True, 'updateTime': 0}, {'accountAlias': 'oCmYSgSgfWmYsR', 'asset': 'BNB', 'balance': '0.00000000', 'crossWalletBalance': '0.00000000', 'crossUnPnl': '0.00000000', 'availableBalance': '0.00000000', 'maxWithdrawAmount': '0.00000000', 'marginAvailable': True, 'updateTime': 0}, {'accountAlias': 'oCmYSgSgfWmYsR', 'asset': 'ETH', 'balance': '0.00000000', 'crossWalletBalance': '0.00000000', 'crossUnPnl': '0.00000000', 'availableBalance': '0.00000000', 'maxWithdrawAmount': '0.00000000', 'marginAvailable': True, 'updateTime': 0}, {'accountAlias': 'oCmYSgSgfWmYsR', 'asset': 'BTC', 'balance': '0.01000000', 'crossWalletBalance': '0.01000000', 'crossUnPnl': '0.00000000', 'availableBalance': '0.01000000', 'maxWithdrawAmount': '0.01000000', 'marginAvailable': True, 'updateTime': 1776777601189}, {'accountAlias': 'oCmYSgSgfWmYsR', 'asset': 'USDT', 'balance': '4973.71253575', 'crossWalletBalance': '4973.71253575', 'crossUnPnl': '-131.04592167', 'availableBalance': '1137.94123408', 'maxWithdrawAmount': '1137.94123408', 'marginAvailable': True, 'updateTime': 1776787201091}, {'accountAlias': 'oCmYSgSgfWmYsR', 'asset': 'USDC', 'balance': '5000.00000000', 'crossWalletBalance': '5000.00000000', 'crossUnPnl': '0.00000000', 'availableBalance': '5000.00000000', 'maxWithdrawAmount': '5000.00000000', 'marginAvailable': True, 'updateTime': 1776777601169}]
2026-04-21 21:38:13 | INFO     | bot.orders | Fetching USDT account balance
2026-04-21 21:38:13 | INFO     | bot.orders | Fetching open orders (symbol=ALL)
2026-04-21 21:38:13 | DEBUG    | bot.client | GET https://testnet.binancefuture.com/fapi/v2/balance | params: {'timestamp': 1776787693609, 'recvWindow': 5000}
2026-04-21 21:38:13 | DEBUG    | bot.client | GET https://testnet.binancefuture.com/fapi/v1/openOrders | params: {'timestamp': 1776787693609, 'recvWindow': 5000}
2026-04-21 21:38:14 | DEBUG    | bot.client | Response [200]: [{'accountAlias': 'oCmYSgSgfWmYsR', 'asset': 'FDUSD', 'balance': '0.00000000', 'crossWalletBalance': '0.00000000', 'crossUnPnl': '0.00000000', 'availableBalance': '0.00000000', 'maxWithdrawAmount': '0.00000000', 'marginAvailable': True, 'updateTime': 0}, {'accountAlias': 'oCmYSgSgfWmYsR', 'asset': 'BNB', 'balance': '0.00000000', 'crossWalletBalance': '0.00000000', 'crossUnPnl': '0.00000000', 'availableBalance': '0.00000000', 'maxWithdrawAmount': '0.00000000', 'marginAvailable': True, 'updateTime': 0}, {'accountAlias': 'oCmYSgSgfWmYsR', 'asset': 'ETH', 'balance': '0.00000000', 'crossWalletBalance': '0.00000000', 'crossUnPnl': '0.00000000', 'availableBalance': '0.00000000', 'maxWithdrawAmount': '0.00000000', 'marginAvailable': True, 'updateTime': 0}, {'accountAlias': 'oCmYSgSgfWmYsR', 'asset': 'BTC', 'balance': '0.01000000', 'crossWalletBalance': '0.01000000', 'crossUnPnl': '0.00000000', 'availableBalance': '0.01000000', 'maxWithdrawAmount': '0.01000000', 'marginAvailable': True, 'updateTime': 1776777601189}, {'accountAlias': 'oCmYSgSgfWmYsR', 'asset': 'USDT', 'balance': '4973.71253575', 'crossWalletBalance': '4973.71253575', 'crossUnPnl': '-144.43082167', 'availableBalance': '1125.35258908', 'maxWithdrawAmount': '1125.35258908', 'marginAvailable': True, 'updateTime': 1776787201091}, {'accountAlias': 'oCmYSgSgfWmYsR', 'asset': 'USDC', 'balance': '5000.00000000', 'crossWalletBalance': '5000.00000000', 'crossUnPnl': '0.00000000', 'availableBalance': '5000.00000000', 'maxWithdrawAmount': '5000.00000000', 'marginAvailable': True, 'updateTime': 1776777601169}]
2026-04-21 21:38:14 | DEBUG    | bot.client | Response [200]: []
2026-04-21 21:38:18 | INFO     | bot.orders | Fetching USDT account balance
2026-04-21 21:38:18 | INFO     | bot.orders | Fetching open orders (symbol=ALL)
2026-04-21 21:38:18 | DEBUG    | bot.client | GET https://testnet.binancefuture.com/fapi/v2/balance | params: {'timestamp': 1776787698600, 'recvWindow': 5000}
2026-04-21 21:38:18 | DEBUG    | bot.client | GET https://testnet.binancefuture.com/fapi/v1/openOrders | params: {'timestamp': 1776787698600, 'recvWindow': 5000}
2026-04-21 21:38:19 | DEBUG    | bot.client | Response [200]: []
2026-04-21 21:38:19 | DEBUG    | bot.client | Response [200]: [{'accountAlias': 'oCmYSgSgfWmYsR', 'asset': 'FDUSD', 'balance': '0.00000000', 'crossWalletBalance': '0.00000000', 'crossUnPnl': '0.00000000', 'availableBalance': '0.00000000', 'maxWithdrawAmount': '0.00000000', 'marginAvailable': True, 'updateTime': 0}, {'accountAlias': 'oCmYSgSgfWmYsR', 'asset': 'BNB', 'balance': '0.00000000', 'crossWalletBalance': '0.00000000', 'crossUnPnl': '0.00000000', 'availableBalance': '0.00000000', 'maxWithdrawAmount': '0.00000000', 'marginAvailable': True, 'updateTime': 0}, {'accountAlias': 'oCmYSgSgfWmYsR', 'asset': 'ETH', 'balance': '0.00000000', 'crossWalletBalance': '0.00000000', 'crossUnPnl': '0.00000000', 'availableBalance': '0.00000000', 'maxWithdrawAmount': '0.00000000', 'marginAvailable': True, 'updateTime': 0}, {'accountAlias': 'oCmYSgSgfWmYsR', 'asset': 'BTC', 'balance': '0.01000000', 'crossWalletBalance': '0.01000000', 'crossUnPnl': '0.00000000', 'availableBalance': '0.01000000', 'maxWithdrawAmount': '0.01000000', 'marginAvailable': True, 'updateTime': 1776777601189}, {'accountAlias': 'oCmYSgSgfWmYsR', 'asset': 'USDT', 'balance': '4973.71253575', 'crossWalletBalance': '4973.71253575', 'crossUnPnl': '-160.74672167', 'availableBalance': '1108.22089408', 'maxWithdrawAmount': '1108.22089408', 'marginAvailable': True, 'updateTime': 1776787201091}, {'accountAlias': 'oCmYSgSgfWmYsR', 'asset': 'USDC', 'balance': '5000.00000000', 'crossWalletBalance': '5000.00000000', 'crossUnPnl': '0.00000000', 'availableBalance': '5000.00000000', 'maxWithdrawAmount': '5000.00000000', 'marginAvailable': True, 'updateTime': 1776777601169}]
2026-04-21 21:38:23 | INFO     | bot.orders | Fetching USDT account balance
2026-04-21 21:38:23 | INFO     | bot.orders | Fetching open orders (symbol=ALL)
2026-04-21 21:38:23 | DEBUG    | bot.client | GET https://testnet.binancefuture.com/fapi/v2/balance | params: {'timestamp': 1776787703600, 'recvWindow': 5000}
2026-04-21 21:38:23 | DEBUG    | bot.client | GET https://testnet.binancefuture.com/fapi/v1/openOrders | params: {'timestamp': 1776787703601, 'recvWindow': 5000}
2026-04-21 21:38:24 | DEBUG    | bot.client | Response [200]: [{'accountAlias': 'oCmYSgSgfWmYsR', 'asset': 'FDUSD', 'balance': '0.00000000', 'crossWalletBalance': '0.00000000', 'crossUnPnl': '0.00000000', 'availableBalance': '0.00000000', 'maxWithdrawAmount': '0.00000000', 'marginAvailable': True, 'updateTime': 0}, {'accountAlias': 'oCmYSgSgfWmYsR', 'asset': 'BNB', 'balance': '0.00000000', 'crossWalletBalance': '0.00000000', 'crossUnPnl': '0.00000000', 'availableBalance': '0.00000000', 'maxWithdrawAmount': '0.00000000', 'marginAvailable': True, 'updateTime': 0}, {'accountAlias': 'oCmYSgSgfWmYsR', 'asset': 'ETH', 'balance': '0.00000000', 'crossWalletBalance': '0.00000000', 'crossUnPnl': '0.00000000', 'availableBalance': '0.00000000', 'maxWithdrawAmount': '0.00000000', 'marginAvailable': True, 'updateTime': 0}, {'accountAlias': 'oCmYSgSgfWmYsR', 'asset': 'BTC', 'balance': '0.01000000', 'crossWalletBalance': '0.01000000', 'crossUnPnl': '0.00000000', 'availableBalance': '0.01000000', 'maxWithdrawAmount': '0.01000000', 'marginAvailable': True, 'updateTime': 1776777601189}, {'accountAlias': 'oCmYSgSgfWmYsR', 'asset': 'USDT', 'balance': '4973.71253575', 'crossWalletBalance': '4973.71253575', 'crossUnPnl': '-164.26392167', 'availableBalance': '1104.52783408', 'maxWithdrawAmount': '1104.52783408', 'marginAvailable': True, 'updateTime': 1776787201091}, {'accountAlias': 'oCmYSgSgfWmYsR', 'asset': 'USDC', 'balance': '5000.00000000', 'crossWalletBalance': '5000.00000000', 'crossUnPnl': '0.00000000', 'availableBalance': '5000.00000000', 'maxWithdrawAmount': '5000.00000000', 'marginAvailable': True, 'updateTime': 1776777601169}]
2026-04-21 21:38:24 | DEBUG    | bot.client | Response [200]: []
2026-04-21 21:39:19 | INFO     | bot.orders | Fetching USDT account balance
2026-04-21 21:39:19 | DEBUG    | bot.client | GET https://testnet.binancefuture.com/fapi/v2/balance | params: {'timestamp': 1776787759906, 'recvWindow': 5000}
2026-04-21 21:39:19 | DEBUG    | bot.client | GET https://testnet.binancefuture.com/fapi/v1/openOrders | params: {'timestamp': 1776787759906, 'recvWindow': 5000}
2026-04-21 21:39:20 | DEBUG    | bot.client | Response [200]: []
2026-04-21 21:39:20 | DEBUG    | bot.client | Response [200]: [{'accountAlias': 'oCmYSgSgfWmYsR', 'asset': 'FDUSD', 'balance': '0.00000000', 'crossWalletBalance': '0.00000000', 'crossUnPnl': '0.00000000', 'availableBalance': '0.00000000', 'maxWithdrawAmount': '0.00000000', 'marginAvailable': True, 'updateTime': 0}, {'accountAlias': 'oCmYSgSgfWmYsR', 'asset': 'BNB', 'balance': '0.00000000', 'crossWalletBalance': '0.00000000', 'crossUnPnl': '0.00000000', 'availableBalance': '0.00000000', 'maxWithdrawAmount': '0.00000000', 'marginAvailable': True, 'updateTime': 0}, {'accountAlias': 'oCmYSgSgfWmYsR', 'asset': 'ETH', 'balance': '0.00000000', 'crossWalletBalance': '0.00000000', 'crossUnPnl': '0.00000000', 'availableBalance': '0.00000000', 'maxWithdrawAmount': '0.00000000', 'marginAvailable': True, 'updateTime': 0}, {'accountAlias': 'oCmYSgSgfWmYsR', 'asset': 'BTC', 'balance': '0.01000000', 'crossWalletBalance': '0.01000000', 'crossUnPnl': '0.00000000', 'availableBalance': '0.01000000', 'maxWithdrawAmount': '0.01000000', 'marginAvailable': True, 'updateTime': 1776777601189}, {'accountAlias': 'oCmYSgSgfWmYsR', 'asset': 'USDT', 'balance': '4973.71253575', 'crossWalletBalance': '4973.71253575', 'crossUnPnl': '-203.34392167', 'availableBalance': '1063.49383408', 'maxWithdrawAmount': '1063.49383408', 'marginAvailable': True, 'updateTime': 1776787201091}, {'accountAlias': 'oCmYSgSgfWmYsR', 'asset': 'USDC', 'balance': '5000.00000000', 'crossWalletBalance': '5000.00000000', 'crossUnPnl': '0.00000000', 'availableBalance': '5000.00000000', 'maxWithdrawAmount': '5000.00000000', 'marginAvailable': True, 'updateTime': 1776777601169}]
2026-04-21 21:40:19 | INFO     | bot.orders | Fetching USDT account balance
2026-04-21 21:40:19 | DEBUG    | bot.client | GET https://testnet.binancefuture.com/fapi/v2/balance | params: {'timestamp': 1776787819610, 'recvWindow': 5000}
2026-04-21 21:40:19 | INFO     | bot.orders | Fetching open orders (symbol=ALL)
2026-04-21 21:40:19 | DEBUG    | bot.client | GET https://testnet.binancefuture.com/fapi/v1/openOrders | params: {'timestamp': 1776787819920, 'recvWindow': 5000}
2026-04-21 21:40:20 | DEBUG    | bot.client | Response [200]: [{'accountAlias': 'oCmYSgSgfWmYsR', 'asset': 'FDUSD', 'balance': '0.00000000', 'crossWalletBalance': '0.00000000', 'crossUnPnl': '0.00000000', 'availableBalance': '0.00000000', 'maxWithdrawAmount': '0.00000000', 'marginAvailable': True, 'updateTime': 0}, {'accountAlias': 'oCmYSgSgfWmYsR', 'asset': 'BNB', 'balance': '0.00000000', 'crossWalletBalance': '0.00000000', 'crossUnPnl': '0.00000000', 'availableBalance': '0.00000000', 'maxWithdrawAmount': '0.00000000', 'marginAvailable': True, 'updateTime': 0}, {'accountAlias': 'oCmYSgSgfWmYsR', 'asset': 'ETH', 'balance': '0.00000000', 'crossWalletBalance': '0.00000000', 'crossUnPnl': '0.00000000', 'availableBalance': '0.00000000', 'maxWithdrawAmount': '0.00000000', 'marginAvailable': True, 'updateTime': 0}, {'accountAlias': 'oCmYSgSgfWmYsR', 'asset': 'BTC', 'balance': '0.01000000', 'crossWalletBalance': '0.01000000', 'crossUnPnl': '0.00000000', 'availableBalance': '0.01000000', 'maxWithdrawAmount': '0.01000000', 'marginAvailable': True, 'updateTime': 1776777601189}, {'accountAlias': 'oCmYSgSgfWmYsR', 'asset': 'USDT', 'balance': '4973.71253575', 'crossWalletBalance': '4973.71253575', 'crossUnPnl': '-214.81445035', 'availableBalance': '1051.44977896', 'maxWithdrawAmount': '1051.44977896', 'marginAvailable': True, 'updateTime': 1776787201091}, {'accountAlias': 'oCmYSgSgfWmYsR', 'asset': 'USDC', 'balance': '5000.00000000', 'crossWalletBalance': '5000.00000000', 'crossUnPnl': '0.00000000', 'availableBalance': '5000.00000000', 'maxWithdrawAmount': '5000.00000000', 'marginAvailable': True, 'updateTime': 1776777601169}]
2026-04-21 21:40:20 | DEBUG    | bot.client | Response [200]: []
2026-04-21 21:41:19 | INFO     | bot.orders | Fetching USDT account balance
2026-04-21 21:41:19 | INFO     | bot.orders | Fetching open orders (symbol=ALL)
2026-04-21 21:41:19 | DEBUG    | bot.client | GET https://testnet.binancefuture.com/fapi/v2/balance | params: {'timestamp': 1776787879917, 'recvWindow': 5000}
2026-04-21 21:41:19 | DEBUG    | bot.client | GET https://testnet.binancefuture.com/fapi/v1/openOrders | params: {'timestamp': 1776787879917, 'recvWindow': 5000}
2026-04-21 21:41:20 | DEBUG    | bot.client | Response [200]: []
2026-04-21 21:41:20 | DEBUG    | bot.client | Response [200]: [{'accountAlias': 'oCmYSgSgfWmYsR', 'asset': 'FDUSD', 'balance': '0.00000000', 'crossWalletBalance': '0.00000000', 'crossUnPnl': '0.00000000', 'availableBalance': '0.00000000', 'maxWithdrawAmount': '0.00000000', 'marginAvailable': True, 'updateTime': 0}, {'accountAlias': 'oCmYSgSgfWmYsR', 'asset': 'BNB', 'balance': '0.00000000', 'crossWalletBalance': '0.00000000', 'crossUnPnl': '0.00000000', 'availableBalance': '0.00000000', 'maxWithdrawAmount': '0.00000000', 'marginAvailable': True, 'updateTime': 0}, {'accountAlias': 'oCmYSgSgfWmYsR', 'asset': 'ETH', 'balance': '0.00000000', 'crossWalletBalance': '0.00000000', 'crossUnPnl': '0.00000000', 'availableBalance': '0.00000000', 'maxWithdrawAmount': '0.00000000', 'marginAvailable': True, 'updateTime': 0}, {'accountAlias': 'oCmYSgSgfWmYsR', 'asset': 'BTC', 'balance': '0.01000000', 'crossWalletBalance': '0.01000000', 'crossUnPnl': '0.00000000', 'availableBalance': '0.01000000', 'maxWithdrawAmount': '0.01000000', 'marginAvailable': True, 'updateTime': 1776777601189}, {'accountAlias': 'oCmYSgSgfWmYsR', 'asset': 'USDT', 'balance': '4973.71253575', 'crossWalletBalance': '4973.71253575', 'crossUnPnl': '-180.38442167', 'availableBalance': '1081.54390908', 'maxWithdrawAmount': '1081.54390908', 'marginAvailable': True, 'updateTime': 1776787201091}, {'accountAlias': 'oCmYSgSgfWmYsR', 'asset': 'USDC', 'balance': '5000.00000000', 'crossWalletBalance': '5000.00000000', 'crossUnPnl': '0.00000000', 'availableBalance': '5000.00000000', 'maxWithdrawAmount': '5000.00000000', 'marginAvailable': True, 'updateTime': 1776777601169}]
2026-04-21 21:42:19 | INFO     | bot.orders | Fetching USDT account balance
2026-04-21 21:42:19 | DEBUG    | bot.client | GET https://testnet.binancefuture.com/fapi/v2/balance | params: {'timestamp': 1776787939610, 'recvWindow': 5000}
2026-04-21 21:42:19 | INFO     | bot.orders | Fetching open orders (symbol=ALL)
2026-04-21 21:42:19 | DEBUG    | bot.client | GET https://testnet.binancefuture.com/fapi/v1/openOrders | params: {'timestamp': 1776787939915, 'recvWindow': 5000}
2026-04-21 21:42:22 | DEBUG    | bot.client | Response [200]: [{'accountAlias': 'oCmYSgSgfWmYsR', 'asset': 'FDUSD', 'balance': '0.00000000', 'crossWalletBalance': '0.00000000', 'crossUnPnl': '0.00000000', 'availableBalance': '0.00000000', 'maxWithdrawAmount': '0.00000000', 'marginAvailable': True, 'updateTime': 0}, {'accountAlias': 'oCmYSgSgfWmYsR', 'asset': 'BNB', 'balance': '0.00000000', 'crossWalletBalance': '0.00000000', 'crossUnPnl': '0.00000000', 'availableBalance': '0.00000000', 'maxWithdrawAmount': '0.00000000', 'marginAvailable': True, 'updateTime': 0}, {'accountAlias': 'oCmYSgSgfWmYsR', 'asset': 'ETH', 'balance': '0.00000000', 'crossWalletBalance': '0.00000000', 'crossUnPnl': '0.00000000', 'availableBalance': '0.00000000', 'maxWithdrawAmount': '0.00000000', 'marginAvailable': True, 'updateTime': 0}, {'accountAlias': 'oCmYSgSgfWmYsR', 'asset': 'BTC', 'balance': '0.01000000', 'crossWalletBalance': '0.01000000', 'crossUnPnl': '0.00000000', 'availableBalance': '0.01000000', 'maxWithdrawAmount': '0.01000000', 'marginAvailable': True, 'updateTime': 1776777601189}, {'accountAlias': 'oCmYSgSgfWmYsR', 'asset': 'USDT', 'balance': '4973.71253575', 'crossWalletBalance': '4973.71253575', 'crossUnPnl': '-183.80392167', 'availableBalance': '1084.01083408', 'maxWithdrawAmount': '1084.01083408', 'marginAvailable': True, 'updateTime': 1776787201091}, {'accountAlias': 'oCmYSgSgfWmYsR', 'asset': 'USDC', 'balance': '5000.00000000', 'crossWalletBalance': '5000.00000000', 'crossUnPnl': '0.00000000', 'availableBalance': '5000.00000000', 'maxWithdrawAmount': '5000.00000000', 'marginAvailable': True, 'updateTime': 1776777601169}]
2026-04-21 21:42:22 | DEBUG    | bot.client | Response [200]: []
2026-04-21 21:43:19 | INFO     | bot.orders | Fetching USDT account balance
2026-04-21 21:43:19 | INFO     | bot.orders | Fetching open orders (symbol=ALL)
2026-04-21 21:43:19 | DEBUG    | bot.client | GET https://testnet.binancefuture.com/fapi/v2/balance | params: {'timestamp': 1776787999910, 'recvWindow': 5000}
2026-04-21 21:43:19 | DEBUG    | bot.client | GET https://testnet.binancefuture.com/fapi/v1/openOrders | params: {'timestamp': 1776787999910, 'recvWindow': 5000}
2026-04-21 21:43:20 | DEBUG    | bot.client | Response [200]: []
2026-04-21 21:43:21 | DEBUG    | bot.client | Response [200]: [{'accountAlias': 'oCmYSgSgfWmYsR', 'asset': 'FDUSD', 'balance': '0.00000000', 'crossWalletBalance': '0.00000000', 'crossUnPnl': '0.00000000', 'availableBalance': '0.00000000', 'maxWithdrawAmount': '0.00000000', 'marginAvailable': True, 'updateTime': 0}, {'accountAlias': 'oCmYSgSgfWmYsR', 'asset': 'BNB', 'balance': '0.00000000', 'crossWalletBalance': '0.00000000', 'crossUnPnl': '0.00000000', 'availableBalance': '0.00000000', 'maxWithdrawAmount': '0.00000000', 'marginAvailable': True, 'updateTime': 0}, {'accountAlias': 'oCmYSgSgfWmYsR', 'asset': 'ETH', 'balance': '0.00000000', 'crossWalletBalance': '0.00000000', 'crossUnPnl': '0.00000000', 'availableBalance': '0.00000000', 'maxWithdrawAmount': '0.00000000', 'marginAvailable': True, 'updateTime': 0}, {'accountAlias': 'oCmYSgSgfWmYsR', 'asset': 'BTC', 'balance': '0.01000000', 'crossWalletBalance': '0.01000000', 'crossUnPnl': '0.00000000', 'availableBalance': '0.01000000', 'maxWithdrawAmount': '0.01000000', 'marginAvailable': True, 'updateTime': 1776777601189}, {'accountAlias': 'oCmYSgSgfWmYsR', 'asset': 'USDT', 'balance': '4973.71253575', 'crossWalletBalance': '4973.71253575', 'crossUnPnl': '-211.25762167', 'availableBalance': '1055.18444908', 'maxWithdrawAmount': '1055.18444908', 'marginAvailable': True, 'updateTime': 1776787201091}, {'accountAlias': 'oCmYSgSgfWmYsR', 'asset': 'USDC', 'balance': '5000.00000000', 'crossWalletBalance': '5000.00000000', 'crossUnPnl': '0.00000000', 'availableBalance': '5000.00000000', 'maxWithdrawAmount': '5000.00000000', 'marginAvailable': True, 'updateTime': 1776777601169}]
2026-04-21 21:44:19 | INFO     | bot.orders | Fetching USDT account balance
2026-04-21 21:44:19 | DEBUG    | bot.client | GET https://testnet.binancefuture.com/fapi/v2/balance | params: {'timestamp': 1776788059598, 'recvWindow': 5000}
2026-04-21 21:44:19 | INFO     | bot.orders | Fetching open orders (symbol=ALL)
2026-04-21 21:44:19 | DEBUG    | bot.client | GET https://testnet.binancefuture.com/fapi/v1/openOrders | params: {'timestamp': 1776788059907, 'recvWindow': 5000}
2026-04-21 21:44:20 | DEBUG    | bot.client | Response [200]: [{'accountAlias': 'oCmYSgSgfWmYsR', 'asset': 'FDUSD', 'balance': '0.00000000', 'crossWalletBalance': '0.00000000', 'crossUnPnl': '0.00000000', 'availableBalance': '0.00000000', 'maxWithdrawAmount': '0.00000000', 'marginAvailable': True, 'updateTime': 0}, {'accountAlias': 'oCmYSgSgfWmYsR', 'asset': 'BNB', 'balance': '0.00000000', 'crossWalletBalance': '0.00000000', 'crossUnPnl': '0.00000000', 'availableBalance': '0.00000000', 'maxWithdrawAmount': '0.00000000', 'marginAvailable': True, 'updateTime': 0}, {'accountAlias': 'oCmYSgSgfWmYsR', 'asset': 'ETH', 'balance': '0.00000000', 'crossWalletBalance': '0.00000000', 'crossUnPnl': '0.00000000', 'availableBalance': '0.00000000', 'maxWithdrawAmount': '0.00000000', 'marginAvailable': True, 'updateTime': 0}, {'accountAlias': 'oCmYSgSgfWmYsR', 'asset': 'BTC', 'balance': '0.01000000', 'crossWalletBalance': '0.01000000', 'crossUnPnl': '0.00000000', 'availableBalance': '0.01000000', 'maxWithdrawAmount': '0.01000000', 'marginAvailable': True, 'updateTime': 1776777601189}, {'accountAlias': 'oCmYSgSgfWmYsR', 'asset': 'USDT', 'balance': '4973.71253575', 'crossWalletBalance': '4973.71253575', 'crossUnPnl': '-187.52498193', 'availableBalance': '1080.10372080', 'maxWithdrawAmount': '1080.10372080', 'marginAvailable': True, 'updateTime': 1776787201091}, {'accountAlias': 'oCmYSgSgfWmYsR', 'asset': 'USDC', 'balance': '5000.00000000', 'crossWalletBalance': '5000.00000000', 'crossUnPnl': '0.00000000', 'availableBalance': '5000.00000000', 'maxWithdrawAmount': '5000.00000000', 'marginAvailable': True, 'updateTime': 1776777601169}]
2026-04-21 21:44:20 | DEBUG    | bot.client | Response [200]: []
2026-04-21 21:45:16 | INFO     | bot.orders | Fetching USDT account balance
2026-04-21 21:45:16 | INFO     | bot.orders | Fetching open orders (symbol=ALL)
2026-04-21 21:45:16 | DEBUG    | bot.client | GET https://testnet.binancefuture.com/fapi/v2/balance | params: {'timestamp': 1776788116272, 'recvWindow': 5000}
2026-04-21 21:45:16 | DEBUG    | bot.client | GET https://testnet.binancefuture.com/fapi/v1/openOrders | params: {'timestamp': 1776788116273, 'recvWindow': 5000}
2026-04-21 21:45:17 | DEBUG    | bot.client | Response [200]: [{'accountAlias': 'oCmYSgSgfWmYsR', 'asset': 'FDUSD', 'balance': '0.00000000', 'crossWalletBalance': '0.00000000', 'crossUnPnl': '0.00000000', 'availableBalance': '0.00000000', 'maxWithdrawAmount': '0.00000000', 'marginAvailable': True, 'updateTime': 0}, {'accountAlias': 'oCmYSgSgfWmYsR', 'asset': 'BNB', 'balance': '0.00000000', 'crossWalletBalance': '0.00000000', 'crossUnPnl': '0.00000000', 'availableBalance': '0.00000000', 'maxWithdrawAmount': '0.00000000', 'marginAvailable': True, 'updateTime': 0}, {'accountAlias': 'oCmYSgSgfWmYsR', 'asset': 'ETH', 'balance': '0.00000000', 'crossWalletBalance': '0.00000000', 'crossUnPnl': '0.00000000', 'availableBalance': '0.00000000', 'maxWithdrawAmount': '0.00000000', 'marginAvailable': True, 'updateTime': 0}, {'accountAlias': 'oCmYSgSgfWmYsR', 'asset': 'BTC', 'balance': '0.01000000', 'crossWalletBalance': '0.01000000', 'crossUnPnl': '0.00000000', 'availableBalance': '0.01000000', 'maxWithdrawAmount': '0.01000000', 'marginAvailable': True, 'updateTime': 1776777601189}, {'accountAlias': 'oCmYSgSgfWmYsR', 'asset': 'USDT', 'balance': '4973.71253575', 'crossWalletBalance': '4973.71253575', 'crossUnPnl': '-247.01582167', 'availableBalance': '1017.63833908', 'maxWithdrawAmount': '1017.63833908', 'marginAvailable': True, 'updateTime': 1776787201091}, {'accountAlias': 'oCmYSgSgfWmYsR', 'asset': 'USDC', 'balance': '5000.00000000', 'crossWalletBalance': '5000.00000000', 'crossUnPnl': '0.00000000', 'availableBalance': '5000.00000000', 'maxWithdrawAmount': '5000.00000000', 'marginAvailable': True, 'updateTime': 1776777601169}]
2026-04-21 21:45:17 | DEBUG    | bot.client | Response [200]: []
2026-04-21 21:45:19 | INFO     | bot.orders | Fetching open orders (symbol=ALL)
2026-04-21 21:45:19 | INFO     | bot.orders | Fetching USDT account balance
2026-04-21 21:45:19 | DEBUG    | bot.client | GET https://testnet.binancefuture.com/fapi/v1/openOrders | params: {'timestamp': 1776788119607, 'recvWindow': 5000}
2026-04-21 21:45:19 | DEBUG    | bot.client | GET https://testnet.binancefuture.com/fapi/v2/balance | params: {'timestamp': 1776788119608, 'recvWindow': 5000}
2026-04-21 21:45:20 | DEBUG    | bot.client | Response [200]: [{'accountAlias': 'oCmYSgSgfWmYsR', 'asset': 'FDUSD', 'balance': '0.00000000', 'crossWalletBalance': '0.00000000', 'crossUnPnl': '0.00000000', 'availableBalance': '0.00000000', 'maxWithdrawAmount': '0.00000000', 'marginAvailable': True, 'updateTime': 0}, {'accountAlias': 'oCmYSgSgfWmYsR', 'asset': 'BNB', 'balance': '0.00000000', 'crossWalletBalance': '0.00000000', 'crossUnPnl': '0.00000000', 'availableBalance': '0.00000000', 'maxWithdrawAmount': '0.00000000', 'marginAvailable': True, 'updateTime': 0}, {'accountAlias': 'oCmYSgSgfWmYsR', 'asset': 'ETH', 'balance': '0.00000000', 'crossWalletBalance': '0.00000000', 'crossUnPnl': '0.00000000', 'availableBalance': '0.00000000', 'maxWithdrawAmount': '0.00000000', 'marginAvailable': True, 'updateTime': 0}, {'accountAlias': 'oCmYSgSgfWmYsR', 'asset': 'BTC', 'balance': '0.01000000', 'crossWalletBalance': '0.01000000', 'crossUnPnl': '0.00000000', 'availableBalance': '0.01000000', 'maxWithdrawAmount': '0.01000000', 'marginAvailable': True, 'updateTime': 1776777601189}, {'accountAlias': 'oCmYSgSgfWmYsR', 'asset': 'USDT', 'balance': '4973.71253575', 'crossWalletBalance': '4973.71253575', 'crossUnPnl': '-246.91812167', 'availableBalance': '1017.74092408', 'maxWithdrawAmount': '1017.74092408', 'marginAvailable': True, 'updateTime': 1776787201091}, {'accountAlias': 'oCmYSgSgfWmYsR', 'asset': 'USDC', 'balance': '5000.00000000', 'crossWalletBalance': '5000.00000000', 'crossUnPnl': '0.00000000', 'availableBalance': '5000.00000000', 'maxWithdrawAmount': '5000.00000000', 'marginAvailable': True, 'updateTime': 1776777601169}]
2026-04-21 21:45:20 | DEBUG    | bot.client | Response [200]: []
2026-04-21 21:46:16 | INFO     | bot.orders | Fetching USDT account balance
2026-04-21 21:46:16 | DEBUG    | bot.client | GET https://testnet.binancefuture.com/fapi/v2/balance | params: {'timestamp': 1776788176912, 'recvWindow': 5000}
2026-04-21 21:46:16 | DEBUG    | bot.client | GET https://testnet.binancefuture.com/fapi/v1/openOrders | params: {'timestamp': 1776788176913, 'recvWindow': 5000}
2026-04-21 21:46:17 | DEBUG    | bot.client | Response [200]: []
2026-04-21 21:46:17 | DEBUG    | bot.client | Response [200]: [{'accountAlias': 'oCmYSgSgfWmYsR', 'asset': 'FDUSD', 'balance': '0.00000000', 'crossWalletBalance': '0.00000000', 'crossUnPnl': '0.00000000', 'availableBalance': '0.00000000', 'maxWithdrawAmount': '0.00000000', 'marginAvailable': True, 'updateTime': 0}, {'accountAlias': 'oCmYSgSgfWmYsR', 'asset': 'BNB', 'balance': '0.00000000', 'crossWalletBalance': '0.00000000', 'crossUnPnl': '0.00000000', 'availableBalance': '0.00000000', 'maxWithdrawAmount': '0.00000000', 'marginAvailable': True, 'updateTime': 0}, {'accountAlias': 'oCmYSgSgfWmYsR', 'asset': 'ETH', 'balance': '0.00000000', 'crossWalletBalance': '0.00000000', 'crossUnPnl': '0.00000000', 'availableBalance': '0.00000000', 'maxWithdrawAmount': '0.00000000', 'marginAvailable': True, 'updateTime': 0}, {'accountAlias': 'oCmYSgSgfWmYsR', 'asset': 'BTC', 'balance': '0.01000000', 'crossWalletBalance': '0.01000000', 'crossUnPnl': '0.00000000', 'availableBalance': '0.01000000', 'maxWithdrawAmount': '0.01000000', 'marginAvailable': True, 'updateTime': 1776777601189}, {'accountAlias': 'oCmYSgSgfWmYsR', 'asset': 'USDT', 'balance': '4973.71253575', 'crossWalletBalance': '4973.71253575', 'crossUnPnl': '-136.94047064', 'availableBalance': '1109.60660663', 'maxWithdrawAmount': '1109.60660663', 'marginAvailable': True, 'updateTime': 1776787201091}, {'accountAlias': 'oCmYSgSgfWmYsR', 'asset': 'USDC', 'balance': '5000.00000000', 'crossWalletBalance': '5000.00000000', 'crossUnPnl': '0.00000000', 'availableBalance': '5000.00000000', 'maxWithdrawAmount': '5000.00000000', 'marginAvailable': True, 'updateTime': 1776777601169}]
2026-04-21 21:46:19 | INFO     | bot.orders | Fetching USDT account balance
2026-04-21 21:46:19 | INFO     | bot.orders | Fetching open orders (symbol=ALL)
2026-04-21 21:46:19 | DEBUG    | bot.client | GET https://testnet.binancefuture.com/fapi/v2/balance | params: {'timestamp': 1776788179606, 'recvWindow': 5000}
2026-04-21 21:46:19 | DEBUG    | bot.client | GET https://testnet.binancefuture.com/fapi/v1/openOrders | params: {'timestamp': 1776788179607, 'recvWindow': 5000}
2026-04-21 21:46:20 | DEBUG    | bot.client | Response [200]: [{'accountAlias': 'oCmYSgSgfWmYsR', 'asset': 'FDUSD', 'balance': '0.00000000', 'crossWalletBalance': '0.00000000', 'crossUnPnl': '0.00000000', 'availableBalance': '0.00000000', 'maxWithdrawAmount': '0.00000000', 'marginAvailable': True, 'updateTime': 0}, {'accountAlias': 'oCmYSgSgfWmYsR', 'asset': 'BNB', 'balance': '0.00000000', 'crossWalletBalance': '0.00000000', 'crossUnPnl': '0.00000000', 'availableBalance': '0.00000000', 'maxWithdrawAmount': '0.00000000', 'marginAvailable': True, 'updateTime': 0}, {'accountAlias': 'oCmYSgSgfWmYsR', 'asset': 'ETH', 'balance': '0.00000000', 'crossWalletBalance': '0.00000000', 'crossUnPnl': '0.00000000', 'availableBalance': '0.00000000', 'maxWithdrawAmount': '0.00000000', 'marginAvailable': True, 'updateTime': 0}, {'accountAlias': 'oCmYSgSgfWmYsR', 'asset': 'BTC', 'balance': '0.01000000', 'crossWalletBalance': '0.01000000', 'crossUnPnl': '0.00000000', 'availableBalance': '0.01000000', 'maxWithdrawAmount': '0.01000000', 'marginAvailable': True, 'updateTime': 1776777601189}, {'accountAlias': 'oCmYSgSgfWmYsR', 'asset': 'USDT', 'balance': '4973.71253575', 'crossWalletBalance': '4973.71253575', 'crossUnPnl': '-136.10789672', 'availableBalance': '1053.27533532', 'maxWithdrawAmount': '1053.27533532', 'marginAvailable': True, 'updateTime': 1776787201091}, {'accountAlias': 'oCmYSgSgfWmYsR', 'asset': 'USDC', 'balance': '5000.00000000', 'crossWalletBalance': '5000.00000000', 'crossUnPnl': '0.00000000', 'availableBalance': '5000.00000000', 'maxWithdrawAmount': '5000.00000000', 'marginAvailable': True, 'updateTime': 1776777601169}]
2026-04-21 21:46:20 | DEBUG    | bot.client | Response [200]: []
2026-04-21 21:47:17 | INFO     | bot.orders | Fetching USDT account balance
2026-04-21 21:47:17 | INFO     | bot.orders | Fetching open orders (symbol=ALL)
2026-04-21 21:47:17 | DEBUG    | bot.client | GET https://testnet.binancefuture.com/fapi/v2/balance | params: {'timestamp': 1776788237914, 'recvWindow': 5000}
2026-04-21 21:47:17 | DEBUG    | bot.client | GET https://testnet.binancefuture.com/fapi/v1/openOrders | params: {'timestamp': 1776788237914, 'recvWindow': 5000}
2026-04-21 21:47:18 | DEBUG    | bot.client | Response [200]: [{'accountAlias': 'oCmYSgSgfWmYsR', 'asset': 'FDUSD', 'balance': '0.00000000', 'crossWalletBalance': '0.00000000', 'crossUnPnl': '0.00000000', 'availableBalance': '0.00000000', 'maxWithdrawAmount': '0.00000000', 'marginAvailable': True, 'updateTime': 0}, {'accountAlias': 'oCmYSgSgfWmYsR', 'asset': 'BNB', 'balance': '0.00000000', 'crossWalletBalance': '0.00000000', 'crossUnPnl': '0.00000000', 'availableBalance': '0.00000000', 'maxWithdrawAmount': '0.00000000', 'marginAvailable': True, 'updateTime': 0}, {'accountAlias': 'oCmYSgSgfWmYsR', 'asset': 'ETH', 'balance': '0.00000000', 'crossWalletBalance': '0.00000000', 'crossUnPnl': '0.00000000', 'availableBalance': '0.00000000', 'maxWithdrawAmount': '0.00000000', 'marginAvailable': True, 'updateTime': 0}, {'accountAlias': 'oCmYSgSgfWmYsR', 'asset': 'BTC', 'balance': '0.01000000', 'crossWalletBalance': '0.01000000', 'crossUnPnl': '0.00000000', 'availableBalance': '0.01000000', 'maxWithdrawAmount': '0.01000000', 'marginAvailable': True, 'updateTime': 1776777601189}, {'accountAlias': 'oCmYSgSgfWmYsR', 'asset': 'USDT', 'balance': '4973.71253575', 'crossWalletBalance': '4973.71253575', 'crossUnPnl': '-224.05632167', 'availableBalance': '1041.74581408', 'maxWithdrawAmount': '1041.74581408', 'marginAvailable': True, 'updateTime': 1776787201091}, {'accountAlias': 'oCmYSgSgfWmYsR', 'asset': 'USDC', 'balance': '5000.00000000', 'crossWalletBalance': '5000.00000000', 'crossUnPnl': '0.00000000', 'availableBalance': '5000.00000000', 'maxWithdrawAmount': '5000.00000000', 'marginAvailable': True, 'updateTime': 1776777601169}]
2026-04-21 21:47:19 | INFO     | bot.orders | Fetching USDT account balance
2026-04-21 21:47:19 | DEBUG    | bot.client | GET https://testnet.binancefuture.com/fapi/v2/balance | params: {'timestamp': 1776788239599, 'recvWindow': 5000}
2026-04-21 21:47:19 | DEBUG    | bot.client | Response [200]: []
2026-04-21 21:47:19 | INFO     | bot.orders | Fetching open orders (symbol=ALL)
2026-04-21 21:47:19 | DEBUG    | bot.client | GET https://testnet.binancefuture.com/fapi/v1/openOrders | params: {'timestamp': 1776788239739, 'recvWindow': 5000}
2026-04-21 21:47:20 | DEBUG    | bot.client | Response [200]: [{'accountAlias': 'oCmYSgSgfWmYsR', 'asset': 'FDUSD', 'balance': '0.00000000', 'crossWalletBalance': '0.00000000', 'crossUnPnl': '0.00000000', 'availableBalance': '0.00000000', 'maxWithdrawAmount': '0.00000000', 'marginAvailable': True, 'updateTime': 0}, {'accountAlias': 'oCmYSgSgfWmYsR', 'asset': 'BNB', 'balance': '0.00000000', 'crossWalletBalance': '0.00000000', 'crossUnPnl': '0.00000000', 'availableBalance': '0.00000000', 'maxWithdrawAmount': '0.00000000', 'marginAvailable': True, 'updateTime': 0}, {'accountAlias': 'oCmYSgSgfWmYsR', 'asset': 'ETH', 'balance': '0.00000000', 'crossWalletBalance': '0.00000000', 'crossUnPnl': '0.00000000', 'availableBalance': '0.00000000', 'maxWithdrawAmount': '0.00000000', 'marginAvailable': True, 'updateTime': 0}, {'accountAlias': 'oCmYSgSgfWmYsR', 'asset': 'BTC', 'balance': '0.01000000', 'crossWalletBalance': '0.01000000', 'crossUnPnl': '0.00000000', 'availableBalance': '0.01000000', 'maxWithdrawAmount': '0.01000000', 'marginAvailable': True, 'updateTime': 1776777601189}, {'accountAlias': 'oCmYSgSgfWmYsR', 'asset': 'USDT', 'balance': '4973.71253575', 'crossWalletBalance': '4973.71253575', 'crossUnPnl': '-219.26902167', 'availableBalance': '1046.77247908', 'maxWithdrawAmount': '1046.77247908', 'marginAvailable': True, 'updateTime': 1776787201091}, {'accountAlias': 'oCmYSgSgfWmYsR', 'asset': 'USDC', 'balance': '5000.00000000', 'crossWalletBalance': '5000.00000000', 'crossUnPnl': '0.00000000', 'availableBalance': '5000.00000000', 'maxWithdrawAmount': '5000.00000000', 'marginAvailable': True, 'updateTime': 1776777601169}]
2026-04-21 21:47:20 | DEBUG    | bot.client | Response [200]: []
2026-04-21 21:48:18 | INFO     | bot.orders | Fetching USDT account balance
2026-04-21 21:48:18 | DEBUG    | bot.client | GET https://testnet.binancefuture.com/fapi/v2/balance | params: {'timestamp': 1776788298907, 'recvWindow': 5000}
2026-04-21 21:48:18 | DEBUG    | bot.client | GET https://testnet.binancefuture.com/fapi/v1/openOrders | params: {'timestamp': 1776788298907, 'recvWindow': 5000}
2026-04-21 21:48:19 | DEBUG    | bot.client | Response [200]: [{'accountAlias': 'oCmYSgSgfWmYsR', 'asset': 'FDUSD', 'balance': '0.00000000', 'crossWalletBalance': '0.00000000', 'crossUnPnl': '0.00000000', 'availableBalance': '0.00000000', 'maxWithdrawAmount': '0.00000000', 'marginAvailable': True, 'updateTime': 0}, {'accountAlias': 'oCmYSgSgfWmYsR', 'asset': 'BNB', 'balance': '0.00000000', 'crossWalletBalance': '0.00000000', 'crossUnPnl': '0.00000000', 'availableBalance': '0.00000000', 'maxWithdrawAmount': '0.00000000', 'marginAvailable': True, 'updateTime': 0}, {'accountAlias': 'oCmYSgSgfWmYsR', 'asset': 'ETH', 'balance': '0.00000000', 'crossWalletBalance': '0.00000000', 'crossUnPnl': '0.00000000', 'availableBalance': '0.00000000', 'maxWithdrawAmount': '0.00000000', 'marginAvailable': True, 'updateTime': 0}, {'accountAlias': 'oCmYSgSgfWmYsR', 'asset': 'BTC', 'balance': '0.01000000', 'crossWalletBalance': '0.01000000', 'crossUnPnl': '0.00000000', 'availableBalance': '0.01000000', 'maxWithdrawAmount': '0.01000000', 'marginAvailable': True, 'updateTime': 1776777601189}, {'accountAlias': 'oCmYSgSgfWmYsR', 'asset': 'USDT', 'balance': '4973.71253575', 'crossWalletBalance': '4973.71253575', 'crossUnPnl': '-241.93542167', 'availableBalance': '1022.97275908', 'maxWithdrawAmount': '1022.97275908', 'marginAvailable': True, 'updateTime': 1776787201091}, {'accountAlias': 'oCmYSgSgfWmYsR', 'asset': 'USDC', 'balance': '5000.00000000', 'crossWalletBalance': '5000.00000000', 'crossUnPnl': '0.00000000', 'availableBalance': '5000.00000000', 'maxWithdrawAmount': '5000.00000000', 'marginAvailable': True, 'updateTime': 1776777601169}]
2026-04-21 21:48:19 | INFO     | bot.orders | Fetching USDT account balance
2026-04-21 21:48:19 | DEBUG    | bot.client | GET https://testnet.binancefuture.com/fapi/v2/balance | params: {'timestamp': 1776788299877, 'recvWindow': 5000}
2026-04-21 21:48:19 | DEBUG    | bot.client | Response [200]: []
2026-04-21 21:48:19 | INFO     | bot.orders | Fetching open orders (symbol=ALL)
2026-04-21 21:48:19 | DEBUG    | bot.client | GET https://testnet.binancefuture.com/fapi/v1/openOrders | params: {'timestamp': 1776788299986, 'recvWindow': 5000}
2026-04-21 21:48:20 | DEBUG    | bot.client | Response [200]: []
2026-04-21 21:48:20 | DEBUG    | bot.client | Response [200]: [{'accountAlias': 'oCmYSgSgfWmYsR', 'asset': 'FDUSD', 'balance': '0.00000000', 'crossWalletBalance': '0.00000000', 'crossUnPnl': '0.00000000', 'availableBalance': '0.00000000', 'maxWithdrawAmount': '0.00000000', 'marginAvailable': True, 'updateTime': 0}, {'accountAlias': 'oCmYSgSgfWmYsR', 'asset': 'BNB', 'balance': '0.00000000', 'crossWalletBalance': '0.00000000', 'crossUnPnl': '0.00000000', 'availableBalance': '0.00000000', 'maxWithdrawAmount': '0.00000000', 'marginAvailable': True, 'updateTime': 0}, {'accountAlias': 'oCmYSgSgfWmYsR', 'asset': 'ETH', 'balance': '0.00000000', 'crossWalletBalance': '0.00000000', 'crossUnPnl': '0.00000000', 'availableBalance': '0.00000000', 'maxWithdrawAmount': '0.00000000', 'marginAvailable': True, 'updateTime': 0}, {'accountAlias': 'oCmYSgSgfWmYsR', 'asset': 'BTC', 'balance': '0.01000000', 'crossWalletBalance': '0.01000000', 'crossUnPnl': '0.00000000', 'availableBalance': '0.01000000', 'maxWithdrawAmount': '0.01000000', 'marginAvailable': True, 'updateTime': 1776777601189}, {'accountAlias': 'oCmYSgSgfWmYsR', 'asset': 'USDT', 'balance': '4973.71253575', 'crossWalletBalance': '4973.71253575', 'crossUnPnl': '-251.71434210', 'availableBalance': '1012.70489262', 'maxWithdrawAmount': '1012.70489262', 'marginAvailable': True, 'updateTime': 1776787201091}, {'accountAlias': 'oCmYSgSgfWmYsR', 'asset': 'USDC', 'balance': '5000.00000000', 'crossWalletBalance': '5000.00000000', 'crossUnPnl': '0.00000000', 'availableBalance': '5000.00000000', 'maxWithdrawAmount': '5000.00000000', 'marginAvailable': True, 'updateTime': 1776777601169}]
2026-04-21 21:49:19 | INFO     | bot.orders | Fetching USDT account balance
2026-04-21 21:49:19 | DEBUG    | bot.client | GET https://testnet.binancefuture.com/fapi/v2/balance | params: {'timestamp': 1776788359912, 'recvWindow': 5000}
2026-04-21 21:49:19 | INFO     | bot.orders | Fetching open orders (symbol=ALL)
2026-04-21 21:49:19 | DEBUG    | bot.client | GET https://testnet.binancefuture.com/fapi/v1/openOrders | params: {'timestamp': 1776788359913, 'recvWindow': 5000}
2026-04-21 21:49:20 | DEBUG    | bot.client | Response [200]: []
2026-04-21 21:49:20 | INFO     | bot.orders | Fetching open orders (symbol=ALL)
2026-04-21 21:49:20 | DEBUG    | bot.client | GET https://testnet.binancefuture.com/fapi/v1/openOrders | params: {'timestamp': 1776788360859, 'recvWindow': 5000}
2026-04-21 21:49:21 | DEBUG    | bot.client | Response [200]: [{'accountAlias': 'oCmYSgSgfWmYsR', 'asset': 'FDUSD', 'balance': '0.00000000', 'crossWalletBalance': '0.00000000', 'crossUnPnl': '0.00000000', 'availableBalance': '0.00000000', 'maxWithdrawAmount': '0.00000000', 'marginAvailable': True, 'updateTime': 0}, {'accountAlias': 'oCmYSgSgfWmYsR', 'asset': 'BNB', 'balance': '0.00000000', 'crossWalletBalance': '0.00000000', 'crossUnPnl': '0.00000000', 'availableBalance': '0.00000000', 'maxWithdrawAmount': '0.00000000', 'marginAvailable': True, 'updateTime': 0}, {'accountAlias': 'oCmYSgSgfWmYsR', 'asset': 'ETH', 'balance': '0.00000000', 'crossWalletBalance': '0.00000000', 'crossUnPnl': '0.00000000', 'availableBalance': '0.00000000', 'maxWithdrawAmount': '0.00000000', 'marginAvailable': True, 'updateTime': 0}, {'accountAlias': 'oCmYSgSgfWmYsR', 'asset': 'BTC', 'balance': '0.01000000', 'crossWalletBalance': '0.01000000', 'crossUnPnl': '0.00000000', 'availableBalance': '0.01000000', 'maxWithdrawAmount': '0.01000000', 'marginAvailable': True, 'updateTime': 1776777601189}, {'accountAlias': 'oCmYSgSgfWmYsR', 'asset': 'USDT', 'balance': '4973.71253575', 'crossWalletBalance': '4973.71253575', 'crossUnPnl': '-248.48132167', 'availableBalance': '1016.09956408', 'maxWithdrawAmount': '1016.09956408', 'marginAvailable': True, 'updateTime': 1776787201091}, {'accountAlias': 'oCmYSgSgfWmYsR', 'asset': 'USDC', 'balance': '5000.00000000', 'crossWalletBalance': '5000.00000000', 'crossUnPnl': '0.00000000', 'availableBalance': '5000.00000000', 'maxWithdrawAmount': '5000.00000000', 'marginAvailable': True, 'updateTime': 1776777601169}]
2026-04-21 21:49:21 | INFO     | bot.orders | Fetching USDT account balance
2026-04-21 21:49:21 | DEBUG    | bot.client | GET https://testnet.binancefuture.com/fapi/v2/balance | params: {'timestamp': 1776788361074, 'recvWindow': 5000}
2026-04-21 21:49:21 | DEBUG    | bot.client | Response [200]: []
2026-04-21 21:49:21 | DEBUG    | bot.client | Response [200]: [{'accountAlias': 'oCmYSgSgfWmYsR', 'asset': 'FDUSD', 'balance': '0.00000000', 'crossWalletBalance': '0.00000000', 'crossUnPnl': '0.00000000', 'availableBalance': '0.00000000', 'maxWithdrawAmount': '0.00000000', 'marginAvailable': True, 'updateTime': 0}, {'accountAlias': 'oCmYSgSgfWmYsR', 'asset': 'BNB', 'balance': '0.00000000', 'crossWalletBalance': '0.00000000', 'crossUnPnl': '0.00000000', 'availableBalance': '0.00000000', 'maxWithdrawAmount': '0.00000000', 'marginAvailable': True, 'updateTime': 0}, {'accountAlias': 'oCmYSgSgfWmYsR', 'asset': 'ETH', 'balance': '0.00000000', 'crossWalletBalance': '0.00000000', 'crossUnPnl': '0.00000000', 'availableBalance': '0.00000000', 'maxWithdrawAmount': '0.00000000', 'marginAvailable': True, 'updateTime': 0}, {'accountAlias': 'oCmYSgSgfWmYsR', 'asset': 'BTC', 'balance': '0.01000000', 'crossWalletBalance': '0.01000000', 'crossUnPnl': '0.00000000', 'availableBalance': '0.01000000', 'maxWithdrawAmount': '0.01000000', 'marginAvailable': True, 'updateTime': 1776777601189}, {'accountAlias': 'oCmYSgSgfWmYsR', 'asset': 'USDT', 'balance': '4973.71253575', 'crossWalletBalance': '4973.71253575', 'crossUnPnl': '-249.36062167', 'availableBalance': '1015.17629908', 'maxWithdrawAmount': '1015.17629908', 'marginAvailable': True, 'updateTime': 1776787201091}, {'accountAlias': 'oCmYSgSgfWmYsR', 'asset': 'USDC', 'balance': '5000.00000000', 'crossWalletBalance': '5000.00000000', 'crossUnPnl': '0.00000000', 'availableBalance': '5000.00000000', 'maxWithdrawAmount': '5000.00000000', 'marginAvailable': True, 'updateTime': 1776777601169}]
2026-04-21 21:50:19 | INFO     | bot.orders | Fetching USDT account balance
2026-04-21 21:50:19 | INFO     | bot.orders | Fetching open orders (symbol=ALL)
2026-04-21 21:50:19 | DEBUG    | bot.client | GET https://testnet.binancefuture.com/fapi/v2/balance | params: {'timestamp': 1776788419914, 'recvWindow': 5000}
2026-04-21 21:50:19 | DEBUG    | bot.client | GET https://testnet.binancefuture.com/fapi/v1/openOrders | params: {'timestamp': 1776788419914, 'recvWindow': 5000}
2026-04-21 21:50:20 | DEBUG    | bot.client | Response [200]: []
2026-04-21 21:50:20 | INFO     | bot.orders | Fetching open orders (symbol=ALL)
2026-04-21 21:50:20 | DEBUG    | bot.client | GET https://testnet.binancefuture.com/fapi/v1/openOrders | params: {'timestamp': 1776788420770, 'recvWindow': 5000}
2026-04-21 21:50:20 | DEBUG    | bot.client | Response [200]: [{'accountAlias': 'oCmYSgSgfWmYsR', 'asset': 'FDUSD', 'balance': '0.00000000', 'crossWalletBalance': '0.00000000', 'crossUnPnl': '0.00000000', 'availableBalance': '0.00000000', 'maxWithdrawAmount': '0.00000000', 'marginAvailable': True, 'updateTime': 0}, {'accountAlias': 'oCmYSgSgfWmYsR', 'asset': 'BNB', 'balance': '0.00000000', 'crossWalletBalance': '0.00000000', 'crossUnPnl': '0.00000000', 'availableBalance': '0.00000000', 'maxWithdrawAmount': '0.00000000', 'marginAvailable': True, 'updateTime': 0}, {'accountAlias': 'oCmYSgSgfWmYsR', 'asset': 'ETH', 'balance': '0.00000000', 'crossWalletBalance': '0.00000000', 'crossUnPnl': '0.00000000', 'availableBalance': '0.00000000', 'maxWithdrawAmount': '0.00000000', 'marginAvailable': True, 'updateTime': 0}, {'accountAlias': 'oCmYSgSgfWmYsR', 'asset': 'BTC', 'balance': '0.01000000', 'crossWalletBalance': '0.01000000', 'crossUnPnl': '0.00000000', 'availableBalance': '0.01000000', 'maxWithdrawAmount': '0.01000000', 'marginAvailable': True, 'updateTime': 1776777601189}, {'accountAlias': 'oCmYSgSgfWmYsR', 'asset': 'USDT', 'balance': '4973.71253575', 'crossWalletBalance': '4973.71253575', 'crossUnPnl': '-221.20624276', 'availableBalance': '1031.23901802', 'maxWithdrawAmount': '1031.23901802', 'marginAvailable': True, 'updateTime': 1776787201091}, {'accountAlias': 'oCmYSgSgfWmYsR', 'asset': 'USDC', 'balance': '5000.00000000', 'crossWalletBalance': '5000.00000000', 'crossUnPnl': '0.00000000', 'availableBalance': '5000.00000000', 'maxWithdrawAmount': '5000.00000000', 'marginAvailable': True, 'updateTime': 1776777601169}]
2026-04-21 21:50:20 | INFO     | bot.orders | Fetching USDT account balance
2026-04-21 21:50:20 | DEBUG    | bot.client | GET https://testnet.binancefuture.com/fapi/v2/balance | params: {'timestamp': 1776788420786, 'recvWindow': 5000}
2026-04-21 21:50:21 | DEBUG    | bot.client | Response [200]: [{'accountAlias': 'oCmYSgSgfWmYsR', 'asset': 'FDUSD', 'balance': '0.00000000', 'crossWalletBalance': '0.00000000', 'crossUnPnl': '0.00000000', 'availableBalance': '0.00000000', 'maxWithdrawAmount': '0.00000000', 'marginAvailable': True, 'updateTime': 0}, {'accountAlias': 'oCmYSgSgfWmYsR', 'asset': 'BNB', 'balance': '0.00000000', 'crossWalletBalance': '0.00000000', 'crossUnPnl': '0.00000000', 'availableBalance': '0.00000000', 'maxWithdrawAmount': '0.00000000', 'marginAvailable': True, 'updateTime': 0}, {'accountAlias': 'oCmYSgSgfWmYsR', 'asset': 'ETH', 'balance': '0.00000000', 'crossWalletBalance': '0.00000000', 'crossUnPnl': '0.00000000', 'availableBalance': '0.00000000', 'maxWithdrawAmount': '0.00000000', 'marginAvailable': True, 'updateTime': 0}, {'accountAlias': 'oCmYSgSgfWmYsR', 'asset': 'BTC', 'balance': '0.01000000', 'crossWalletBalance': '0.01000000', 'crossUnPnl': '0.00000000', 'availableBalance': '0.01000000', 'maxWithdrawAmount': '0.01000000', 'marginAvailable': True, 'updateTime': 1776777601189}, {'accountAlias': 'oCmYSgSgfWmYsR', 'asset': 'USDT', 'balance': '4973.71253575', 'crossWalletBalance': '4973.71253575', 'crossUnPnl': '-219.84396493', 'availableBalance': '1031.30713191', 'maxWithdrawAmount': '1031.30713191', 'marginAvailable': True, 'updateTime': 1776787201091}, {'accountAlias': 'oCmYSgSgfWmYsR', 'asset': 'USDC', 'balance': '5000.00000000', 'crossWalletBalance': '5000.00000000', 'crossUnPnl': '0.00000000', 'availableBalance': '5000.00000000', 'maxWithdrawAmount': '5000.00000000', 'marginAvailable': True, 'updateTime': 1776777601169}]
2026-04-21 21:50:21 | DEBUG    | bot.client | Response [200]: []
2026-04-21 21:51:19 | INFO     | bot.orders | Fetching USDT account balance
2026-04-21 21:51:19 | INFO     | bot.orders | Fetching open orders (symbol=ALL)
2026-04-21 21:51:19 | DEBUG    | bot.client | GET https://testnet.binancefuture.com/fapi/v2/balance | params: {'timestamp': 1776788479918, 'recvWindow': 5000}
2026-04-21 21:51:19 | DEBUG    | bot.client | GET https://testnet.binancefuture.com/fapi/v1/openOrders | params: {'timestamp': 1776788479919, 'recvWindow': 5000}
2026-04-21 21:51:20 | DEBUG    | bot.client | Response [200]: []
2026-04-21 21:51:20 | INFO     | bot.orders | Fetching open orders (symbol=ALL)
2026-04-21 21:51:20 | DEBUG    | bot.client | GET https://testnet.binancefuture.com/fapi/v1/openOrders | params: {'timestamp': 1776788480747, 'recvWindow': 5000}
2026-04-21 21:51:20 | DEBUG    | bot.client | Response [200]: [{'accountAlias': 'oCmYSgSgfWmYsR', 'asset': 'FDUSD', 'balance': '0.00000000', 'crossWalletBalance': '0.00000000', 'crossUnPnl': '0.00000000', 'availableBalance': '0.00000000', 'maxWithdrawAmount': '0.00000000', 'marginAvailable': True, 'updateTime': 0}, {'accountAlias': 'oCmYSgSgfWmYsR', 'asset': 'BNB', 'balance': '0.00000000', 'crossWalletBalance': '0.00000000', 'crossUnPnl': '0.00000000', 'availableBalance': '0.00000000', 'maxWithdrawAmount': '0.00000000', 'marginAvailable': True, 'updateTime': 0}, {'accountAlias': 'oCmYSgSgfWmYsR', 'asset': 'ETH', 'balance': '0.00000000', 'crossWalletBalance': '0.00000000', 'crossUnPnl': '0.00000000', 'availableBalance': '0.00000000', 'maxWithdrawAmount': '0.00000000', 'marginAvailable': True, 'updateTime': 0}, {'accountAlias': 'oCmYSgSgfWmYsR', 'asset': 'BTC', 'balance': '0.01000000', 'crossWalletBalance': '0.01000000', 'crossUnPnl': '0.00000000', 'availableBalance': '0.01000000', 'maxWithdrawAmount': '0.01000000', 'marginAvailable': True, 'updateTime': 1776777601189}, {'accountAlias': 'oCmYSgSgfWmYsR', 'asset': 'USDT', 'balance': '4973.71253575', 'crossWalletBalance': '4973.71253575', 'crossUnPnl': '-194.06242167', 'availableBalance': '1032.69390908', 'maxWithdrawAmount': '1032.69390908', 'marginAvailable': True, 'updateTime': 1776787201091}, {'accountAlias': 'oCmYSgSgfWmYsR', 'asset': 'USDC', 'balance': '5000.00000000', 'crossWalletBalance': '5000.00000000', 'crossUnPnl': '0.00000000', 'availableBalance': '5000.00000000', 'maxWithdrawAmount': '5000.00000000', 'marginAvailable': True, 'updateTime': 1776777601169}]
2026-04-21 21:51:20 | INFO     | bot.orders | Fetching USDT account balance
2026-04-21 21:51:20 | DEBUG    | bot.client | GET https://testnet.binancefuture.com/fapi/v2/balance | params: {'timestamp': 1776788480773, 'recvWindow': 5000}
2026-04-21 21:51:21 | DEBUG    | bot.client | Response [200]: []
2026-04-21 21:51:21 | DEBUG    | bot.client | Response [200]: [{'accountAlias': 'oCmYSgSgfWmYsR', 'asset': 'FDUSD', 'balance': '0.00000000', 'crossWalletBalance': '0.00000000', 'crossUnPnl': '0.00000000', 'availableBalance': '0.00000000', 'maxWithdrawAmount': '0.00000000', 'marginAvailable': True, 'updateTime': 0}, {'accountAlias': 'oCmYSgSgfWmYsR', 'asset': 'BNB', 'balance': '0.00000000', 'crossWalletBalance': '0.00000000', 'crossUnPnl': '0.00000000', 'availableBalance': '0.00000000', 'maxWithdrawAmount': '0.00000000', 'marginAvailable': True, 'updateTime': 0}, {'accountAlias': 'oCmYSgSgfWmYsR', 'asset': 'ETH', 'balance': '0.00000000', 'crossWalletBalance': '0.00000000', 'crossUnPnl': '0.00000000', 'availableBalance': '0.00000000', 'maxWithdrawAmount': '0.00000000', 'marginAvailable': True, 'updateTime': 0}, {'accountAlias': 'oCmYSgSgfWmYsR', 'asset': 'BTC', 'balance': '0.01000000', 'crossWalletBalance': '0.01000000', 'crossUnPnl': '0.00000000', 'availableBalance': '0.01000000', 'maxWithdrawAmount': '0.01000000', 'marginAvailable': True, 'updateTime': 1776777601189}, {'accountAlias': 'oCmYSgSgfWmYsR', 'asset': 'USDT', 'balance': '4973.71253575', 'crossWalletBalance': '4973.71253575', 'crossUnPnl': '-194.16012167', 'availableBalance': '1032.68902408', 'maxWithdrawAmount': '1032.68902408', 'marginAvailable': True, 'updateTime': 1776787201091}, {'accountAlias': 'oCmYSgSgfWmYsR', 'asset': 'USDC', 'balance': '5000.00000000', 'crossWalletBalance': '5000.00000000', 'crossUnPnl': '0.00000000', 'availableBalance': '5000.00000000', 'maxWithdrawAmount': '5000.00000000', 'marginAvailable': True, 'updateTime': 1776777601169}]
2026-04-21 21:52:19 | INFO     | bot.orders | Fetching USDT account balance
2026-04-21 21:52:19 | INFO     | bot.orders | Fetching open orders (symbol=ALL)
2026-04-21 21:52:19 | DEBUG    | bot.client | GET https://testnet.binancefuture.com/fapi/v2/balance | params: {'timestamp': 1776788539917, 'recvWindow': 5000}
2026-04-21 21:52:19 | DEBUG    | bot.client | GET https://testnet.binancefuture.com/fapi/v1/openOrders | params: {'timestamp': 1776788539918, 'recvWindow': 5000}
2026-04-21 21:52:20 | DEBUG    | bot.client | Response [200]: [{'accountAlias': 'oCmYSgSgfWmYsR', 'asset': 'FDUSD', 'balance': '0.00000000', 'crossWalletBalance': '0.00000000', 'crossUnPnl': '0.00000000', 'availableBalance': '0.00000000', 'maxWithdrawAmount': '0.00000000', 'marginAvailable': True, 'updateTime': 0}, {'accountAlias': 'oCmYSgSgfWmYsR', 'asset': 'BNB', 'balance': '0.00000000', 'crossWalletBalance': '0.00000000', 'crossUnPnl': '0.00000000', 'availableBalance': '0.00000000', 'maxWithdrawAmount': '0.00000000', 'marginAvailable': True, 'updateTime': 0}, {'accountAlias': 'oCmYSgSgfWmYsR', 'asset': 'ETH', 'balance': '0.00000000', 'crossWalletBalance': '0.00000000', 'crossUnPnl': '0.00000000', 'availableBalance': '0.00000000', 'maxWithdrawAmount': '0.00000000', 'marginAvailable': True, 'updateTime': 0}, {'accountAlias': 'oCmYSgSgfWmYsR', 'asset': 'BTC', 'balance': '0.01000000', 'crossWalletBalance': '0.01000000', 'crossUnPnl': '0.00000000', 'availableBalance': '0.01000000', 'maxWithdrawAmount': '0.01000000', 'marginAvailable': True, 'updateTime': 1776777601189}, {'accountAlias': 'oCmYSgSgfWmYsR', 'asset': 'USDT', 'balance': '4973.71253575', 'crossWalletBalance': '4973.71253575', 'crossUnPnl': '-235.19412167', 'availableBalance': '1030.05112408', 'maxWithdrawAmount': '1030.05112408', 'marginAvailable': True, 'updateTime': 1776787201091}, {'accountAlias': 'oCmYSgSgfWmYsR', 'asset': 'USDC', 'balance': '5000.00000000', 'crossWalletBalance': '5000.00000000', 'crossUnPnl': '0.00000000', 'availableBalance': '5000.00000000', 'maxWithdrawAmount': '5000.00000000', 'marginAvailable': True, 'updateTime': 1776777601169}]
2026-04-21 21:52:20 | INFO     | bot.orders | Fetching USDT account balance
2026-04-21 21:52:20 | DEBUG    | bot.client | GET https://testnet.binancefuture.com/fapi/v2/balance | params: {'timestamp': 1776788540848, 'recvWindow': 5000}
2026-04-21 21:52:20 | DEBUG    | bot.client | Response [200]: []
2026-04-21 21:52:20 | INFO     | bot.orders | Fetching open orders (symbol=ALL)
2026-04-21 21:52:20 | DEBUG    | bot.client | GET https://testnet.binancefuture.com/fapi/v1/openOrders | params: {'timestamp': 1776788540993, 'recvWindow': 5000}
2026-04-21 21:52:21 | DEBUG    | bot.client | Response [200]: [{'accountAlias': 'oCmYSgSgfWmYsR', 'asset': 'FDUSD', 'balance': '0.00000000', 'crossWalletBalance': '0.00000000', 'crossUnPnl': '0.00000000', 'availableBalance': '0.00000000', 'maxWithdrawAmount': '0.00000000', 'marginAvailable': True, 'updateTime': 0}, {'accountAlias': 'oCmYSgSgfWmYsR', 'asset': 'BNB', 'balance': '0.00000000', 'crossWalletBalance': '0.00000000', 'crossUnPnl': '0.00000000', 'availableBalance': '0.00000000', 'maxWithdrawAmount': '0.00000000', 'marginAvailable': True, 'updateTime': 0}, {'accountAlias': 'oCmYSgSgfWmYsR', 'asset': 'ETH', 'balance': '0.00000000', 'crossWalletBalance': '0.00000000', 'crossUnPnl': '0.00000000', 'availableBalance': '0.00000000', 'maxWithdrawAmount': '0.00000000', 'marginAvailable': True, 'updateTime': 0}, {'accountAlias': 'oCmYSgSgfWmYsR', 'asset': 'BTC', 'balance': '0.01000000', 'crossWalletBalance': '0.01000000', 'crossUnPnl': '0.00000000', 'availableBalance': '0.01000000', 'maxWithdrawAmount': '0.01000000', 'marginAvailable': True, 'updateTime': 1776777601189}, {'accountAlias': 'oCmYSgSgfWmYsR', 'asset': 'USDT', 'balance': '4973.71253575', 'crossWalletBalance': '4973.71253575', 'crossUnPnl': '-233.63092167', 'availableBalance': '1030.52008408', 'maxWithdrawAmount': '1030.52008408', 'marginAvailable': True, 'updateTime': 1776787201091}, {'accountAlias': 'oCmYSgSgfWmYsR', 'asset': 'USDC', 'balance': '5000.00000000', 'crossWalletBalance': '5000.00000000', 'crossUnPnl': '0.00000000', 'availableBalance': '5000.00000000', 'maxWithdrawAmount': '5000.00000000', 'marginAvailable': True, 'updateTime': 1776777601169}]
2026-04-21 21:52:21 | DEBUG    | bot.client | Response [200]: []
2026-04-21 21:52:23 | INFO     | bot.orders | Fetching open orders (symbol=ALL)
2026-04-21 21:52:23 | INFO     | bot.orders | Fetching USDT account balance
2026-04-21 21:52:23 | DEBUG    | bot.client | GET https://testnet.binancefuture.com/fapi/v1/openOrders | params: {'timestamp': 1776788543196, 'recvWindow': 5000}
2026-04-21 21:52:23 | DEBUG    | bot.client | GET https://testnet.binancefuture.com/fapi/v2/balance | params: {'timestamp': 1776788543197, 'recvWindow': 5000}
2026-04-21 21:52:24 | DEBUG    | bot.client | Response [200]: []
2026-04-21 21:52:24 | DEBUG    | bot.client | Response [200]: [{'accountAlias': 'oCmYSgSgfWmYsR', 'asset': 'FDUSD', 'balance': '0.00000000', 'crossWalletBalance': '0.00000000', 'crossUnPnl': '0.00000000', 'availableBalance': '0.00000000', 'maxWithdrawAmount': '0.00000000', 'marginAvailable': True, 'updateTime': 0}, {'accountAlias': 'oCmYSgSgfWmYsR', 'asset': 'BNB', 'balance': '0.00000000', 'crossWalletBalance': '0.00000000', 'crossUnPnl': '0.00000000', 'availableBalance': '0.00000000', 'maxWithdrawAmount': '0.00000000', 'marginAvailable': True, 'updateTime': 0}, {'accountAlias': 'oCmYSgSgfWmYsR', 'asset': 'ETH', 'balance': '0.00000000', 'crossWalletBalance': '0.00000000', 'crossUnPnl': '0.00000000', 'availableBalance': '0.00000000', 'maxWithdrawAmount': '0.00000000', 'marginAvailable': True, 'updateTime': 0}, {'accountAlias': 'oCmYSgSgfWmYsR', 'asset': 'BTC', 'balance': '0.01000000', 'crossWalletBalance': '0.01000000', 'crossUnPnl': '0.00000000', 'availableBalance': '0.01000000', 'maxWithdrawAmount': '0.01000000', 'marginAvailable': True, 'updateTime': 1776777601189}, {'accountAlias': 'oCmYSgSgfWmYsR', 'asset': 'USDT', 'balance': '4973.71253575', 'crossWalletBalance': '4973.71253575', 'crossUnPnl': '-243.49862167', 'availableBalance': '1021.33139908', 'maxWithdrawAmount': '1021.33139908', 'marginAvailable': True, 'updateTime': 1776787201091}, {'accountAlias': 'oCmYSgSgfWmYsR', 'asset': 'USDC', 'balance': '5000.00000000', 'crossWalletBalance': '5000.00000000', 'crossUnPnl': '0.00000000', 'availableBalance': '5000.00000000', 'maxWithdrawAmount': '5000.00000000', 'marginAvailable': True, 'updateTime': 1776777601169}]
2026-04-21 21:52:28 | INFO     | bot.orders | Fetching open orders (symbol=ALL)
2026-04-21 21:52:28 | DEBUG    | bot.client | GET https://testnet.binancefuture.com/fapi/v1/openOrders | params: {'timestamp': 1776788548194, 'recvWindow': 5000}
2026-04-21 21:52:28 | INFO     | bot.orders | Fetching USDT account balance
2026-04-21 21:52:28 | DEBUG    | bot.client | GET https://testnet.binancefuture.com/fapi/v2/balance | params: {'timestamp': 1776788548195, 'recvWindow': 5000}
2026-04-21 21:52:29 | DEBUG    | bot.client | Response [200]: []
2026-04-21 21:52:30 | DEBUG    | bot.client | Response [200]: [{'accountAlias': 'oCmYSgSgfWmYsR', 'asset': 'FDUSD', 'balance': '0.00000000', 'crossWalletBalance': '0.00000000', 'crossUnPnl': '0.00000000', 'availableBalance': '0.00000000', 'maxWithdrawAmount': '0.00000000', 'marginAvailable': True, 'updateTime': 0}, {'accountAlias': 'oCmYSgSgfWmYsR', 'asset': 'BNB', 'balance': '0.00000000', 'crossWalletBalance': '0.00000000', 'crossUnPnl': '0.00000000', 'availableBalance': '0.00000000', 'maxWithdrawAmount': '0.00000000', 'marginAvailable': True, 'updateTime': 0}, {'accountAlias': 'oCmYSgSgfWmYsR', 'asset': 'ETH', 'balance': '0.00000000', 'crossWalletBalance': '0.00000000', 'crossUnPnl': '0.00000000', 'availableBalance': '0.00000000', 'maxWithdrawAmount': '0.00000000', 'marginAvailable': True, 'updateTime': 0}, {'accountAlias': 'oCmYSgSgfWmYsR', 'asset': 'BTC', 'balance': '0.01000000', 'crossWalletBalance': '0.01000000', 'crossUnPnl': '0.00000000', 'availableBalance': '0.01000000', 'maxWithdrawAmount': '0.01000000', 'marginAvailable': True, 'updateTime': 1776777601189}, {'accountAlias': 'oCmYSgSgfWmYsR', 'asset': 'USDT', 'balance': '4973.71253575', 'crossWalletBalance': '4973.71253575', 'crossUnPnl': '-254.10744343', 'availableBalance': '1010.19213623', 'maxWithdrawAmount': '1010.19213623', 'marginAvailable': True, 'updateTime': 1776787201091}, {'accountAlias': 'oCmYSgSgfWmYsR', 'asset': 'USDC', 'balance': '5000.00000000', 'crossWalletBalance': '5000.00000000', 'crossUnPnl': '0.00000000', 'availableBalance': '5000.00000000', 'maxWithdrawAmount': '5000.00000000', 'marginAvailable': True, 'updateTime': 1776777601169}]
2026-04-21 21:52:33 | INFO     | bot.orders | Fetching open orders (symbol=ALL)
2026-04-21 21:52:33 | INFO     | bot.orders | Fetching USDT account balance
2026-04-21 21:52:33 | DEBUG    | bot.client | GET https://testnet.binancefuture.com/fapi/v1/openOrders | params: {'timestamp': 1776788553194, 'recvWindow': 5000}
2026-04-21 21:52:33 | DEBUG    | bot.client | GET https://testnet.binancefuture.com/fapi/v2/balance | params: {'timestamp': 1776788553195, 'recvWindow': 5000}
2026-04-21 21:52:34 | DEBUG    | bot.client | Response [200]: [{'accountAlias': 'oCmYSgSgfWmYsR', 'asset': 'FDUSD', 'balance': '0.00000000', 'crossWalletBalance': '0.00000000', 'crossUnPnl': '0.00000000', 'availableBalance': '0.00000000', 'maxWithdrawAmount': '0.00000000', 'marginAvailable': True, 'updateTime': 0}, {'accountAlias': 'oCmYSgSgfWmYsR', 'asset': 'BNB', 'balance': '0.00000000', 'crossWalletBalance': '0.00000000', 'crossUnPnl': '0.00000000', 'availableBalance': '0.00000000', 'maxWithdrawAmount': '0.00000000', 'marginAvailable': True, 'updateTime': 0}, {'accountAlias': 'oCmYSgSgfWmYsR', 'asset': 'ETH', 'balance': '0.00000000', 'crossWalletBalance': '0.00000000', 'crossUnPnl': '0.00000000', 'availableBalance': '0.00000000', 'maxWithdrawAmount': '0.00000000', 'marginAvailable': True, 'updateTime': 0}, {'accountAlias': 'oCmYSgSgfWmYsR', 'asset': 'BTC', 'balance': '0.01000000', 'crossWalletBalance': '0.01000000', 'crossUnPnl': '0.00000000', 'availableBalance': '0.01000000', 'maxWithdrawAmount': '0.01000000', 'marginAvailable': True, 'updateTime': 1776777601189}, {'accountAlias': 'oCmYSgSgfWmYsR', 'asset': 'USDT', 'balance': '4973.71253575', 'crossWalletBalance': '4973.71253575', 'crossUnPnl': '-252.58472167', 'availableBalance': '1011.79099408', 'maxWithdrawAmount': '1011.79099408', 'marginAvailable': True, 'updateTime': 1776787201091}, {'accountAlias': 'oCmYSgSgfWmYsR', 'asset': 'USDC', 'balance': '5000.00000000', 'crossWalletBalance': '5000.00000000', 'crossUnPnl': '0.00000000', 'availableBalance': '5000.00000000', 'maxWithdrawAmount': '5000.00000000', 'marginAvailable': True, 'updateTime': 1776777601169}]
2026-04-21 21:52:34 | DEBUG    | bot.client | Response [200]: []
2026-04-21 21:52:36 | INFO     | bot.orders | Fetching open orders (symbol=ALL)
2026-04-21 21:52:36 | INFO     | bot.orders | Fetching USDT account balance
2026-04-21 21:52:36 | DEBUG    | bot.client | GET https://testnet.binancefuture.com/fapi/v1/openOrders | params: {'timestamp': 1776788556126, 'recvWindow': 5000}
2026-04-21 21:52:36 | DEBUG    | bot.client | GET https://testnet.binancefuture.com/fapi/v2/balance | params: {'timestamp': 1776788556126, 'recvWindow': 5000}
2026-04-21 21:52:37 | DEBUG    | bot.client | Response [200]: []
2026-04-21 21:52:37 | DEBUG    | bot.client | Response [200]: [{'accountAlias': 'oCmYSgSgfWmYsR', 'asset': 'FDUSD', 'balance': '0.00000000', 'crossWalletBalance': '0.00000000', 'crossUnPnl': '0.00000000', 'availableBalance': '0.00000000', 'maxWithdrawAmount': '0.00000000', 'marginAvailable': True, 'updateTime': 0}, {'accountAlias': 'oCmYSgSgfWmYsR', 'asset': 'BNB', 'balance': '0.00000000', 'crossWalletBalance': '0.00000000', 'crossUnPnl': '0.00000000', 'availableBalance': '0.00000000', 'maxWithdrawAmount': '0.00000000', 'marginAvailable': True, 'updateTime': 0}, {'accountAlias': 'oCmYSgSgfWmYsR', 'asset': 'ETH', 'balance': '0.00000000', 'crossWalletBalance': '0.00000000', 'crossUnPnl': '0.00000000', 'availableBalance': '0.00000000', 'maxWithdrawAmount': '0.00000000', 'marginAvailable': True, 'updateTime': 0}, {'accountAlias': 'oCmYSgSgfWmYsR', 'asset': 'BTC', 'balance': '0.01000000', 'crossWalletBalance': '0.01000000', 'crossUnPnl': '0.00000000', 'availableBalance': '0.01000000', 'maxWithdrawAmount': '0.01000000', 'marginAvailable': True, 'updateTime': 1776777601189}, {'accountAlias': 'oCmYSgSgfWmYsR', 'asset': 'USDT', 'balance': '4973.71253575', 'crossWalletBalance': '4973.71253575', 'crossUnPnl': '-250.48041943', 'availableBalance': '1014.00051143', 'maxWithdrawAmount': '1014.00051143', 'marginAvailable': True, 'updateTime': 1776787201091}, {'accountAlias': 'oCmYSgSgfWmYsR', 'asset': 'USDC', 'balance': '5000.00000000', 'crossWalletBalance': '5000.00000000', 'crossUnPnl': '0.00000000', 'availableBalance': '5000.00000000', 'maxWithdrawAmount': '5000.00000000', 'marginAvailable': True, 'updateTime': 1776777601169}]
2026-04-21 21:52:38 | INFO     | bot.orders | Fetching open orders (symbol=ALL)
2026-04-21 21:52:38 | INFO     | bot.orders | Fetching USDT account balance
2026-04-21 21:52:38 | DEBUG    | bot.client | GET https://testnet.binancefuture.com/fapi/v1/openOrders | params: {'timestamp': 1776788558600, 'recvWindow': 5000}
2026-04-21 21:52:38 | DEBUG    | bot.client | GET https://testnet.binancefuture.com/fapi/v2/balance | params: {'timestamp': 1776788558601, 'recvWindow': 5000}
2026-04-21 21:52:39 | DEBUG    | bot.client | Response [200]: [{'accountAlias': 'oCmYSgSgfWmYsR', 'asset': 'FDUSD', 'balance': '0.00000000', 'crossWalletBalance': '0.00000000', 'crossUnPnl': '0.00000000', 'availableBalance': '0.00000000', 'maxWithdrawAmount': '0.00000000', 'marginAvailable': True, 'updateTime': 0}, {'accountAlias': 'oCmYSgSgfWmYsR', 'asset': 'BNB', 'balance': '0.00000000', 'crossWalletBalance': '0.00000000', 'crossUnPnl': '0.00000000', 'availableBalance': '0.00000000', 'maxWithdrawAmount': '0.00000000', 'marginAvailable': True, 'updateTime': 0}, {'accountAlias': 'oCmYSgSgfWmYsR', 'asset': 'ETH', 'balance': '0.00000000', 'crossWalletBalance': '0.00000000', 'crossUnPnl': '0.00000000', 'availableBalance': '0.00000000', 'maxWithdrawAmount': '0.00000000', 'marginAvailable': True, 'updateTime': 0}, {'accountAlias': 'oCmYSgSgfWmYsR', 'asset': 'BTC', 'balance': '0.01000000', 'crossWalletBalance': '0.01000000', 'crossUnPnl': '0.00000000', 'availableBalance': '0.01000000', 'maxWithdrawAmount': '0.01000000', 'marginAvailable': True, 'updateTime': 1776777601189}, {'accountAlias': 'oCmYSgSgfWmYsR', 'asset': 'USDT', 'balance': '4973.71253575', 'crossWalletBalance': '4973.71253575', 'crossUnPnl': '-250.86208660', 'availableBalance': '1013.59976090', 'maxWithdrawAmount': '1013.59976090', 'marginAvailable': True, 'updateTime': 1776787201091}, {'accountAlias': 'oCmYSgSgfWmYsR', 'asset': 'USDC', 'balance': '5000.00000000', 'crossWalletBalance': '5000.00000000', 'crossUnPnl': '0.00000000', 'availableBalance': '5000.00000000', 'maxWithdrawAmount': '5000.00000000', 'marginAvailable': True, 'updateTime': 1776777601169}]
2026-04-21 21:52:39 | DEBUG    | bot.client | Response [200]: []
2026-04-21 21:52:43 | INFO     | bot.orders | Fetching USDT account balance
2026-04-21 21:52:43 | INFO     | bot.orders | Fetching open orders (symbol=ALL)
2026-04-21 21:52:43 | DEBUG    | bot.client | GET https://testnet.binancefuture.com/fapi/v2/balance | params: {'timestamp': 1776788563194, 'recvWindow': 5000}
2026-04-21 21:52:43 | DEBUG    | bot.client | GET https://testnet.binancefuture.com/fapi/v1/openOrders | params: {'timestamp': 1776788563194, 'recvWindow': 5000}
2026-04-21 21:52:44 | DEBUG    | bot.client | Response [200]: []
2026-04-21 21:52:44 | DEBUG    | bot.client | Response [200]: [{'accountAlias': 'oCmYSgSgfWmYsR', 'asset': 'FDUSD', 'balance': '0.00000000', 'crossWalletBalance': '0.00000000', 'crossUnPnl': '0.00000000', 'availableBalance': '0.00000000', 'maxWithdrawAmount': '0.00000000', 'marginAvailable': True, 'updateTime': 0}, {'accountAlias': 'oCmYSgSgfWmYsR', 'asset': 'BNB', 'balance': '0.00000000', 'crossWalletBalance': '0.00000000', 'crossUnPnl': '0.00000000', 'availableBalance': '0.00000000', 'maxWithdrawAmount': '0.00000000', 'marginAvailable': True, 'updateTime': 0}, {'accountAlias': 'oCmYSgSgfWmYsR', 'asset': 'ETH', 'balance': '0.00000000', 'crossWalletBalance': '0.00000000', 'crossUnPnl': '0.00000000', 'availableBalance': '0.00000000', 'maxWithdrawAmount': '0.00000000', 'marginAvailable': True, 'updateTime': 0}, {'accountAlias': 'oCmYSgSgfWmYsR', 'asset': 'BTC', 'balance': '0.01000000', 'crossWalletBalance': '0.01000000', 'crossUnPnl': '0.00000000', 'availableBalance': '0.01000000', 'maxWithdrawAmount': '0.01000000', 'marginAvailable': True, 'updateTime': 1776777601189}, {'accountAlias': 'oCmYSgSgfWmYsR', 'asset': 'USDT', 'balance': '4973.71253575', 'crossWalletBalance': '4973.71253575', 'crossUnPnl': '-239.74743726', 'availableBalance': '1025.27014271', 'maxWithdrawAmount': '1025.27014271', 'marginAvailable': True, 'updateTime': 1776787201091}, {'accountAlias': 'oCmYSgSgfWmYsR', 'asset': 'USDC', 'balance': '5000.00000000', 'crossWalletBalance': '5000.00000000', 'crossUnPnl': '0.00000000', 'availableBalance': '5000.00000000', 'maxWithdrawAmount': '5000.00000000', 'marginAvailable': True, 'updateTime': 1776777601169}]
2026-04-21 21:52:48 | INFO     | bot.orders | Fetching open orders (symbol=ALL)
2026-04-21 21:52:48 | DEBUG    | bot.client | GET https://testnet.binancefuture.com/fapi/v1/openOrders | params: {'timestamp': 1776788568195, 'recvWindow': 5000}
2026-04-21 21:52:48 | INFO     | bot.orders | Fetching USDT account balance
2026-04-21 21:52:48 | DEBUG    | bot.client | GET https://testnet.binancefuture.com/fapi/v2/balance | params: {'timestamp': 1776788568196, 'recvWindow': 5000}
2026-04-21 21:52:49 | DEBUG    | bot.client | Response [200]: [{'accountAlias': 'oCmYSgSgfWmYsR', 'asset': 'FDUSD', 'balance': '0.00000000', 'crossWalletBalance': '0.00000000', 'crossUnPnl': '0.00000000', 'availableBalance': '0.00000000', 'maxWithdrawAmount': '0.00000000', 'marginAvailable': True, 'updateTime': 0}, {'accountAlias': 'oCmYSgSgfWmYsR', 'asset': 'BNB', 'balance': '0.00000000', 'crossWalletBalance': '0.00000000', 'crossUnPnl': '0.00000000', 'availableBalance': '0.00000000', 'maxWithdrawAmount': '0.00000000', 'marginAvailable': True, 'updateTime': 0}, {'accountAlias': 'oCmYSgSgfWmYsR', 'asset': 'ETH', 'balance': '0.00000000', 'crossWalletBalance': '0.00000000', 'crossUnPnl': '0.00000000', 'availableBalance': '0.00000000', 'maxWithdrawAmount': '0.00000000', 'marginAvailable': True, 'updateTime': 0}, {'accountAlias': 'oCmYSgSgfWmYsR', 'asset': 'BTC', 'balance': '0.01000000', 'crossWalletBalance': '0.01000000', 'crossUnPnl': '0.00000000', 'availableBalance': '0.01000000', 'maxWithdrawAmount': '0.01000000', 'marginAvailable': True, 'updateTime': 1776777601189}, {'accountAlias': 'oCmYSgSgfWmYsR', 'asset': 'USDT', 'balance': '4973.71253575', 'crossWalletBalance': '4973.71253575', 'crossUnPnl': '-231.78136509', 'availableBalance': '1033.63451848', 'maxWithdrawAmount': '1033.63451848', 'marginAvailable': True, 'updateTime': 1776787201091}, {'accountAlias': 'oCmYSgSgfWmYsR', 'asset': 'USDC', 'balance': '5000.00000000', 'crossWalletBalance': '5000.00000000', 'crossUnPnl': '0.00000000', 'availableBalance': '5000.00000000', 'maxWithdrawAmount': '5000.00000000', 'marginAvailable': True, 'updateTime': 1776777601169}]
2026-04-21 21:52:49 | DEBUG    | bot.client | Response [200]: []
2026-04-21 21:52:53 | INFO     | bot.orders | Fetching USDT account balance
2026-04-21 21:52:53 | INFO     | bot.orders | Fetching open orders (symbol=ALL)
2026-04-21 21:52:53 | DEBUG    | bot.client | GET https://testnet.binancefuture.com/fapi/v2/balance | params: {'timestamp': 1776788573192, 'recvWindow': 5000}
2026-04-21 21:52:53 | DEBUG    | bot.client | GET https://testnet.binancefuture.com/fapi/v1/openOrders | params: {'timestamp': 1776788573193, 'recvWindow': 5000}
2026-04-21 21:52:54 | DEBUG    | bot.client | Response [200]: [{'accountAlias': 'oCmYSgSgfWmYsR', 'asset': 'FDUSD', 'balance': '0.00000000', 'crossWalletBalance': '0.00000000', 'crossUnPnl': '0.00000000', 'availableBalance': '0.00000000', 'maxWithdrawAmount': '0.00000000', 'marginAvailable': True, 'updateTime': 0}, {'accountAlias': 'oCmYSgSgfWmYsR', 'asset': 'BNB', 'balance': '0.00000000', 'crossWalletBalance': '0.00000000', 'crossUnPnl': '0.00000000', 'availableBalance': '0.00000000', 'maxWithdrawAmount': '0.00000000', 'marginAvailable': True, 'updateTime': 0}, {'accountAlias': 'oCmYSgSgfWmYsR', 'asset': 'ETH', 'balance': '0.00000000', 'crossWalletBalance': '0.00000000', 'crossUnPnl': '0.00000000', 'availableBalance': '0.00000000', 'maxWithdrawAmount': '0.00000000', 'marginAvailable': True, 'updateTime': 0}, {'accountAlias': 'oCmYSgSgfWmYsR', 'asset': 'BTC', 'balance': '0.01000000', 'crossWalletBalance': '0.01000000', 'crossUnPnl': '0.00000000', 'availableBalance': '0.01000000', 'maxWithdrawAmount': '0.01000000', 'marginAvailable': True, 'updateTime': 1776777601189}, {'accountAlias': 'oCmYSgSgfWmYsR', 'asset': 'USDT', 'balance': '4973.71253575', 'crossWalletBalance': '4973.71253575', 'crossUnPnl': '-231.73832207', 'availableBalance': '1033.67971366', 'maxWithdrawAmount': '1033.67971366', 'marginAvailable': True, 'updateTime': 1776787201091}, {'accountAlias': 'oCmYSgSgfWmYsR', 'asset': 'USDC', 'balance': '5000.00000000', 'crossWalletBalance': '5000.00000000', 'crossUnPnl': '0.00000000', 'availableBalance': '5000.00000000', 'maxWithdrawAmount': '5000.00000000', 'marginAvailable': True, 'updateTime': 1776777601169}]
2026-04-21 21:52:54 | DEBUG    | bot.client | Response [200]: []
2026-04-21 21:52:58 | INFO     | bot.orders | Fetching open orders (symbol=ALL)
2026-04-21 21:52:58 | INFO     | bot.orders | Fetching USDT account balance
2026-04-21 21:52:58 | DEBUG    | bot.client | GET https://testnet.binancefuture.com/fapi/v1/openOrders | params: {'timestamp': 1776788578301, 'recvWindow': 5000}
2026-04-21 21:52:58 | DEBUG    | bot.client | GET https://testnet.binancefuture.com/fapi/v2/balance | params: {'timestamp': 1776788578302, 'recvWindow': 5000}
2026-04-21 21:52:59 | DEBUG    | bot.client | Response [200]: [{'accountAlias': 'oCmYSgSgfWmYsR', 'asset': 'FDUSD', 'balance': '0.00000000', 'crossWalletBalance': '0.00000000', 'crossUnPnl': '0.00000000', 'availableBalance': '0.00000000', 'maxWithdrawAmount': '0.00000000', 'marginAvailable': True, 'updateTime': 0}, {'accountAlias': 'oCmYSgSgfWmYsR', 'asset': 'BNB', 'balance': '0.00000000', 'crossWalletBalance': '0.00000000', 'crossUnPnl': '0.00000000', 'availableBalance': '0.00000000', 'maxWithdrawAmount': '0.00000000', 'marginAvailable': True, 'updateTime': 0}, {'accountAlias': 'oCmYSgSgfWmYsR', 'asset': 'ETH', 'balance': '0.00000000', 'crossWalletBalance': '0.00000000', 'crossUnPnl': '0.00000000', 'availableBalance': '0.00000000', 'maxWithdrawAmount': '0.00000000', 'marginAvailable': True, 'updateTime': 0}, {'accountAlias': 'oCmYSgSgfWmYsR', 'asset': 'BTC', 'balance': '0.01000000', 'crossWalletBalance': '0.01000000', 'crossUnPnl': '0.00000000', 'availableBalance': '0.01000000', 'maxWithdrawAmount': '0.01000000', 'marginAvailable': True, 'updateTime': 1776777601189}, {'accountAlias': 'oCmYSgSgfWmYsR', 'asset': 'USDT', 'balance': '4973.71253575', 'crossWalletBalance': '4973.71253575', 'crossUnPnl': '-231.03912829', 'availableBalance': '1034.41386712', 'maxWithdrawAmount': '1034.41386712', 'marginAvailable': True, 'updateTime': 1776787201091}, {'accountAlias': 'oCmYSgSgfWmYsR', 'asset': 'USDC', 'balance': '5000.00000000', 'crossWalletBalance': '5000.00000000', 'crossUnPnl': '0.00000000', 'availableBalance': '5000.00000000', 'maxWithdrawAmount': '5000.00000000', 'marginAvailable': True, 'updateTime': 1776777601169}]
2026-04-21 21:52:59 | DEBUG    | bot.client | Response [200]: []
2026-04-21 21:53:03 | INFO     | bot.orders | Fetching open orders (symbol=ALL)
2026-04-21 21:53:03 | INFO     | bot.orders | Fetching USDT account balance
2026-04-21 21:53:03 | DEBUG    | bot.client | GET https://testnet.binancefuture.com/fapi/v1/openOrders | params: {'timestamp': 1776788583194, 'recvWindow': 5000}
2026-04-21 21:53:03 | DEBUG    | bot.client | GET https://testnet.binancefuture.com/fapi/v2/balance | params: {'timestamp': 1776788583194, 'recvWindow': 5000}
2026-04-21 21:53:04 | DEBUG    | bot.client | Response [200]: []
2026-04-21 21:53:04 | DEBUG    | bot.client | Response [200]: [{'accountAlias': 'oCmYSgSgfWmYsR', 'asset': 'FDUSD', 'balance': '0.00000000', 'crossWalletBalance': '0.00000000', 'crossUnPnl': '0.00000000', 'availableBalance': '0.00000000', 'maxWithdrawAmount': '0.00000000', 'marginAvailable': True, 'updateTime': 0}, {'accountAlias': 'oCmYSgSgfWmYsR', 'asset': 'BNB', 'balance': '0.00000000', 'crossWalletBalance': '0.00000000', 'crossUnPnl': '0.00000000', 'availableBalance': '0.00000000', 'maxWithdrawAmount': '0.00000000', 'marginAvailable': True, 'updateTime': 0}, {'accountAlias': 'oCmYSgSgfWmYsR', 'asset': 'ETH', 'balance': '0.00000000', 'crossWalletBalance': '0.00000000', 'crossUnPnl': '0.00000000', 'availableBalance': '0.00000000', 'maxWithdrawAmount': '0.00000000', 'marginAvailable': True, 'updateTime': 0}, {'accountAlias': 'oCmYSgSgfWmYsR', 'asset': 'BTC', 'balance': '0.01000000', 'crossWalletBalance': '0.01000000', 'crossUnPnl': '0.00000000', 'availableBalance': '0.01000000', 'maxWithdrawAmount': '0.01000000', 'marginAvailable': True, 'updateTime': 1776777601189}, {'accountAlias': 'oCmYSgSgfWmYsR', 'asset': 'USDT', 'balance': '4973.71253575', 'crossWalletBalance': '4973.71253575', 'crossUnPnl': '-227.73104522', 'availableBalance': '1037.88735435', 'maxWithdrawAmount': '1037.88735435', 'marginAvailable': True, 'updateTime': 1776787201091}, {'accountAlias': 'oCmYSgSgfWmYsR', 'asset': 'USDC', 'balance': '5000.00000000', 'crossWalletBalance': '5000.00000000', 'crossUnPnl': '0.00000000', 'availableBalance': '5000.00000000', 'maxWithdrawAmount': '5000.00000000', 'marginAvailable': True, 'updateTime': 1776777601169}]
2026-04-21 21:53:08 | INFO     | bot.orders | Fetching open orders (symbol=ALL)
2026-04-21 21:53:08 | INFO     | bot.orders | Fetching USDT account balance
2026-04-21 21:53:08 | DEBUG    | bot.client | GET https://testnet.binancefuture.com/fapi/v1/openOrders | params: {'timestamp': 1776788588191, 'recvWindow': 5000}
2026-04-21 21:53:08 | DEBUG    | bot.client | GET https://testnet.binancefuture.com/fapi/v2/balance | params: {'timestamp': 1776788588191, 'recvWindow': 5000}
2026-04-21 21:53:09 | DEBUG    | bot.client | Response [200]: [{'accountAlias': 'oCmYSgSgfWmYsR', 'asset': 'FDUSD', 'balance': '0.00000000', 'crossWalletBalance': '0.00000000', 'crossUnPnl': '0.00000000', 'availableBalance': '0.00000000', 'maxWithdrawAmount': '0.00000000', 'marginAvailable': True, 'updateTime': 0}, {'accountAlias': 'oCmYSgSgfWmYsR', 'asset': 'BNB', 'balance': '0.00000000', 'crossWalletBalance': '0.00000000', 'crossUnPnl': '0.00000000', 'availableBalance': '0.00000000', 'maxWithdrawAmount': '0.00000000', 'marginAvailable': True, 'updateTime': 0}, {'accountAlias': 'oCmYSgSgfWmYsR', 'asset': 'ETH', 'balance': '0.00000000', 'crossWalletBalance': '0.00000000', 'crossUnPnl': '0.00000000', 'availableBalance': '0.00000000', 'maxWithdrawAmount': '0.00000000', 'marginAvailable': True, 'updateTime': 0}, {'accountAlias': 'oCmYSgSgfWmYsR', 'asset': 'BTC', 'balance': '0.01000000', 'crossWalletBalance': '0.01000000', 'crossUnPnl': '0.00000000', 'availableBalance': '0.01000000', 'maxWithdrawAmount': '0.01000000', 'marginAvailable': True, 'updateTime': 1776777601189}, {'accountAlias': 'oCmYSgSgfWmYsR', 'asset': 'USDT', 'balance': '4973.71253575', 'crossWalletBalance': '4973.71253575', 'crossUnPnl': '-221.90302783', 'availableBalance': '1044.00677261', 'maxWithdrawAmount': '1044.00677261', 'marginAvailable': True, 'updateTime': 1776787201091}, {'accountAlias': 'oCmYSgSgfWmYsR', 'asset': 'USDC', 'balance': '5000.00000000', 'crossWalletBalance': '5000.00000000', 'crossUnPnl': '0.00000000', 'availableBalance': '5000.00000000', 'maxWithdrawAmount': '5000.00000000', 'marginAvailable': True, 'updateTime': 1776777601169}]
2026-04-21 21:53:09 | DEBUG    | bot.client | Response [200]: []
2026-04-21 21:53:13 | INFO     | bot.orders | Fetching USDT account balance
2026-04-21 21:53:13 | INFO     | bot.orders | Fetching open orders (symbol=ALL)
2026-04-21 21:53:13 | DEBUG    | bot.client | GET https://testnet.binancefuture.com/fapi/v2/balance | params: {'timestamp': 1776788593193, 'recvWindow': 5000}
2026-04-21 21:53:13 | DEBUG    | bot.client | GET https://testnet.binancefuture.com/fapi/v1/openOrders | params: {'timestamp': 1776788593193, 'recvWindow': 5000}
2026-04-21 21:53:14 | DEBUG    | bot.client | Response [200]: [{'accountAlias': 'oCmYSgSgfWmYsR', 'asset': 'FDUSD', 'balance': '0.00000000', 'crossWalletBalance': '0.00000000', 'crossUnPnl': '0.00000000', 'availableBalance': '0.00000000', 'maxWithdrawAmount': '0.00000000', 'marginAvailable': True, 'updateTime': 0}, {'accountAlias': 'oCmYSgSgfWmYsR', 'asset': 'BNB', 'balance': '0.00000000', 'crossWalletBalance': '0.00000000', 'crossUnPnl': '0.00000000', 'availableBalance': '0.00000000', 'maxWithdrawAmount': '0.00000000', 'marginAvailable': True, 'updateTime': 0}, {'accountAlias': 'oCmYSgSgfWmYsR', 'asset': 'ETH', 'balance': '0.00000000', 'crossWalletBalance': '0.00000000', 'crossUnPnl': '0.00000000', 'availableBalance': '0.00000000', 'maxWithdrawAmount': '0.00000000', 'marginAvailable': True, 'updateTime': 0}, {'accountAlias': 'oCmYSgSgfWmYsR', 'asset': 'BTC', 'balance': '0.01000000', 'crossWalletBalance': '0.01000000', 'crossUnPnl': '0.00000000', 'availableBalance': '0.01000000', 'maxWithdrawAmount': '0.01000000', 'marginAvailable': True, 'updateTime': 1776777601189}, {'accountAlias': 'oCmYSgSgfWmYsR', 'asset': 'USDT', 'balance': '4973.71253575', 'crossWalletBalance': '4973.71253575', 'crossUnPnl': '-192.25868852', 'availableBalance': '1054.86429573', 'maxWithdrawAmount': '1054.86429573', 'marginAvailable': True, 'updateTime': 1776787201091}, {'accountAlias': 'oCmYSgSgfWmYsR', 'asset': 'USDC', 'balance': '5000.00000000', 'crossWalletBalance': '5000.00000000', 'crossUnPnl': '0.00000000', 'availableBalance': '5000.00000000', 'maxWithdrawAmount': '5000.00000000', 'marginAvailable': True, 'updateTime': 1776777601169}]
2026-04-21 21:53:14 | DEBUG    | bot.client | Response [200]: []
2026-04-21 21:53:18 | INFO     | bot.orders | Fetching USDT account balance
2026-04-21 21:53:18 | INFO     | bot.orders | Fetching open orders (symbol=ALL)
2026-04-21 21:53:18 | DEBUG    | bot.client | GET https://testnet.binancefuture.com/fapi/v2/balance | params: {'timestamp': 1776788598192, 'recvWindow': 5000}
2026-04-21 21:53:18 | DEBUG    | bot.client | GET https://testnet.binancefuture.com/fapi/v1/openOrders | params: {'timestamp': 1776788598192, 'recvWindow': 5000}
2026-04-21 21:53:19 | DEBUG    | bot.client | Response [200]: []
2026-04-21 21:53:20 | DEBUG    | bot.client | Response [200]: [{'accountAlias': 'oCmYSgSgfWmYsR', 'asset': 'FDUSD', 'balance': '0.00000000', 'crossWalletBalance': '0.00000000', 'crossUnPnl': '0.00000000', 'availableBalance': '0.00000000', 'maxWithdrawAmount': '0.00000000', 'marginAvailable': True, 'updateTime': 0}, {'accountAlias': 'oCmYSgSgfWmYsR', 'asset': 'BNB', 'balance': '0.00000000', 'crossWalletBalance': '0.00000000', 'crossUnPnl': '0.00000000', 'availableBalance': '0.00000000', 'maxWithdrawAmount': '0.00000000', 'marginAvailable': True, 'updateTime': 0}, {'accountAlias': 'oCmYSgSgfWmYsR', 'asset': 'ETH', 'balance': '0.00000000', 'crossWalletBalance': '0.00000000', 'crossUnPnl': '0.00000000', 'availableBalance': '0.00000000', 'maxWithdrawAmount': '0.00000000', 'marginAvailable': True, 'updateTime': 0}, {'accountAlias': 'oCmYSgSgfWmYsR', 'asset': 'BTC', 'balance': '0.01000000', 'crossWalletBalance': '0.01000000', 'crossUnPnl': '0.00000000', 'availableBalance': '0.01000000', 'maxWithdrawAmount': '0.01000000', 'marginAvailable': True, 'updateTime': 1776777601189}, {'accountAlias': 'oCmYSgSgfWmYsR', 'asset': 'USDT', 'balance': '4973.71253575', 'crossWalletBalance': '4973.71253575', 'crossUnPnl': '-186.63403580', 'availableBalance': '1059.54202837', 'maxWithdrawAmount': '1059.54202837', 'marginAvailable': True, 'updateTime': 1776787201091}, {'accountAlias': 'oCmYSgSgfWmYsR', 'asset': 'USDC', 'balance': '5000.00000000', 'crossWalletBalance': '5000.00000000', 'crossUnPnl': '0.00000000', 'availableBalance': '5000.00000000', 'maxWithdrawAmount': '5000.00000000', 'marginAvailable': True, 'updateTime': 1776777601169}]
2026-04-21 21:53:23 | INFO     | bot.orders | Fetching open orders (symbol=ALL)
2026-04-21 21:53:23 | INFO     | bot.orders | Fetching USDT account balance
2026-04-21 21:53:23 | DEBUG    | bot.client | GET https://testnet.binancefuture.com/fapi/v1/openOrders | params: {'timestamp': 1776788603608, 'recvWindow': 5000}
2026-04-21 21:53:23 | DEBUG    | bot.client | GET https://testnet.binancefuture.com/fapi/v2/balance | params: {'timestamp': 1776788603608, 'recvWindow': 5000}
2026-04-21 21:53:25 | DEBUG    | bot.client | Response [200]: []
2026-04-21 21:53:25 | DEBUG    | bot.client | Response [200]: [{'accountAlias': 'oCmYSgSgfWmYsR', 'asset': 'FDUSD', 'balance': '0.00000000', 'crossWalletBalance': '0.00000000', 'crossUnPnl': '0.00000000', 'availableBalance': '0.00000000', 'maxWithdrawAmount': '0.00000000', 'marginAvailable': True, 'updateTime': 0}, {'accountAlias': 'oCmYSgSgfWmYsR', 'asset': 'BNB', 'balance': '0.00000000', 'crossWalletBalance': '0.00000000', 'crossUnPnl': '0.00000000', 'availableBalance': '0.00000000', 'maxWithdrawAmount': '0.00000000', 'marginAvailable': True, 'updateTime': 0}, {'accountAlias': 'oCmYSgSgfWmYsR', 'asset': 'ETH', 'balance': '0.00000000', 'crossWalletBalance': '0.00000000', 'crossUnPnl': '0.00000000', 'availableBalance': '0.00000000', 'maxWithdrawAmount': '0.00000000', 'marginAvailable': True, 'updateTime': 0}, {'accountAlias': 'oCmYSgSgfWmYsR', 'asset': 'BTC', 'balance': '0.01000000', 'crossWalletBalance': '0.01000000', 'crossUnPnl': '0.00000000', 'availableBalance': '0.01000000', 'maxWithdrawAmount': '0.01000000', 'marginAvailable': True, 'updateTime': 1776777601189}, {'accountAlias': 'oCmYSgSgfWmYsR', 'asset': 'USDT', 'balance': '4973.71253575', 'crossWalletBalance': '4973.71253575', 'crossUnPnl': '-182.40056383', 'availableBalance': '1068.54670197', 'maxWithdrawAmount': '1068.54670197', 'marginAvailable': True, 'updateTime': 1776787201091}, {'accountAlias': 'oCmYSgSgfWmYsR', 'asset': 'USDC', 'balance': '5000.00000000', 'crossWalletBalance': '5000.00000000', 'crossUnPnl': '0.00000000', 'availableBalance': '5000.00000000', 'maxWithdrawAmount': '5000.00000000', 'marginAvailable': True, 'updateTime': 1776777601169}]
2026-04-21 21:53:28 | INFO     | bot.orders | Fetching USDT account balance
2026-04-21 21:53:28 | DEBUG    | bot.client | GET https://testnet.binancefuture.com/fapi/v2/balance | params: {'timestamp': 1776788608607, 'recvWindow': 5000}
2026-04-21 21:53:28 | DEBUG    | bot.client | GET https://testnet.binancefuture.com/fapi/v1/openOrders | params: {'timestamp': 1776788608608, 'recvWindow': 5000}
2026-04-21 21:53:29 | DEBUG    | bot.client | Response [200]: [{'accountAlias': 'oCmYSgSgfWmYsR', 'asset': 'FDUSD', 'balance': '0.00000000', 'crossWalletBalance': '0.00000000', 'crossUnPnl': '0.00000000', 'availableBalance': '0.00000000', 'maxWithdrawAmount': '0.00000000', 'marginAvailable': True, 'updateTime': 0}, {'accountAlias': 'oCmYSgSgfWmYsR', 'asset': 'BNB', 'balance': '0.00000000', 'crossWalletBalance': '0.00000000', 'crossUnPnl': '0.00000000', 'availableBalance': '0.00000000', 'maxWithdrawAmount': '0.00000000', 'marginAvailable': True, 'updateTime': 0}, {'accountAlias': 'oCmYSgSgfWmYsR', 'asset': 'ETH', 'balance': '0.00000000', 'crossWalletBalance': '0.00000000', 'crossUnPnl': '0.00000000', 'availableBalance': '0.00000000', 'maxWithdrawAmount': '0.00000000', 'marginAvailable': True, 'updateTime': 0}, {'accountAlias': 'oCmYSgSgfWmYsR', 'asset': 'BTC', 'balance': '0.01000000', 'crossWalletBalance': '0.01000000', 'crossUnPnl': '0.00000000', 'availableBalance': '0.01000000', 'maxWithdrawAmount': '0.01000000', 'marginAvailable': True, 'updateTime': 1776777601189}, {'accountAlias': 'oCmYSgSgfWmYsR', 'asset': 'USDT', 'balance': '4973.71253575', 'crossWalletBalance': '4973.71253575', 'crossUnPnl': '-178.62976862', 'availableBalance': '1074.01104173', 'maxWithdrawAmount': '1074.01104173', 'marginAvailable': True, 'updateTime': 1776787201091}, {'accountAlias': 'oCmYSgSgfWmYsR', 'asset': 'USDC', 'balance': '5000.00000000', 'crossWalletBalance': '5000.00000000', 'crossUnPnl': '0.00000000', 'availableBalance': '5000.00000000', 'maxWithdrawAmount': '5000.00000000', 'marginAvailable': True, 'updateTime': 1776777601169}]
2026-04-21 21:53:29 | DEBUG    | bot.client | Response [200]: []
2026-04-21 21:53:33 | INFO     | bot.orders | Fetching open orders (symbol=ALL)
2026-04-21 21:53:33 | INFO     | bot.orders | Fetching USDT account balance
2026-04-21 21:53:33 | DEBUG    | bot.client | GET https://testnet.binancefuture.com/fapi/v1/openOrders | params: {'timestamp': 1776788613612, 'recvWindow': 5000}
2026-04-21 21:53:33 | DEBUG    | bot.client | GET https://testnet.binancefuture.com/fapi/v2/balance | params: {'timestamp': 1776788613612, 'recvWindow': 5000}
2026-04-21 21:53:34 | DEBUG    | bot.client | Response [200]: [{'accountAlias': 'oCmYSgSgfWmYsR', 'asset': 'FDUSD', 'balance': '0.00000000', 'crossWalletBalance': '0.00000000', 'crossUnPnl': '0.00000000', 'availableBalance': '0.00000000', 'maxWithdrawAmount': '0.00000000', 'marginAvailable': True, 'updateTime': 0}, {'accountAlias': 'oCmYSgSgfWmYsR', 'asset': 'BNB', 'balance': '0.00000000', 'crossWalletBalance': '0.00000000', 'crossUnPnl': '0.00000000', 'availableBalance': '0.00000000', 'maxWithdrawAmount': '0.00000000', 'marginAvailable': True, 'updateTime': 0}, {'accountAlias': 'oCmYSgSgfWmYsR', 'asset': 'ETH', 'balance': '0.00000000', 'crossWalletBalance': '0.00000000', 'crossUnPnl': '0.00000000', 'availableBalance': '0.00000000', 'maxWithdrawAmount': '0.00000000', 'marginAvailable': True, 'updateTime': 0}, {'accountAlias': 'oCmYSgSgfWmYsR', 'asset': 'BTC', 'balance': '0.01000000', 'crossWalletBalance': '0.01000000', 'crossUnPnl': '0.00000000', 'availableBalance': '0.01000000', 'maxWithdrawAmount': '0.01000000', 'marginAvailable': True, 'updateTime': 1776777601189}, {'accountAlias': 'oCmYSgSgfWmYsR', 'asset': 'USDT', 'balance': '4973.71253575', 'crossWalletBalance': '4973.71253575', 'crossUnPnl': '-176.19084387', 'availableBalance': '1074.13298797', 'maxWithdrawAmount': '1074.13298797', 'marginAvailable': True, 'updateTime': 1776787201091}, {'accountAlias': 'oCmYSgSgfWmYsR', 'asset': 'USDC', 'balance': '5000.00000000', 'crossWalletBalance': '5000.00000000', 'crossUnPnl': '0.00000000', 'availableBalance': '5000.00000000', 'maxWithdrawAmount': '5000.00000000', 'marginAvailable': True, 'updateTime': 1776777601169}]
2026-04-21 21:53:34 | DEBUG    | bot.client | Response [200]: []
2026-04-21 21:53:38 | INFO     | bot.orders | Fetching USDT account balance
2026-04-21 21:53:38 | INFO     | bot.orders | Fetching open orders (symbol=ALL)
2026-04-21 21:53:38 | DEBUG    | bot.client | GET https://testnet.binancefuture.com/fapi/v2/balance | params: {'timestamp': 1776788618597, 'recvWindow': 5000}
2026-04-21 21:53:38 | DEBUG    | bot.client | GET https://testnet.binancefuture.com/fapi/v1/openOrders | params: {'timestamp': 1776788618597, 'recvWindow': 5000}
2026-04-21 21:53:39 | DEBUG    | bot.client | Response [200]: []
2026-04-21 21:53:39 | DEBUG    | bot.client | Response [200]: [{'accountAlias': 'oCmYSgSgfWmYsR', 'asset': 'FDUSD', 'balance': '0.00000000', 'crossWalletBalance': '0.00000000', 'crossUnPnl': '0.00000000', 'availableBalance': '0.00000000', 'maxWithdrawAmount': '0.00000000', 'marginAvailable': True, 'updateTime': 0}, {'accountAlias': 'oCmYSgSgfWmYsR', 'asset': 'BNB', 'balance': '0.00000000', 'crossWalletBalance': '0.00000000', 'crossUnPnl': '0.00000000', 'availableBalance': '0.00000000', 'maxWithdrawAmount': '0.00000000', 'marginAvailable': True, 'updateTime': 0}, {'accountAlias': 'oCmYSgSgfWmYsR', 'asset': 'ETH', 'balance': '0.00000000', 'crossWalletBalance': '0.00000000', 'crossUnPnl': '0.00000000', 'availableBalance': '0.00000000', 'maxWithdrawAmount': '0.00000000', 'marginAvailable': True, 'updateTime': 0}, {'accountAlias': 'oCmYSgSgfWmYsR', 'asset': 'BTC', 'balance': '0.01000000', 'crossWalletBalance': '0.01000000', 'crossUnPnl': '0.00000000', 'availableBalance': '0.01000000', 'maxWithdrawAmount': '0.01000000', 'marginAvailable': True, 'updateTime': 1776777601189}, {'accountAlias': 'oCmYSgSgfWmYsR', 'asset': 'USDT', 'balance': '4973.71253575', 'crossWalletBalance': '4973.71253575', 'crossUnPnl': '-169.46908387', 'availableBalance': '1090.68727597', 'maxWithdrawAmount': '1090.68727597', 'marginAvailable': True, 'updateTime': 1776787201091}, {'accountAlias': 'oCmYSgSgfWmYsR', 'asset': 'USDC', 'balance': '5000.00000000', 'crossWalletBalance': '5000.00000000', 'crossUnPnl': '0.00000000', 'availableBalance': '5000.00000000', 'maxWithdrawAmount': '5000.00000000', 'marginAvailable': True, 'updateTime': 1776777601169}]
2026-04-21 21:53:43 | INFO     | bot.orders | Fetching USDT account balance
2026-04-21 21:53:43 | INFO     | bot.orders | Fetching open orders (symbol=ALL)
2026-04-21 21:53:43 | DEBUG    | bot.client | GET https://testnet.binancefuture.com/fapi/v2/balance | params: {'timestamp': 1776788623602, 'recvWindow': 5000}
2026-04-21 21:53:43 | DEBUG    | bot.client | GET https://testnet.binancefuture.com/fapi/v1/openOrders | params: {'timestamp': 1776788623602, 'recvWindow': 5000}
2026-04-21 21:53:44 | DEBUG    | bot.client | Response [200]: []
2026-04-21 21:53:44 | DEBUG    | bot.client | Response [200]: [{'accountAlias': 'oCmYSgSgfWmYsR', 'asset': 'FDUSD', 'balance': '0.00000000', 'crossWalletBalance': '0.00000000', 'crossUnPnl': '0.00000000', 'availableBalance': '0.00000000', 'maxWithdrawAmount': '0.00000000', 'marginAvailable': True, 'updateTime': 0}, {'accountAlias': 'oCmYSgSgfWmYsR', 'asset': 'BNB', 'balance': '0.00000000', 'crossWalletBalance': '0.00000000', 'crossUnPnl': '0.00000000', 'availableBalance': '0.00000000', 'maxWithdrawAmount': '0.00000000', 'marginAvailable': True, 'updateTime': 0}, {'accountAlias': 'oCmYSgSgfWmYsR', 'asset': 'ETH', 'balance': '0.00000000', 'crossWalletBalance': '0.00000000', 'crossUnPnl': '0.00000000', 'availableBalance': '0.00000000', 'maxWithdrawAmount': '0.00000000', 'marginAvailable': True, 'updateTime': 0}, {'accountAlias': 'oCmYSgSgfWmYsR', 'asset': 'BTC', 'balance': '0.01000000', 'crossWalletBalance': '0.01000000', 'crossUnPnl': '0.00000000', 'availableBalance': '0.01000000', 'maxWithdrawAmount': '0.01000000', 'marginAvailable': True, 'updateTime': 1776777601189}, {'accountAlias': 'oCmYSgSgfWmYsR', 'asset': 'USDT', 'balance': '4973.71253575', 'crossWalletBalance': '4973.71253575', 'crossUnPnl': '-162.54512734', 'availableBalance': '1091.03347379', 'maxWithdrawAmount': '1091.03347379', 'marginAvailable': True, 'updateTime': 1776787201091}, {'accountAlias': 'oCmYSgSgfWmYsR', 'asset': 'USDC', 'balance': '5000.00000000', 'crossWalletBalance': '5000.00000000', 'crossUnPnl': '0.00000000', 'availableBalance': '5000.00000000', 'maxWithdrawAmount': '5000.00000000', 'marginAvailable': True, 'updateTime': 1776777601169}]
2026-04-21 21:53:48 | INFO     | bot.orders | Fetching open orders (symbol=ALL)
2026-04-21 21:53:48 | INFO     | bot.orders | Fetching USDT account balance
2026-04-21 21:53:48 | DEBUG    | bot.client | GET https://testnet.binancefuture.com/fapi/v1/openOrders | params: {'timestamp': 1776788628610, 'recvWindow': 5000}
2026-04-21 21:53:48 | DEBUG    | bot.client | GET https://testnet.binancefuture.com/fapi/v2/balance | params: {'timestamp': 1776788628610, 'recvWindow': 5000}
2026-04-21 21:53:49 | DEBUG    | bot.client | Response [200]: []
2026-04-21 21:53:49 | DEBUG    | bot.client | Response [200]: [{'accountAlias': 'oCmYSgSgfWmYsR', 'asset': 'FDUSD', 'balance': '0.00000000', 'crossWalletBalance': '0.00000000', 'crossUnPnl': '0.00000000', 'availableBalance': '0.00000000', 'maxWithdrawAmount': '0.00000000', 'marginAvailable': True, 'updateTime': 0}, {'accountAlias': 'oCmYSgSgfWmYsR', 'asset': 'BNB', 'balance': '0.00000000', 'crossWalletBalance': '0.00000000', 'crossUnPnl': '0.00000000', 'availableBalance': '0.00000000', 'maxWithdrawAmount': '0.00000000', 'marginAvailable': True, 'updateTime': 0}, {'accountAlias': 'oCmYSgSgfWmYsR', 'asset': 'ETH', 'balance': '0.00000000', 'crossWalletBalance': '0.00000000', 'crossUnPnl': '0.00000000', 'availableBalance': '0.00000000', 'maxWithdrawAmount': '0.00000000', 'marginAvailable': True, 'updateTime': 0}, {'accountAlias': 'oCmYSgSgfWmYsR', 'asset': 'BTC', 'balance': '0.01000000', 'crossWalletBalance': '0.01000000', 'crossUnPnl': '0.00000000', 'availableBalance': '0.01000000', 'maxWithdrawAmount': '0.01000000', 'marginAvailable': True, 'updateTime': 1776777601189}, {'accountAlias': 'oCmYSgSgfWmYsR', 'asset': 'USDT', 'balance': '4973.71253575', 'crossWalletBalance': '4973.71253575', 'crossUnPnl': '-171.20062167', 'availableBalance': '1090.50299908', 'maxWithdrawAmount': '1090.50299908', 'marginAvailable': True, 'updateTime': 1776787201091}, {'accountAlias': 'oCmYSgSgfWmYsR', 'asset': 'USDC', 'balance': '5000.00000000', 'crossWalletBalance': '5000.00000000', 'crossUnPnl': '0.00000000', 'availableBalance': '5000.00000000', 'maxWithdrawAmount': '5000.00000000', 'marginAvailable': True, 'updateTime': 1776777601169}]
2026-04-21 21:53:53 | INFO     | bot.orders | Fetching USDT account balance
2026-04-21 21:53:53 | INFO     | bot.orders | Fetching open orders (symbol=ALL)
2026-04-21 21:53:53 | DEBUG    | bot.client | GET https://testnet.binancefuture.com/fapi/v2/balance | params: {'timestamp': 1776788633599, 'recvWindow': 5000}
2026-04-21 21:53:53 | DEBUG    | bot.client | GET https://testnet.binancefuture.com/fapi/v1/openOrders | params: {'timestamp': 1776788633599, 'recvWindow': 5000}
2026-04-21 21:53:54 | DEBUG    | bot.client | Response [200]: []
2026-04-21 21:53:54 | DEBUG    | bot.client | Response [200]: [{'accountAlias': 'oCmYSgSgfWmYsR', 'asset': 'FDUSD', 'balance': '0.00000000', 'crossWalletBalance': '0.00000000', 'crossUnPnl': '0.00000000', 'availableBalance': '0.00000000', 'maxWithdrawAmount': '0.00000000', 'marginAvailable': True, 'updateTime': 0}, {'accountAlias': 'oCmYSgSgfWmYsR', 'asset': 'BNB', 'balance': '0.00000000', 'crossWalletBalance': '0.00000000', 'crossUnPnl': '0.00000000', 'availableBalance': '0.00000000', 'maxWithdrawAmount': '0.00000000', 'marginAvailable': True, 'updateTime': 0}, {'accountAlias': 'oCmYSgSgfWmYsR', 'asset': 'ETH', 'balance': '0.00000000', 'crossWalletBalance': '0.00000000', 'crossUnPnl': '0.00000000', 'availableBalance': '0.00000000', 'maxWithdrawAmount': '0.00000000', 'marginAvailable': True, 'updateTime': 0}, {'accountAlias': 'oCmYSgSgfWmYsR', 'asset': 'BTC', 'balance': '0.01000000', 'crossWalletBalance': '0.01000000', 'crossUnPnl': '0.00000000', 'availableBalance': '0.01000000', 'maxWithdrawAmount': '0.01000000', 'marginAvailable': True, 'updateTime': 1776777601189}, {'accountAlias': 'oCmYSgSgfWmYsR', 'asset': 'USDT', 'balance': '4973.71253575', 'crossWalletBalance': '4973.71253575', 'crossUnPnl': '-169.58096098', 'availableBalance': '1061.95788211', 'maxWithdrawAmount': '1061.95788211', 'marginAvailable': True, 'updateTime': 1776787201091}, {'accountAlias': 'oCmYSgSgfWmYsR', 'asset': 'USDC', 'balance': '5000.00000000', 'crossWalletBalance': '5000.00000000', 'crossUnPnl': '0.00000000', 'availableBalance': '5000.00000000', 'maxWithdrawAmount': '5000.00000000', 'marginAvailable': True, 'updateTime': 1776777601169}]
2026-04-21 21:53:58 | INFO     | bot.orders | Fetching open orders (symbol=ALL)
2026-04-21 21:53:58 | INFO     | bot.orders | Fetching USDT account balance
2026-04-21 21:53:58 | DEBUG    | bot.client | GET https://testnet.binancefuture.com/fapi/v1/openOrders | params: {'timestamp': 1776788638607, 'recvWindow': 5000}
2026-04-21 21:53:58 | DEBUG    | bot.client | GET https://testnet.binancefuture.com/fapi/v2/balance | params: {'timestamp': 1776788638607, 'recvWindow': 5000}
2026-04-21 21:53:59 | DEBUG    | bot.client | Response [200]: [{'accountAlias': 'oCmYSgSgfWmYsR', 'asset': 'FDUSD', 'balance': '0.00000000', 'crossWalletBalance': '0.00000000', 'crossUnPnl': '0.00000000', 'availableBalance': '0.00000000', 'maxWithdrawAmount': '0.00000000', 'marginAvailable': True, 'updateTime': 0}, {'accountAlias': 'oCmYSgSgfWmYsR', 'asset': 'BNB', 'balance': '0.00000000', 'crossWalletBalance': '0.00000000', 'crossUnPnl': '0.00000000', 'availableBalance': '0.00000000', 'maxWithdrawAmount': '0.00000000', 'marginAvailable': True, 'updateTime': 0}, {'accountAlias': 'oCmYSgSgfWmYsR', 'asset': 'ETH', 'balance': '0.00000000', 'crossWalletBalance': '0.00000000', 'crossUnPnl': '0.00000000', 'availableBalance': '0.00000000', 'maxWithdrawAmount': '0.00000000', 'marginAvailable': True, 'updateTime': 0}, {'accountAlias': 'oCmYSgSgfWmYsR', 'asset': 'BTC', 'balance': '0.01000000', 'crossWalletBalance': '0.01000000', 'crossUnPnl': '0.00000000', 'availableBalance': '0.01000000', 'maxWithdrawAmount': '0.01000000', 'marginAvailable': True, 'updateTime': 1776777601189}, {'accountAlias': 'oCmYSgSgfWmYsR', 'asset': 'USDT', 'balance': '4973.71253575', 'crossWalletBalance': '4973.71253575', 'crossUnPnl': '-160.90236910', 'availableBalance': '1062.39181170', 'maxWithdrawAmount': '1062.39181170', 'marginAvailable': True, 'updateTime': 1776787201091}, {'accountAlias': 'oCmYSgSgfWmYsR', 'asset': 'USDC', 'balance': '5000.00000000', 'crossWalletBalance': '5000.00000000', 'crossUnPnl': '0.00000000', 'availableBalance': '5000.00000000', 'maxWithdrawAmount': '5000.00000000', 'marginAvailable': True, 'updateTime': 1776777601169}]
2026-04-21 21:53:59 | DEBUG    | bot.client | Response [200]: []
2026-04-21 21:54:03 | INFO     | bot.orders | Fetching open orders (symbol=ALL)
2026-04-21 21:54:03 | INFO     | bot.orders | Fetching USDT account balance
2026-04-21 21:54:03 | DEBUG    | bot.client | GET https://testnet.binancefuture.com/fapi/v1/openOrders | params: {'timestamp': 1776788643608, 'recvWindow': 5000}
2026-04-21 21:54:03 | DEBUG    | bot.client | GET https://testnet.binancefuture.com/fapi/v2/balance | params: {'timestamp': 1776788643608, 'recvWindow': 5000}
2026-04-21 21:54:04 | DEBUG    | bot.client | Response [200]: []
2026-04-21 21:54:04 | DEBUG    | bot.client | Response [200]: [{'accountAlias': 'oCmYSgSgfWmYsR', 'asset': 'FDUSD', 'balance': '0.00000000', 'crossWalletBalance': '0.00000000', 'crossUnPnl': '0.00000000', 'availableBalance': '0.00000000', 'maxWithdrawAmount': '0.00000000', 'marginAvailable': True, 'updateTime': 0}, {'accountAlias': 'oCmYSgSgfWmYsR', 'asset': 'BNB', 'balance': '0.00000000', 'crossWalletBalance': '0.00000000', 'crossUnPnl': '0.00000000', 'availableBalance': '0.00000000', 'maxWithdrawAmount': '0.00000000', 'marginAvailable': True, 'updateTime': 0}, {'accountAlias': 'oCmYSgSgfWmYsR', 'asset': 'ETH', 'balance': '0.00000000', 'crossWalletBalance': '0.00000000', 'crossUnPnl': '0.00000000', 'availableBalance': '0.00000000', 'maxWithdrawAmount': '0.00000000', 'marginAvailable': True, 'updateTime': 0}, {'accountAlias': 'oCmYSgSgfWmYsR', 'asset': 'BTC', 'balance': '0.01000000', 'crossWalletBalance': '0.01000000', 'crossUnPnl': '0.00000000', 'availableBalance': '0.01000000', 'maxWithdrawAmount': '0.01000000', 'marginAvailable': True, 'updateTime': 1776777601189}, {'accountAlias': 'oCmYSgSgfWmYsR', 'asset': 'USDT', 'balance': '4973.71253575', 'crossWalletBalance': '4973.71253575', 'crossUnPnl': '-157.71802167', 'availableBalance': '1097.23452908', 'maxWithdrawAmount': '1097.23452908', 'marginAvailable': True, 'updateTime': 1776787201091}, {'accountAlias': 'oCmYSgSgfWmYsR', 'asset': 'USDC', 'balance': '5000.00000000', 'crossWalletBalance': '5000.00000000', 'crossUnPnl': '0.00000000', 'availableBalance': '5000.00000000', 'maxWithdrawAmount': '5000.00000000', 'marginAvailable': True, 'updateTime': 1776777601169}]
2026-04-21 21:54:08 | INFO     | bot.orders | Fetching open orders (symbol=ALL)
2026-04-21 21:54:08 | INFO     | bot.orders | Fetching USDT account balance
2026-04-21 21:54:08 | DEBUG    | bot.client | GET https://testnet.binancefuture.com/fapi/v1/openOrders | params: {'timestamp': 1776788648605, 'recvWindow': 5000}
2026-04-21 21:54:08 | DEBUG    | bot.client | GET https://testnet.binancefuture.com/fapi/v2/balance | params: {'timestamp': 1776788648606, 'recvWindow': 5000}
2026-04-21 21:54:09 | DEBUG    | bot.client | Response [200]: [{'accountAlias': 'oCmYSgSgfWmYsR', 'asset': 'FDUSD', 'balance': '0.00000000', 'crossWalletBalance': '0.00000000', 'crossUnPnl': '0.00000000', 'availableBalance': '0.00000000', 'maxWithdrawAmount': '0.00000000', 'marginAvailable': True, 'updateTime': 0}, {'accountAlias': 'oCmYSgSgfWmYsR', 'asset': 'BNB', 'balance': '0.00000000', 'crossWalletBalance': '0.00000000', 'crossUnPnl': '0.00000000', 'availableBalance': '0.00000000', 'maxWithdrawAmount': '0.00000000', 'marginAvailable': True, 'updateTime': 0}, {'accountAlias': 'oCmYSgSgfWmYsR', 'asset': 'ETH', 'balance': '0.00000000', 'crossWalletBalance': '0.00000000', 'crossUnPnl': '0.00000000', 'availableBalance': '0.00000000', 'maxWithdrawAmount': '0.00000000', 'marginAvailable': True, 'updateTime': 0}, {'accountAlias': 'oCmYSgSgfWmYsR', 'asset': 'BTC', 'balance': '0.01000000', 'crossWalletBalance': '0.01000000', 'crossUnPnl': '0.00000000', 'availableBalance': '0.01000000', 'maxWithdrawAmount': '0.01000000', 'marginAvailable': True, 'updateTime': 1776777601189}, {'accountAlias': 'oCmYSgSgfWmYsR', 'asset': 'USDT', 'balance': '4973.71253575', 'crossWalletBalance': '4973.71253575', 'crossUnPnl': '-156.90249216', 'availableBalance': '1097.37300555', 'maxWithdrawAmount': '1097.37300555', 'marginAvailable': True, 'updateTime': 1776787201091}, {'accountAlias': 'oCmYSgSgfWmYsR', 'asset': 'USDC', 'balance': '5000.00000000', 'crossWalletBalance': '5000.00000000', 'crossUnPnl': '0.00000000', 'availableBalance': '5000.00000000', 'maxWithdrawAmount': '5000.00000000', 'marginAvailable': True, 'updateTime': 1776777601169}]
2026-04-21 21:54:09 | DEBUG    | bot.client | Response [200]: []
2026-04-21 21:54:13 | INFO     | bot.orders | Fetching open orders (symbol=ALL)
2026-04-21 21:54:13 | INFO     | bot.orders | Fetching USDT account balance
2026-04-21 21:54:13 | DEBUG    | bot.client | GET https://testnet.binancefuture.com/fapi/v1/openOrders | params: {'timestamp': 1776788653604, 'recvWindow': 5000}
2026-04-21 21:54:13 | DEBUG    | bot.client | GET https://testnet.binancefuture.com/fapi/v2/balance | params: {'timestamp': 1776788653605, 'recvWindow': 5000}
2026-04-21 21:54:14 | DEBUG    | bot.client | Response [200]: [{'accountAlias': 'oCmYSgSgfWmYsR', 'asset': 'FDUSD', 'balance': '0.00000000', 'crossWalletBalance': '0.00000000', 'crossUnPnl': '0.00000000', 'availableBalance': '0.00000000', 'maxWithdrawAmount': '0.00000000', 'marginAvailable': True, 'updateTime': 0}, {'accountAlias': 'oCmYSgSgfWmYsR', 'asset': 'BNB', 'balance': '0.00000000', 'crossWalletBalance': '0.00000000', 'crossUnPnl': '0.00000000', 'availableBalance': '0.00000000', 'maxWithdrawAmount': '0.00000000', 'marginAvailable': True, 'updateTime': 0}, {'accountAlias': 'oCmYSgSgfWmYsR', 'asset': 'ETH', 'balance': '0.00000000', 'crossWalletBalance': '0.00000000', 'crossUnPnl': '0.00000000', 'availableBalance': '0.00000000', 'maxWithdrawAmount': '0.00000000', 'marginAvailable': True, 'updateTime': 0}, {'accountAlias': 'oCmYSgSgfWmYsR', 'asset': 'BTC', 'balance': '0.01000000', 'crossWalletBalance': '0.01000000', 'crossUnPnl': '0.00000000', 'availableBalance': '0.01000000', 'maxWithdrawAmount': '0.01000000', 'marginAvailable': True, 'updateTime': 1776777601189}, {'accountAlias': 'oCmYSgSgfWmYsR', 'asset': 'USDT', 'balance': '4973.71253575', 'crossWalletBalance': '4973.71253575', 'crossUnPnl': '-147.31077696', 'availableBalance': '1097.85259131', 'maxWithdrawAmount': '1097.85259131', 'marginAvailable': True, 'updateTime': 1776787201091}, {'accountAlias': 'oCmYSgSgfWmYsR', 'asset': 'USDC', 'balance': '5000.00000000', 'crossWalletBalance': '5000.00000000', 'crossUnPnl': '0.00000000', 'availableBalance': '5000.00000000', 'maxWithdrawAmount': '5000.00000000', 'marginAvailable': True, 'updateTime': 1776777601169}]
2026-04-21 21:54:14 | DEBUG    | bot.client | Response [200]: []
2026-04-21 21:54:18 | INFO     | bot.orders | Fetching USDT account balance
2026-04-21 21:54:18 | INFO     | bot.orders | Fetching open orders (symbol=ALL)
2026-04-21 21:54:18 | DEBUG    | bot.client | GET https://testnet.binancefuture.com/fapi/v2/balance | params: {'timestamp': 1776788658606, 'recvWindow': 5000}
2026-04-21 21:54:18 | DEBUG    | bot.client | GET https://testnet.binancefuture.com/fapi/v1/openOrders | params: {'timestamp': 1776788658606, 'recvWindow': 5000}
2026-04-21 21:54:19 | DEBUG    | bot.client | Response [200]: [{'accountAlias': 'oCmYSgSgfWmYsR', 'asset': 'FDUSD', 'balance': '0.00000000', 'crossWalletBalance': '0.00000000', 'crossUnPnl': '0.00000000', 'availableBalance': '0.00000000', 'maxWithdrawAmount': '0.00000000', 'marginAvailable': True, 'updateTime': 0}, {'accountAlias': 'oCmYSgSgfWmYsR', 'asset': 'BNB', 'balance': '0.00000000', 'crossWalletBalance': '0.00000000', 'crossUnPnl': '0.00000000', 'availableBalance': '0.00000000', 'maxWithdrawAmount': '0.00000000', 'marginAvailable': True, 'updateTime': 0}, {'accountAlias': 'oCmYSgSgfWmYsR', 'asset': 'ETH', 'balance': '0.00000000', 'crossWalletBalance': '0.00000000', 'crossUnPnl': '0.00000000', 'availableBalance': '0.00000000', 'maxWithdrawAmount': '0.00000000', 'marginAvailable': True, 'updateTime': 0}, {'accountAlias': 'oCmYSgSgfWmYsR', 'asset': 'BTC', 'balance': '0.01000000', 'crossWalletBalance': '0.01000000', 'crossUnPnl': '0.00000000', 'availableBalance': '0.01000000', 'maxWithdrawAmount': '0.01000000', 'marginAvailable': True, 'updateTime': 1776777601189}, {'accountAlias': 'oCmYSgSgfWmYsR', 'asset': 'USDT', 'balance': '4973.71253575', 'crossWalletBalance': '4973.71253575', 'crossUnPnl': '-149.90202167', 'availableBalance': '1097.72302908', 'maxWithdrawAmount': '1097.72302908', 'marginAvailable': True, 'updateTime': 1776787201091}, {'accountAlias': 'oCmYSgSgfWmYsR', 'asset': 'USDC', 'balance': '5000.00000000', 'crossWalletBalance': '5000.00000000', 'crossUnPnl': '0.00000000', 'availableBalance': '5000.00000000', 'maxWithdrawAmount': '5000.00000000', 'marginAvailable': True, 'updateTime': 1776777601169}]
2026-04-21 21:54:19 | DEBUG    | bot.client | Response [200]: []
2026-04-21 21:54:25 | INFO     | bot.orders | Fetching open orders (symbol=ALL)
2026-04-21 21:54:25 | INFO     | bot.orders | Fetching USDT account balance
2026-04-21 21:54:25 | DEBUG    | bot.client | GET https://testnet.binancefuture.com/fapi/v1/openOrders | params: {'timestamp': 1776788665598, 'recvWindow': 5000}
2026-04-21 21:54:25 | DEBUG    | bot.client | GET https://testnet.binancefuture.com/fapi/v2/balance | params: {'timestamp': 1776788665599, 'recvWindow': 5000}
2026-04-21 21:54:28 | DEBUG    | bot.client | Response [200]: []
2026-04-21 21:54:28 | INFO     | bot.orders | Fetching open orders (symbol=ALL)
2026-04-21 21:54:28 | DEBUG    | bot.client | GET https://testnet.binancefuture.com/fapi/v1/openOrders | params: {'timestamp': 1776788668768, 'recvWindow': 5000}
2026-04-21 21:54:29 | DEBUG    | bot.client | Response [200]: []
2026-04-21 21:54:30 | DEBUG    | bot.client | Response [200]: [{'accountAlias': 'oCmYSgSgfWmYsR', 'asset': 'FDUSD', 'balance': '0.00000000', 'crossWalletBalance': '0.00000000', 'crossUnPnl': '0.00000000', 'availableBalance': '0.00000000', 'maxWithdrawAmount': '0.00000000', 'marginAvailable': True, 'updateTime': 0}, {'accountAlias': 'oCmYSgSgfWmYsR', 'asset': 'BNB', 'balance': '0.00000000', 'crossWalletBalance': '0.00000000', 'crossUnPnl': '0.00000000', 'availableBalance': '0.00000000', 'maxWithdrawAmount': '0.00000000', 'marginAvailable': True, 'updateTime': 0}, {'accountAlias': 'oCmYSgSgfWmYsR', 'asset': 'ETH', 'balance': '0.00000000', 'crossWalletBalance': '0.00000000', 'crossUnPnl': '0.00000000', 'availableBalance': '0.00000000', 'maxWithdrawAmount': '0.00000000', 'marginAvailable': True, 'updateTime': 0}, {'accountAlias': 'oCmYSgSgfWmYsR', 'asset': 'BTC', 'balance': '0.01000000', 'crossWalletBalance': '0.01000000', 'crossUnPnl': '0.00000000', 'availableBalance': '0.01000000', 'maxWithdrawAmount': '0.01000000', 'marginAvailable': True, 'updateTime': 1776777601189}, {'accountAlias': 'oCmYSgSgfWmYsR', 'asset': 'USDT', 'balance': '4973.71253575', 'crossWalletBalance': '4973.71253575', 'crossUnPnl': '-168.26962167', 'availableBalance': '1097.29314908', 'maxWithdrawAmount': '1097.29314908', 'marginAvailable': True, 'updateTime': 1776787201091}, {'accountAlias': 'oCmYSgSgfWmYsR', 'asset': 'USDC', 'balance': '5000.00000000', 'crossWalletBalance': '5000.00000000', 'crossUnPnl': '0.00000000', 'availableBalance': '5000.00000000', 'maxWithdrawAmount': '5000.00000000', 'marginAvailable': True, 'updateTime': 1776777601169}]
2026-04-21 21:54:30 | INFO     | bot.orders | Fetching USDT account balance
2026-04-21 21:54:30 | DEBUG    | bot.client | GET https://testnet.binancefuture.com/fapi/v2/balance | params: {'timestamp': 1776788670568, 'recvWindow': 5000}
2026-04-21 21:54:31 | DEBUG    | bot.client | Response [200]: [{'accountAlias': 'oCmYSgSgfWmYsR', 'asset': 'FDUSD', 'balance': '0.00000000', 'crossWalletBalance': '0.00000000', 'crossUnPnl': '0.00000000', 'availableBalance': '0.00000000', 'maxWithdrawAmount': '0.00000000', 'marginAvailable': True, 'updateTime': 0}, {'accountAlias': 'oCmYSgSgfWmYsR', 'asset': 'BNB', 'balance': '0.00000000', 'crossWalletBalance': '0.00000000', 'crossUnPnl': '0.00000000', 'availableBalance': '0.00000000', 'maxWithdrawAmount': '0.00000000', 'marginAvailable': True, 'updateTime': 0}, {'accountAlias': 'oCmYSgSgfWmYsR', 'asset': 'ETH', 'balance': '0.00000000', 'crossWalletBalance': '0.00000000', 'crossUnPnl': '0.00000000', 'availableBalance': '0.00000000', 'maxWithdrawAmount': '0.00000000', 'marginAvailable': True, 'updateTime': 0}, {'accountAlias': 'oCmYSgSgfWmYsR', 'asset': 'BTC', 'balance': '0.01000000', 'crossWalletBalance': '0.01000000', 'crossUnPnl': '0.00000000', 'availableBalance': '0.01000000', 'maxWithdrawAmount': '0.01000000', 'marginAvailable': True, 'updateTime': 1776777601189}, {'accountAlias': 'oCmYSgSgfWmYsR', 'asset': 'USDT', 'balance': '4973.71253575', 'crossWalletBalance': '4973.71253575', 'crossUnPnl': '-168.68937769', 'availableBalance': '1097.27216127', 'maxWithdrawAmount': '1097.27216127', 'marginAvailable': True, 'updateTime': 1776787201091}, {'accountAlias': 'oCmYSgSgfWmYsR', 'asset': 'USDC', 'balance': '5000.00000000', 'crossWalletBalance': '5000.00000000', 'crossUnPnl': '0.00000000', 'availableBalance': '5000.00000000', 'maxWithdrawAmount': '5000.00000000', 'marginAvailable': True, 'updateTime': 1776777601169}]
2026-04-21 21:54:33 | INFO     | bot.orders | Fetching open orders (symbol=ALL)
2026-04-21 21:54:33 | INFO     | bot.orders | Fetching USDT account balance
2026-04-21 21:54:33 | DEBUG    | bot.client | GET https://testnet.binancefuture.com/fapi/v1/openOrders | params: {'timestamp': 1776788673194, 'recvWindow': 5000}
2026-04-21 21:54:33 | DEBUG    | bot.client | GET https://testnet.binancefuture.com/fapi/v2/balance | params: {'timestamp': 1776788673194, 'recvWindow': 5000}
2026-04-21 21:54:34 | DEBUG    | bot.client | Response [200]: []
2026-04-21 21:54:34 | DEBUG    | bot.client | Response [200]: [{'accountAlias': 'oCmYSgSgfWmYsR', 'asset': 'FDUSD', 'balance': '0.00000000', 'crossWalletBalance': '0.00000000', 'crossUnPnl': '0.00000000', 'availableBalance': '0.00000000', 'maxWithdrawAmount': '0.00000000', 'marginAvailable': True, 'updateTime': 0}, {'accountAlias': 'oCmYSgSgfWmYsR', 'asset': 'BNB', 'balance': '0.00000000', 'crossWalletBalance': '0.00000000', 'crossUnPnl': '0.00000000', 'availableBalance': '0.00000000', 'maxWithdrawAmount': '0.00000000', 'marginAvailable': True, 'updateTime': 0}, {'accountAlias': 'oCmYSgSgfWmYsR', 'asset': 'ETH', 'balance': '0.00000000', 'crossWalletBalance': '0.00000000', 'crossUnPnl': '0.00000000', 'availableBalance': '0.00000000', 'maxWithdrawAmount': '0.00000000', 'marginAvailable': True, 'updateTime': 0}, {'accountAlias': 'oCmYSgSgfWmYsR', 'asset': 'BTC', 'balance': '0.01000000', 'crossWalletBalance': '0.01000000', 'crossUnPnl': '0.00000000', 'availableBalance': '0.01000000', 'maxWithdrawAmount': '0.01000000', 'marginAvailable': True, 'updateTime': 1776777601189}, {'accountAlias': 'oCmYSgSgfWmYsR', 'asset': 'USDT', 'balance': '4973.71253575', 'crossWalletBalance': '4973.71253575', 'crossUnPnl': '-168.68364313', 'availableBalance': '1099.22644800', 'maxWithdrawAmount': '1099.22644800', 'marginAvailable': True, 'updateTime': 1776787201091}, {'accountAlias': 'oCmYSgSgfWmYsR', 'asset': 'USDC', 'balance': '5000.00000000', 'crossWalletBalance': '5000.00000000', 'crossUnPnl': '0.00000000', 'availableBalance': '5000.00000000', 'maxWithdrawAmount': '5000.00000000', 'marginAvailable': True, 'updateTime': 1776777601169}]
2026-04-21 21:54:38 | INFO     | bot.orders | Fetching open orders (symbol=ALL)
2026-04-21 21:54:38 | INFO     | bot.orders | Fetching USDT account balance
2026-04-21 21:54:38 | DEBUG    | bot.client | GET https://testnet.binancefuture.com/fapi/v1/openOrders | params: {'timestamp': 1776788678196, 'recvWindow': 5000}
2026-04-21 21:54:38 | DEBUG    | bot.client | GET https://testnet.binancefuture.com/fapi/v2/balance | params: {'timestamp': 1776788678196, 'recvWindow': 5000}
2026-04-21 21:54:38 | DEBUG    | bot.client | Response [200]: []
2026-04-21 21:54:38 | DEBUG    | bot.client | Response [200]: [{'accountAlias': 'oCmYSgSgfWmYsR', 'asset': 'FDUSD', 'balance': '0.00000000', 'crossWalletBalance': '0.00000000', 'crossUnPnl': '0.00000000', 'availableBalance': '0.00000000', 'maxWithdrawAmount': '0.00000000', 'marginAvailable': True, 'updateTime': 0}, {'accountAlias': 'oCmYSgSgfWmYsR', 'asset': 'BNB', 'balance': '0.00000000', 'crossWalletBalance': '0.00000000', 'crossUnPnl': '0.00000000', 'availableBalance': '0.00000000', 'maxWithdrawAmount': '0.00000000', 'marginAvailable': True, 'updateTime': 0}, {'accountAlias': 'oCmYSgSgfWmYsR', 'asset': 'ETH', 'balance': '0.00000000', 'crossWalletBalance': '0.00000000', 'crossUnPnl': '0.00000000', 'availableBalance': '0.00000000', 'maxWithdrawAmount': '0.00000000', 'marginAvailable': True, 'updateTime': 0}, {'accountAlias': 'oCmYSgSgfWmYsR', 'asset': 'BTC', 'balance': '0.01000000', 'crossWalletBalance': '0.01000000', 'crossUnPnl': '0.00000000', 'availableBalance': '0.01000000', 'maxWithdrawAmount': '0.01000000', 'marginAvailable': True, 'updateTime': 1776777601189}, {'accountAlias': 'oCmYSgSgfWmYsR', 'asset': 'USDT', 'balance': '4973.71253575', 'crossWalletBalance': '4973.71253575', 'crossUnPnl': '-168.75812167', 'availableBalance': '1099.80892408', 'maxWithdrawAmount': '1099.80892408', 'marginAvailable': True, 'updateTime': 1776787201091}, {'accountAlias': 'oCmYSgSgfWmYsR', 'asset': 'USDC', 'balance': '5000.00000000', 'crossWalletBalance': '5000.00000000', 'crossUnPnl': '0.00000000', 'availableBalance': '5000.00000000', 'maxWithdrawAmount': '5000.00000000', 'marginAvailable': True, 'updateTime': 1776777601169}]
2026-04-21 21:54:43 | INFO     | bot.orders | Fetching USDT account balance
2026-04-21 21:54:43 | INFO     | bot.orders | Fetching open orders (symbol=ALL)
2026-04-21 21:54:43 | DEBUG    | bot.client | GET https://testnet.binancefuture.com/fapi/v2/balance | params: {'timestamp': 1776788683194, 'recvWindow': 5000}
2026-04-21 21:54:43 | DEBUG    | bot.client | GET https://testnet.binancefuture.com/fapi/v1/openOrders | params: {'timestamp': 1776788683194, 'recvWindow': 5000}
2026-04-21 21:54:44 | DEBUG    | bot.client | Response [200]: []
2026-04-21 21:54:44 | DEBUG    | bot.client | Response [200]: [{'accountAlias': 'oCmYSgSgfWmYsR', 'asset': 'FDUSD', 'balance': '0.00000000', 'crossWalletBalance': '0.00000000', 'crossUnPnl': '0.00000000', 'availableBalance': '0.00000000', 'maxWithdrawAmount': '0.00000000', 'marginAvailable': True, 'updateTime': 0}, {'accountAlias': 'oCmYSgSgfWmYsR', 'asset': 'BNB', 'balance': '0.00000000', 'crossWalletBalance': '0.00000000', 'crossUnPnl': '0.00000000', 'availableBalance': '0.00000000', 'maxWithdrawAmount': '0.00000000', 'marginAvailable': True, 'updateTime': 0}, {'accountAlias': 'oCmYSgSgfWmYsR', 'asset': 'ETH', 'balance': '0.00000000', 'crossWalletBalance': '0.00000000', 'crossUnPnl': '0.00000000', 'availableBalance': '0.00000000', 'maxWithdrawAmount': '0.00000000', 'marginAvailable': True, 'updateTime': 0}, {'accountAlias': 'oCmYSgSgfWmYsR', 'asset': 'BTC', 'balance': '0.01000000', 'crossWalletBalance': '0.01000000', 'crossUnPnl': '0.00000000', 'availableBalance': '0.01000000', 'maxWithdrawAmount': '0.01000000', 'marginAvailable': True, 'updateTime': 1776777601189}, {'accountAlias': 'oCmYSgSgfWmYsR', 'asset': 'USDT', 'balance': '4973.71253575', 'crossWalletBalance': '4973.71253575', 'crossUnPnl': '-172.95922167', 'availableBalance': '1095.39776908', 'maxWithdrawAmount': '1095.39776908', 'marginAvailable': True, 'updateTime': 1776787201091}, {'accountAlias': 'oCmYSgSgfWmYsR', 'asset': 'USDC', 'balance': '5000.00000000', 'crossWalletBalance': '5000.00000000', 'crossUnPnl': '0.00000000', 'availableBalance': '5000.00000000', 'maxWithdrawAmount': '5000.00000000', 'marginAvailable': True, 'updateTime': 1776777601169}]
2026-04-21 21:54:48 | INFO     | bot.orders | Fetching open orders (symbol=ALL)
2026-04-21 21:54:48 | INFO     | bot.orders | Fetching USDT account balance
2026-04-21 21:54:48 | DEBUG    | bot.client | GET https://testnet.binancefuture.com/fapi/v1/openOrders | params: {'timestamp': 1776788688192, 'recvWindow': 5000}
2026-04-21 21:54:48 | DEBUG    | bot.client | GET https://testnet.binancefuture.com/fapi/v2/balance | params: {'timestamp': 1776788688192, 'recvWindow': 5000}
2026-04-21 21:54:48 | DEBUG    | bot.client | Response [200]: []
2026-04-21 21:54:49 | DEBUG    | bot.client | Response [200]: [{'accountAlias': 'oCmYSgSgfWmYsR', 'asset': 'FDUSD', 'balance': '0.00000000', 'crossWalletBalance': '0.00000000', 'crossUnPnl': '0.00000000', 'availableBalance': '0.00000000', 'maxWithdrawAmount': '0.00000000', 'marginAvailable': True, 'updateTime': 0}, {'accountAlias': 'oCmYSgSgfWmYsR', 'asset': 'BNB', 'balance': '0.00000000', 'crossWalletBalance': '0.00000000', 'crossUnPnl': '0.00000000', 'availableBalance': '0.00000000', 'maxWithdrawAmount': '0.00000000', 'marginAvailable': True, 'updateTime': 0}, {'accountAlias': 'oCmYSgSgfWmYsR', 'asset': 'ETH', 'balance': '0.00000000', 'crossWalletBalance': '0.00000000', 'crossUnPnl': '0.00000000', 'availableBalance': '0.00000000', 'maxWithdrawAmount': '0.00000000', 'marginAvailable': True, 'updateTime': 0}, {'accountAlias': 'oCmYSgSgfWmYsR', 'asset': 'BTC', 'balance': '0.01000000', 'crossWalletBalance': '0.01000000', 'crossUnPnl': '0.00000000', 'availableBalance': '0.01000000', 'maxWithdrawAmount': '0.01000000', 'marginAvailable': True, 'updateTime': 1776777601189}, {'accountAlias': 'oCmYSgSgfWmYsR', 'asset': 'USDT', 'balance': '4973.71253575', 'crossWalletBalance': '4973.71253575', 'crossUnPnl': '-166.26374509', 'availableBalance': '1100.42214290', 'maxWithdrawAmount': '1100.42214290', 'marginAvailable': True, 'updateTime': 1776787201091}, {'accountAlias': 'oCmYSgSgfWmYsR', 'asset': 'USDC', 'balance': '5000.00000000', 'crossWalletBalance': '5000.00000000', 'crossUnPnl': '0.00000000', 'availableBalance': '5000.00000000', 'maxWithdrawAmount': '5000.00000000', 'marginAvailable': True, 'updateTime': 1776777601169}]
2026-04-21 21:54:53 | INFO     | bot.orders | Fetching open orders (symbol=ALL)
2026-04-21 21:54:53 | INFO     | bot.orders | Fetching USDT account balance
2026-04-21 21:54:53 | DEBUG    | bot.client | GET https://testnet.binancefuture.com/fapi/v1/openOrders | params: {'timestamp': 1776788693196, 'recvWindow': 5000}
2026-04-21 21:54:53 | DEBUG    | bot.client | GET https://testnet.binancefuture.com/fapi/v2/balance | params: {'timestamp': 1776788693196, 'recvWindow': 5000}
2026-04-21 21:54:54 | DEBUG    | bot.client | Response [200]: []
2026-04-21 21:54:54 | DEBUG    | bot.client | Response [200]: [{'accountAlias': 'oCmYSgSgfWmYsR', 'asset': 'FDUSD', 'balance': '0.00000000', 'crossWalletBalance': '0.00000000', 'crossUnPnl': '0.00000000', 'availableBalance': '0.00000000', 'maxWithdrawAmount': '0.00000000', 'marginAvailable': True, 'updateTime': 0}, {'accountAlias': 'oCmYSgSgfWmYsR', 'asset': 'BNB', 'balance': '0.00000000', 'crossWalletBalance': '0.00000000', 'crossUnPnl': '0.00000000', 'availableBalance': '0.00000000', 'maxWithdrawAmount': '0.00000000', 'marginAvailable': True, 'updateTime': 0}, {'accountAlias': 'oCmYSgSgfWmYsR', 'asset': 'ETH', 'balance': '0.00000000', 'crossWalletBalance': '0.00000000', 'crossUnPnl': '0.00000000', 'availableBalance': '0.00000000', 'maxWithdrawAmount': '0.00000000', 'marginAvailable': True, 'updateTime': 0}, {'accountAlias': 'oCmYSgSgfWmYsR', 'asset': 'BTC', 'balance': '0.01000000', 'crossWalletBalance': '0.01000000', 'crossUnPnl': '0.00000000', 'availableBalance': '0.01000000', 'maxWithdrawAmount': '0.01000000', 'marginAvailable': True, 'updateTime': 1776777601189}, {'accountAlias': 'oCmYSgSgfWmYsR', 'asset': 'USDT', 'balance': '4973.71253575', 'crossWalletBalance': '4973.71253575', 'crossUnPnl': '-151.95372167', 'availableBalance': '1101.13764408', 'maxWithdrawAmount': '1101.13764408', 'marginAvailable': True, 'updateTime': 1776787201091}, {'accountAlias': 'oCmYSgSgfWmYsR', 'asset': 'USDC', 'balance': '5000.00000000', 'crossWalletBalance': '5000.00000000', 'crossUnPnl': '0.00000000', 'availableBalance': '5000.00000000', 'maxWithdrawAmount': '5000.00000000', 'marginAvailable': True, 'updateTime': 1776777601169}]
2026-04-21 21:54:58 | INFO     | bot.orders | Fetching open orders (symbol=ALL)
2026-04-21 21:54:58 | INFO     | bot.orders | Fetching USDT account balance
2026-04-21 21:54:58 | DEBUG    | bot.client | GET https://testnet.binancefuture.com/fapi/v1/openOrders | params: {'timestamp': 1776788698195, 'recvWindow': 5000}
2026-04-21 21:54:58 | DEBUG    | bot.client | GET https://testnet.binancefuture.com/fapi/v2/balance | params: {'timestamp': 1776788698195, 'recvWindow': 5000}
2026-04-21 21:55:02 | DEBUG    | bot.client | Response [200]: []
2026-04-21 21:55:03 | INFO     | bot.orders | Fetching open orders (symbol=ALL)
2026-04-21 21:55:03 | DEBUG    | bot.client | GET https://testnet.binancefuture.com/fapi/v1/openOrders | params: {'timestamp': 1776788703612, 'recvWindow': 5000}
2026-04-21 21:55:04 | DEBUG    | bot.client | Response [200]: [{'accountAlias': 'oCmYSgSgfWmYsR', 'asset': 'FDUSD', 'balance': '0.00000000', 'crossWalletBalance': '0.00000000', 'crossUnPnl': '0.00000000', 'availableBalance': '0.00000000', 'maxWithdrawAmount': '0.00000000', 'marginAvailable': True, 'updateTime': 0}, {'accountAlias': 'oCmYSgSgfWmYsR', 'asset': 'BNB', 'balance': '0.00000000', 'crossWalletBalance': '0.00000000', 'crossUnPnl': '0.00000000', 'availableBalance': '0.00000000', 'maxWithdrawAmount': '0.00000000', 'marginAvailable': True, 'updateTime': 0}, {'accountAlias': 'oCmYSgSgfWmYsR', 'asset': 'ETH', 'balance': '0.00000000', 'crossWalletBalance': '0.00000000', 'crossUnPnl': '0.00000000', 'availableBalance': '0.00000000', 'maxWithdrawAmount': '0.00000000', 'marginAvailable': True, 'updateTime': 0}, {'accountAlias': 'oCmYSgSgfWmYsR', 'asset': 'BTC', 'balance': '0.01000000', 'crossWalletBalance': '0.01000000', 'crossUnPnl': '0.00000000', 'availableBalance': '0.01000000', 'maxWithdrawAmount': '0.01000000', 'marginAvailable': True, 'updateTime': 1776777601189}, {'accountAlias': 'oCmYSgSgfWmYsR', 'asset': 'USDT', 'balance': '4973.71253575', 'crossWalletBalance': '4973.71253575', 'crossUnPnl': '-185.26942167', 'availableBalance': '1082.47205907', 'maxWithdrawAmount': '1082.47205907', 'marginAvailable': True, 'updateTime': 1776787201091}, {'accountAlias': 'oCmYSgSgfWmYsR', 'asset': 'USDC', 'balance': '5000.00000000', 'crossWalletBalance': '5000.00000000', 'crossUnPnl': '0.00000000', 'availableBalance': '5000.00000000', 'maxWithdrawAmount': '5000.00000000', 'marginAvailable': True, 'updateTime': 1776777601169}]
2026-04-21 21:55:04 | INFO     | bot.orders | Fetching USDT account balance
2026-04-21 21:55:04 | DEBUG    | bot.client | GET https://testnet.binancefuture.com/fapi/v2/balance | params: {'timestamp': 1776788704807, 'recvWindow': 5000}
2026-04-21 21:55:05 | DEBUG    | bot.client | Response [200]: []
2026-04-21 21:55:05 | DEBUG    | bot.client | Response [200]: [{'accountAlias': 'oCmYSgSgfWmYsR', 'asset': 'FDUSD', 'balance': '0.00000000', 'crossWalletBalance': '0.00000000', 'crossUnPnl': '0.00000000', 'availableBalance': '0.00000000', 'maxWithdrawAmount': '0.00000000', 'marginAvailable': True, 'updateTime': 0}, {'accountAlias': 'oCmYSgSgfWmYsR', 'asset': 'BNB', 'balance': '0.00000000', 'crossWalletBalance': '0.00000000', 'crossUnPnl': '0.00000000', 'availableBalance': '0.00000000', 'maxWithdrawAmount': '0.00000000', 'marginAvailable': True, 'updateTime': 0}, {'accountAlias': 'oCmYSgSgfWmYsR', 'asset': 'ETH', 'balance': '0.00000000', 'crossWalletBalance': '0.00000000', 'crossUnPnl': '0.00000000', 'availableBalance': '0.00000000', 'maxWithdrawAmount': '0.00000000', 'marginAvailable': True, 'updateTime': 0}, {'accountAlias': 'oCmYSgSgfWmYsR', 'asset': 'BTC', 'balance': '0.01000000', 'crossWalletBalance': '0.01000000', 'crossUnPnl': '0.00000000', 'availableBalance': '0.01000000', 'maxWithdrawAmount': '0.01000000', 'marginAvailable': True, 'updateTime': 1776777601189}, {'accountAlias': 'oCmYSgSgfWmYsR', 'asset': 'USDT', 'balance': '4973.71253575', 'crossWalletBalance': '4973.71253575', 'crossUnPnl': '-176.86722167', 'availableBalance': '1091.29436908', 'maxWithdrawAmount': '1091.29436908', 'marginAvailable': True, 'updateTime': 1776787201091}, {'accountAlias': 'oCmYSgSgfWmYsR', 'asset': 'USDC', 'balance': '5000.00000000', 'crossWalletBalance': '5000.00000000', 'crossUnPnl': '0.00000000', 'availableBalance': '5000.00000000', 'maxWithdrawAmount': '5000.00000000', 'marginAvailable': True, 'updateTime': 1776777601169}]
2026-04-21 21:55:08 | INFO     | bot.orders | Fetching USDT account balance
2026-04-21 21:55:08 | INFO     | bot.orders | Fetching open orders (symbol=ALL)
2026-04-21 21:55:08 | DEBUG    | bot.client | GET https://testnet.binancefuture.com/fapi/v2/balance | params: {'timestamp': 1776788708602, 'recvWindow': 5000}
2026-04-21 21:55:08 | DEBUG    | bot.client | GET https://testnet.binancefuture.com/fapi/v1/openOrders | params: {'timestamp': 1776788708603, 'recvWindow': 5000}
2026-04-21 21:55:09 | DEBUG    | bot.client | Response [200]: [{'accountAlias': 'oCmYSgSgfWmYsR', 'asset': 'FDUSD', 'balance': '0.00000000', 'crossWalletBalance': '0.00000000', 'crossUnPnl': '0.00000000', 'availableBalance': '0.00000000', 'maxWithdrawAmount': '0.00000000', 'marginAvailable': True, 'updateTime': 0}, {'accountAlias': 'oCmYSgSgfWmYsR', 'asset': 'BNB', 'balance': '0.00000000', 'crossWalletBalance': '0.00000000', 'crossUnPnl': '0.00000000', 'availableBalance': '0.00000000', 'maxWithdrawAmount': '0.00000000', 'marginAvailable': True, 'updateTime': 0}, {'accountAlias': 'oCmYSgSgfWmYsR', 'asset': 'ETH', 'balance': '0.00000000', 'crossWalletBalance': '0.00000000', 'crossUnPnl': '0.00000000', 'availableBalance': '0.00000000', 'maxWithdrawAmount': '0.00000000', 'marginAvailable': True, 'updateTime': 0}, {'accountAlias': 'oCmYSgSgfWmYsR', 'asset': 'BTC', 'balance': '0.01000000', 'crossWalletBalance': '0.01000000', 'crossUnPnl': '0.00000000', 'availableBalance': '0.01000000', 'maxWithdrawAmount': '0.01000000', 'marginAvailable': True, 'updateTime': 1776777601189}, {'accountAlias': 'oCmYSgSgfWmYsR', 'asset': 'USDT', 'balance': '4973.71253575', 'crossWalletBalance': '4973.71253575', 'crossUnPnl': '-194.25782167', 'availableBalance': '1073.03423908', 'maxWithdrawAmount': '1073.03423908', 'marginAvailable': True, 'updateTime': 1776787201091}, {'accountAlias': 'oCmYSgSgfWmYsR', 'asset': 'USDC', 'balance': '5000.00000000', 'crossWalletBalance': '5000.00000000', 'crossUnPnl': '0.00000000', 'availableBalance': '5000.00000000', 'maxWithdrawAmount': '5000.00000000', 'marginAvailable': True, 'updateTime': 1776777601169}]
2026-04-21 21:55:09 | DEBUG    | bot.client | Response [200]: []
2026-04-21 21:55:13 | INFO     | bot.orders | Fetching USDT account balance
2026-04-21 21:55:13 | INFO     | bot.orders | Fetching open orders (symbol=ALL)
2026-04-21 21:55:13 | DEBUG    | bot.client | GET https://testnet.binancefuture.com/fapi/v2/balance | params: {'timestamp': 1776788713598, 'recvWindow': 5000}
2026-04-21 21:55:13 | DEBUG    | bot.client | GET https://testnet.binancefuture.com/fapi/v1/openOrders | params: {'timestamp': 1776788713598, 'recvWindow': 5000}
2026-04-21 21:55:14 | DEBUG    | bot.client | Response [200]: []
2026-04-21 21:55:14 | DEBUG    | bot.client | Response [200]: [{'accountAlias': 'oCmYSgSgfWmYsR', 'asset': 'FDUSD', 'balance': '0.00000000', 'crossWalletBalance': '0.00000000', 'crossUnPnl': '0.00000000', 'availableBalance': '0.00000000', 'maxWithdrawAmount': '0.00000000', 'marginAvailable': True, 'updateTime': 0}, {'accountAlias': 'oCmYSgSgfWmYsR', 'asset': 'BNB', 'balance': '0.00000000', 'crossWalletBalance': '0.00000000', 'crossUnPnl': '0.00000000', 'availableBalance': '0.00000000', 'maxWithdrawAmount': '0.00000000', 'marginAvailable': True, 'updateTime': 0}, {'accountAlias': 'oCmYSgSgfWmYsR', 'asset': 'ETH', 'balance': '0.00000000', 'crossWalletBalance': '0.00000000', 'crossUnPnl': '0.00000000', 'availableBalance': '0.00000000', 'maxWithdrawAmount': '0.00000000', 'marginAvailable': True, 'updateTime': 0}, {'accountAlias': 'oCmYSgSgfWmYsR', 'asset': 'BTC', 'balance': '0.01000000', 'crossWalletBalance': '0.01000000', 'crossUnPnl': '0.00000000', 'availableBalance': '0.01000000', 'maxWithdrawAmount': '0.01000000', 'marginAvailable': True, 'updateTime': 1776777601189}, {'accountAlias': 'oCmYSgSgfWmYsR', 'asset': 'USDT', 'balance': '4973.71253575', 'crossWalletBalance': '4973.71253575', 'crossUnPnl': '-190.34982167', 'availableBalance': '1077.13763908', 'maxWithdrawAmount': '1077.13763908', 'marginAvailable': True, 'updateTime': 1776787201091}, {'accountAlias': 'oCmYSgSgfWmYsR', 'asset': 'USDC', 'balance': '5000.00000000', 'crossWalletBalance': '5000.00000000', 'crossUnPnl': '0.00000000', 'availableBalance': '5000.00000000', 'maxWithdrawAmount': '5000.00000000', 'marginAvailable': True, 'updateTime': 1776777601169}]
2026-04-21 21:55:18 | INFO     | bot.orders | Fetching open orders (symbol=ALL)
2026-04-21 21:55:18 | INFO     | bot.orders | Fetching USDT account balance
2026-04-21 21:55:18 | DEBUG    | bot.client | GET https://testnet.binancefuture.com/fapi/v1/openOrders | params: {'timestamp': 1776788718613, 'recvWindow': 5000}
2026-04-21 21:55:18 | DEBUG    | bot.client | GET https://testnet.binancefuture.com/fapi/v2/balance | params: {'timestamp': 1776788718614, 'recvWindow': 5000}
2026-04-21 21:55:19 | DEBUG    | bot.client | Response [200]: [{'accountAlias': 'oCmYSgSgfWmYsR', 'asset': 'FDUSD', 'balance': '0.00000000', 'crossWalletBalance': '0.00000000', 'crossUnPnl': '0.00000000', 'availableBalance': '0.00000000', 'maxWithdrawAmount': '0.00000000', 'marginAvailable': True, 'updateTime': 0}, {'accountAlias': 'oCmYSgSgfWmYsR', 'asset': 'BNB', 'balance': '0.00000000', 'crossWalletBalance': '0.00000000', 'crossUnPnl': '0.00000000', 'availableBalance': '0.00000000', 'maxWithdrawAmount': '0.00000000', 'marginAvailable': True, 'updateTime': 0}, {'accountAlias': 'oCmYSgSgfWmYsR', 'asset': 'ETH', 'balance': '0.00000000', 'crossWalletBalance': '0.00000000', 'crossUnPnl': '0.00000000', 'availableBalance': '0.00000000', 'maxWithdrawAmount': '0.00000000', 'marginAvailable': True, 'updateTime': 0}, {'accountAlias': 'oCmYSgSgfWmYsR', 'asset': 'BTC', 'balance': '0.01000000', 'crossWalletBalance': '0.01000000', 'crossUnPnl': '0.00000000', 'availableBalance': '0.01000000', 'maxWithdrawAmount': '0.01000000', 'marginAvailable': True, 'updateTime': 1776777601189}, {'accountAlias': 'oCmYSgSgfWmYsR', 'asset': 'USDT', 'balance': '4973.71253575', 'crossWalletBalance': '4973.71253575', 'crossUnPnl': '-195.52792167', 'availableBalance': '1071.70063408', 'maxWithdrawAmount': '1071.70063408', 'marginAvailable': True, 'updateTime': 1776787201091}, {'accountAlias': 'oCmYSgSgfWmYsR', 'asset': 'USDC', 'balance': '5000.00000000', 'crossWalletBalance': '5000.00000000', 'crossUnPnl': '0.00000000', 'availableBalance': '5000.00000000', 'maxWithdrawAmount': '5000.00000000', 'marginAvailable': True, 'updateTime': 1776777601169}]
2026-04-21 21:55:19 | DEBUG    | bot.client | Response [200]: []
2026-04-21 21:55:23 | INFO     | bot.orders | Fetching USDT account balance
2026-04-21 21:55:23 | INFO     | bot.orders | Fetching open orders (symbol=ALL)
2026-04-21 21:55:23 | DEBUG    | bot.client | GET https://testnet.binancefuture.com/fapi/v2/balance | params: {'timestamp': 1776788723598, 'recvWindow': 5000}
2026-04-21 21:55:23 | DEBUG    | bot.client | GET https://testnet.binancefuture.com/fapi/v1/openOrders | params: {'timestamp': 1776788723598, 'recvWindow': 5000}
2026-04-21 21:55:24 | DEBUG    | bot.client | Response [200]: [{'accountAlias': 'oCmYSgSgfWmYsR', 'asset': 'FDUSD', 'balance': '0.00000000', 'crossWalletBalance': '0.00000000', 'crossUnPnl': '0.00000000', 'availableBalance': '0.00000000', 'maxWithdrawAmount': '0.00000000', 'marginAvailable': True, 'updateTime': 0}, {'accountAlias': 'oCmYSgSgfWmYsR', 'asset': 'BNB', 'balance': '0.00000000', 'crossWalletBalance': '0.00000000', 'crossUnPnl': '0.00000000', 'availableBalance': '0.00000000', 'maxWithdrawAmount': '0.00000000', 'marginAvailable': True, 'updateTime': 0}, {'accountAlias': 'oCmYSgSgfWmYsR', 'asset': 'ETH', 'balance': '0.00000000', 'crossWalletBalance': '0.00000000', 'crossUnPnl': '0.00000000', 'availableBalance': '0.00000000', 'maxWithdrawAmount': '0.00000000', 'marginAvailable': True, 'updateTime': 0}, {'accountAlias': 'oCmYSgSgfWmYsR', 'asset': 'BTC', 'balance': '0.01000000', 'crossWalletBalance': '0.01000000', 'crossUnPnl': '0.00000000', 'availableBalance': '0.01000000', 'maxWithdrawAmount': '0.01000000', 'marginAvailable': True, 'updateTime': 1776777601189}, {'accountAlias': 'oCmYSgSgfWmYsR', 'asset': 'USDT', 'balance': '4973.71253575', 'crossWalletBalance': '4973.71253575', 'crossUnPnl': '-197.67732167', 'availableBalance': '1069.44376408', 'maxWithdrawAmount': '1069.44376408', 'marginAvailable': True, 'updateTime': 1776787201091}, {'accountAlias': 'oCmYSgSgfWmYsR', 'asset': 'USDC', 'balance': '5000.00000000', 'crossWalletBalance': '5000.00000000', 'crossUnPnl': '0.00000000', 'availableBalance': '5000.00000000', 'maxWithdrawAmount': '5000.00000000', 'marginAvailable': True, 'updateTime': 1776777601169}]
2026-04-21 21:55:24 | DEBUG    | bot.client | Response [200]: []
2026-04-21 21:55:28 | INFO     | bot.orders | Fetching open orders (symbol=ALL)
2026-04-21 21:55:28 | INFO     | bot.orders | Fetching USDT account balance
2026-04-21 21:55:28 | DEBUG    | bot.client | GET https://testnet.binancefuture.com/fapi/v1/openOrders | params: {'timestamp': 1776788728609, 'recvWindow': 5000}
2026-04-21 21:55:28 | DEBUG    | bot.client | GET https://testnet.binancefuture.com/fapi/v2/balance | params: {'timestamp': 1776788728609, 'recvWindow': 5000}
2026-04-21 21:55:29 | DEBUG    | bot.client | Response [200]: [{'accountAlias': 'oCmYSgSgfWmYsR', 'asset': 'FDUSD', 'balance': '0.00000000', 'crossWalletBalance': '0.00000000', 'crossUnPnl': '0.00000000', 'availableBalance': '0.00000000', 'maxWithdrawAmount': '0.00000000', 'marginAvailable': True, 'updateTime': 0}, {'accountAlias': 'oCmYSgSgfWmYsR', 'asset': 'BNB', 'balance': '0.00000000', 'crossWalletBalance': '0.00000000', 'crossUnPnl': '0.00000000', 'availableBalance': '0.00000000', 'maxWithdrawAmount': '0.00000000', 'marginAvailable': True, 'updateTime': 0}, {'accountAlias': 'oCmYSgSgfWmYsR', 'asset': 'ETH', 'balance': '0.00000000', 'crossWalletBalance': '0.00000000', 'crossUnPnl': '0.00000000', 'availableBalance': '0.00000000', 'maxWithdrawAmount': '0.00000000', 'marginAvailable': True, 'updateTime': 0}, {'accountAlias': 'oCmYSgSgfWmYsR', 'asset': 'BTC', 'balance': '0.01000000', 'crossWalletBalance': '0.01000000', 'crossUnPnl': '0.00000000', 'availableBalance': '0.01000000', 'maxWithdrawAmount': '0.01000000', 'marginAvailable': True, 'updateTime': 1776777601189}, {'accountAlias': 'oCmYSgSgfWmYsR', 'asset': 'USDT', 'balance': '4973.71253575', 'crossWalletBalance': '4973.71253575', 'crossUnPnl': '-192.40152167', 'availableBalance': '1074.98335408', 'maxWithdrawAmount': '1074.98335408', 'marginAvailable': True, 'updateTime': 1776787201091}, {'accountAlias': 'oCmYSgSgfWmYsR', 'asset': 'USDC', 'balance': '5000.00000000', 'crossWalletBalance': '5000.00000000', 'crossUnPnl': '0.00000000', 'availableBalance': '5000.00000000', 'maxWithdrawAmount': '5000.00000000', 'marginAvailable': True, 'updateTime': 1776777601169}]
2026-04-21 21:55:29 | DEBUG    | bot.client | Response [200]: []
2026-04-21 21:55:33 | INFO     | bot.orders | Fetching USDT account balance
2026-04-21 21:55:33 | INFO     | bot.orders | Fetching open orders (symbol=ALL)
2026-04-21 21:55:33 | DEBUG    | bot.client | GET https://testnet.binancefuture.com/fapi/v2/balance | params: {'timestamp': 1776788733601, 'recvWindow': 5000}
2026-04-21 21:55:33 | DEBUG    | bot.client | GET https://testnet.binancefuture.com/fapi/v1/openOrders | params: {'timestamp': 1776788733601, 'recvWindow': 5000}
2026-04-21 21:55:34 | DEBUG    | bot.client | Response [200]: []
2026-04-21 21:55:34 | DEBUG    | bot.client | Response [200]: [{'accountAlias': 'oCmYSgSgfWmYsR', 'asset': 'FDUSD', 'balance': '0.00000000', 'crossWalletBalance': '0.00000000', 'crossUnPnl': '0.00000000', 'availableBalance': '0.00000000', 'maxWithdrawAmount': '0.00000000', 'marginAvailable': True, 'updateTime': 0}, {'accountAlias': 'oCmYSgSgfWmYsR', 'asset': 'BNB', 'balance': '0.00000000', 'crossWalletBalance': '0.00000000', 'crossUnPnl': '0.00000000', 'availableBalance': '0.00000000', 'maxWithdrawAmount': '0.00000000', 'marginAvailable': True, 'updateTime': 0}, {'accountAlias': 'oCmYSgSgfWmYsR', 'asset': 'ETH', 'balance': '0.00000000', 'crossWalletBalance': '0.00000000', 'crossUnPnl': '0.00000000', 'availableBalance': '0.00000000', 'maxWithdrawAmount': '0.00000000', 'marginAvailable': True, 'updateTime': 0}, {'accountAlias': 'oCmYSgSgfWmYsR', 'asset': 'BTC', 'balance': '0.01000000', 'crossWalletBalance': '0.01000000', 'crossUnPnl': '0.00000000', 'availableBalance': '0.01000000', 'maxWithdrawAmount': '0.01000000', 'marginAvailable': True, 'updateTime': 1776777601189}, {'accountAlias': 'oCmYSgSgfWmYsR', 'asset': 'USDT', 'balance': '4973.71253575', 'crossWalletBalance': '4973.71253575', 'crossUnPnl': '-211.45302167', 'availableBalance': '1054.97927908', 'maxWithdrawAmount': '1054.97927908', 'marginAvailable': True, 'updateTime': 1776787201091}, {'accountAlias': 'oCmYSgSgfWmYsR', 'asset': 'USDC', 'balance': '5000.00000000', 'crossWalletBalance': '5000.00000000', 'crossUnPnl': '0.00000000', 'availableBalance': '5000.00000000', 'maxWithdrawAmount': '5000.00000000', 'marginAvailable': True, 'updateTime': 1776777601169}]
2026-04-21 21:55:38 | INFO     | bot.orders | Fetching open orders (symbol=ALL)
2026-04-21 21:55:38 | INFO     | bot.orders | Fetching USDT account balance
2026-04-21 21:55:38 | DEBUG    | bot.client | GET https://testnet.binancefuture.com/fapi/v1/openOrders | params: {'timestamp': 1776788738606, 'recvWindow': 5000}
2026-04-21 21:55:38 | DEBUG    | bot.client | GET https://testnet.binancefuture.com/fapi/v2/balance | params: {'timestamp': 1776788738606, 'recvWindow': 5000}
2026-04-21 21:55:39 | DEBUG    | bot.client | Response [200]: [{'accountAlias': 'oCmYSgSgfWmYsR', 'asset': 'FDUSD', 'balance': '0.00000000', 'crossWalletBalance': '0.00000000', 'crossUnPnl': '0.00000000', 'availableBalance': '0.00000000', 'maxWithdrawAmount': '0.00000000', 'marginAvailable': True, 'updateTime': 0}, {'accountAlias': 'oCmYSgSgfWmYsR', 'asset': 'BNB', 'balance': '0.00000000', 'crossWalletBalance': '0.00000000', 'crossUnPnl': '0.00000000', 'availableBalance': '0.00000000', 'maxWithdrawAmount': '0.00000000', 'marginAvailable': True, 'updateTime': 0}, {'accountAlias': 'oCmYSgSgfWmYsR', 'asset': 'ETH', 'balance': '0.00000000', 'crossWalletBalance': '0.00000000', 'crossUnPnl': '0.00000000', 'availableBalance': '0.00000000', 'maxWithdrawAmount': '0.00000000', 'marginAvailable': True, 'updateTime': 0}, {'accountAlias': 'oCmYSgSgfWmYsR', 'asset': 'BTC', 'balance': '0.01000000', 'crossWalletBalance': '0.01000000', 'crossUnPnl': '0.00000000', 'availableBalance': '0.01000000', 'maxWithdrawAmount': '0.01000000', 'marginAvailable': True, 'updateTime': 1776777601189}, {'accountAlias': 'oCmYSgSgfWmYsR', 'asset': 'USDT', 'balance': '4973.71253575', 'crossWalletBalance': '4973.71253575', 'crossUnPnl': '-207.64272167', 'availableBalance': '1058.98009408', 'maxWithdrawAmount': '1058.98009408', 'marginAvailable': True, 'updateTime': 1776787201091}, {'accountAlias': 'oCmYSgSgfWmYsR', 'asset': 'USDC', 'balance': '5000.00000000', 'crossWalletBalance': '5000.00000000', 'crossUnPnl': '0.00000000', 'availableBalance': '5000.00000000', 'maxWithdrawAmount': '5000.00000000', 'marginAvailable': True, 'updateTime': 1776777601169}]
2026-04-21 21:55:39 | DEBUG    | bot.client | Response [200]: []
2026-04-21 21:55:43 | INFO     | bot.orders | Fetching USDT account balance
2026-04-21 21:55:43 | INFO     | bot.orders | Fetching open orders (symbol=ALL)
2026-04-21 21:55:43 | DEBUG    | bot.client | GET https://testnet.binancefuture.com/fapi/v2/balance | params: {'timestamp': 1776788743611, 'recvWindow': 5000}
2026-04-21 21:55:43 | DEBUG    | bot.client | GET https://testnet.binancefuture.com/fapi/v1/openOrders | params: {'timestamp': 1776788743612, 'recvWindow': 5000}
2026-04-21 21:55:47 | DEBUG    | bot.client | Response [200]: [{'accountAlias': 'oCmYSgSgfWmYsR', 'asset': 'FDUSD', 'balance': '0.00000000', 'crossWalletBalance': '0.00000000', 'crossUnPnl': '0.00000000', 'availableBalance': '0.00000000', 'maxWithdrawAmount': '0.00000000', 'marginAvailable': True, 'updateTime': 0}, {'accountAlias': 'oCmYSgSgfWmYsR', 'asset': 'BNB', 'balance': '0.00000000', 'crossWalletBalance': '0.00000000', 'crossUnPnl': '0.00000000', 'availableBalance': '0.00000000', 'maxWithdrawAmount': '0.00000000', 'marginAvailable': True, 'updateTime': 0}, {'accountAlias': 'oCmYSgSgfWmYsR', 'asset': 'ETH', 'balance': '0.00000000', 'crossWalletBalance': '0.00000000', 'crossUnPnl': '0.00000000', 'availableBalance': '0.00000000', 'maxWithdrawAmount': '0.00000000', 'marginAvailable': True, 'updateTime': 0}, {'accountAlias': 'oCmYSgSgfWmYsR', 'asset': 'BTC', 'balance': '0.01000000', 'crossWalletBalance': '0.01000000', 'crossUnPnl': '0.00000000', 'availableBalance': '0.01000000', 'maxWithdrawAmount': '0.01000000', 'marginAvailable': True, 'updateTime': 1776777601189}, {'accountAlias': 'oCmYSgSgfWmYsR', 'asset': 'USDT', 'balance': '4973.71253575', 'crossWalletBalance': '4973.71253575', 'crossUnPnl': '-217.41272167', 'availableBalance': '1048.72159408', 'maxWithdrawAmount': '1048.72159408', 'marginAvailable': True, 'updateTime': 1776787201091}, {'accountAlias': 'oCmYSgSgfWmYsR', 'asset': 'USDC', 'balance': '5000.00000000', 'crossWalletBalance': '5000.00000000', 'crossUnPnl': '0.00000000', 'availableBalance': '5000.00000000', 'maxWithdrawAmount': '5000.00000000', 'marginAvailable': True, 'updateTime': 1776777601169}]
2026-04-21 21:55:47 | DEBUG    | bot.client | Response [200]: []
2026-04-21 21:55:48 | INFO     | bot.orders | Fetching USDT account balance
2026-04-21 21:55:48 | INFO     | bot.orders | Fetching open orders (symbol=ALL)
2026-04-21 21:55:48 | DEBUG    | bot.client | GET https://testnet.binancefuture.com/fapi/v2/balance | params: {'timestamp': 1776788748609, 'recvWindow': 5000}
2026-04-21 21:55:48 | DEBUG    | bot.client | GET https://testnet.binancefuture.com/fapi/v1/openOrders | params: {'timestamp': 1776788748610, 'recvWindow': 5000}
2026-04-21 21:55:50 | DEBUG    | bot.client | Response [200]: []
2026-04-21 21:55:51 | DEBUG    | bot.client | Response [200]: [{'accountAlias': 'oCmYSgSgfWmYsR', 'asset': 'FDUSD', 'balance': '0.00000000', 'crossWalletBalance': '0.00000000', 'crossUnPnl': '0.00000000', 'availableBalance': '0.00000000', 'maxWithdrawAmount': '0.00000000', 'marginAvailable': True, 'updateTime': 0}, {'accountAlias': 'oCmYSgSgfWmYsR', 'asset': 'BNB', 'balance': '0.00000000', 'crossWalletBalance': '0.00000000', 'crossUnPnl': '0.00000000', 'availableBalance': '0.00000000', 'maxWithdrawAmount': '0.00000000', 'marginAvailable': True, 'updateTime': 0}, {'accountAlias': 'oCmYSgSgfWmYsR', 'asset': 'ETH', 'balance': '0.00000000', 'crossWalletBalance': '0.00000000', 'crossUnPnl': '0.00000000', 'availableBalance': '0.00000000', 'maxWithdrawAmount': '0.00000000', 'marginAvailable': True, 'updateTime': 0}, {'accountAlias': 'oCmYSgSgfWmYsR', 'asset': 'BTC', 'balance': '0.01000000', 'crossWalletBalance': '0.01000000', 'crossUnPnl': '0.00000000', 'availableBalance': '0.01000000', 'maxWithdrawAmount': '0.01000000', 'marginAvailable': True, 'updateTime': 1776777601189}, {'accountAlias': 'oCmYSgSgfWmYsR', 'asset': 'USDT', 'balance': '4973.71253575', 'crossWalletBalance': '4973.71253575', 'crossUnPnl': '-220.05062167', 'availableBalance': '1045.95179908', 'maxWithdrawAmount': '1045.95179908', 'marginAvailable': True, 'updateTime': 1776787201091}, {'accountAlias': 'oCmYSgSgfWmYsR', 'asset': 'USDC', 'balance': '5000.00000000', 'crossWalletBalance': '5000.00000000', 'crossUnPnl': '0.00000000', 'availableBalance': '5000.00000000', 'maxWithdrawAmount': '5000.00000000', 'marginAvailable': True, 'updateTime': 1776777601169}]
2026-04-21 21:55:53 | INFO     | bot.orders | Fetching open orders (symbol=ALL)
2026-04-21 21:55:53 | INFO     | bot.orders | Fetching USDT account balance
2026-04-21 21:55:53 | DEBUG    | bot.client | GET https://testnet.binancefuture.com/fapi/v1/openOrders | params: {'timestamp': 1776788753603, 'recvWindow': 5000}
2026-04-21 21:55:53 | DEBUG    | bot.client | GET https://testnet.binancefuture.com/fapi/v2/balance | params: {'timestamp': 1776788753603, 'recvWindow': 5000}
2026-04-21 21:56:05 | ERROR    | bot.client | Request timed out after 10 seconds.
2026-04-21 21:56:05 | ERROR    | bot.client | Request timed out after 10 seconds.
2026-04-21 21:56:19 | INFO     | bot.orders | Fetching USDT account balance
2026-04-21 21:56:19 | DEBUG    | bot.client | GET https://testnet.binancefuture.com/fapi/v2/balance | params: {'timestamp': 1776788779903, 'recvWindow': 5000}
2026-04-21 21:56:19 | INFO     | bot.orders | Fetching open orders (symbol=ALL)
2026-04-21 21:56:19 | DEBUG    | bot.client | GET https://testnet.binancefuture.com/fapi/v1/openOrders | params: {'timestamp': 1776788779904, 'recvWindow': 5000}
2026-04-21 21:56:20 | DEBUG    | bot.client | Response [200]: [{'accountAlias': 'oCmYSgSgfWmYsR', 'asset': 'FDUSD', 'balance': '0.00000000', 'crossWalletBalance': '0.00000000', 'crossUnPnl': '0.00000000', 'availableBalance': '0.00000000', 'maxWithdrawAmount': '0.00000000', 'marginAvailable': True, 'updateTime': 0}, {'accountAlias': 'oCmYSgSgfWmYsR', 'asset': 'BNB', 'balance': '0.00000000', 'crossWalletBalance': '0.00000000', 'crossUnPnl': '0.00000000', 'availableBalance': '0.00000000', 'maxWithdrawAmount': '0.00000000', 'marginAvailable': True, 'updateTime': 0}, {'accountAlias': 'oCmYSgSgfWmYsR', 'asset': 'ETH', 'balance': '0.00000000', 'crossWalletBalance': '0.00000000', 'crossUnPnl': '0.00000000', 'availableBalance': '0.00000000', 'maxWithdrawAmount': '0.00000000', 'marginAvailable': True, 'updateTime': 0}, {'accountAlias': 'oCmYSgSgfWmYsR', 'asset': 'BTC', 'balance': '0.01000000', 'crossWalletBalance': '0.01000000', 'crossUnPnl': '0.00000000', 'availableBalance': '0.01000000', 'maxWithdrawAmount': '0.01000000', 'marginAvailable': True, 'updateTime': 1776777601189}, {'accountAlias': 'oCmYSgSgfWmYsR', 'asset': 'USDT', 'balance': '4973.71253575', 'crossWalletBalance': '4973.71253575', 'crossUnPnl': '-226.20572167', 'availableBalance': '1039.48894408', 'maxWithdrawAmount': '1039.48894408', 'marginAvailable': True, 'updateTime': 1776787201091}, {'accountAlias': 'oCmYSgSgfWmYsR', 'asset': 'USDC', 'balance': '5000.00000000', 'crossWalletBalance': '5000.00000000', 'crossUnPnl': '0.00000000', 'availableBalance': '5000.00000000', 'maxWithdrawAmount': '5000.00000000', 'marginAvailable': True, 'updateTime': 1776777601169}]
2026-04-21 21:56:20 | DEBUG    | bot.client | Response [200]: []
2026-04-21 21:57:19 | INFO     | bot.orders | Fetching USDT account balance
2026-04-21 21:57:19 | DEBUG    | bot.client | GET https://testnet.binancefuture.com/fapi/v2/balance | params: {'timestamp': 1776788839606, 'recvWindow': 5000}
2026-04-21 21:57:19 | INFO     | bot.orders | Fetching open orders (symbol=ALL)
2026-04-21 21:57:19 | DEBUG    | bot.client | GET https://testnet.binancefuture.com/fapi/v1/openOrders | params: {'timestamp': 1776788839914, 'recvWindow': 5000}
2026-04-21 21:57:20 | DEBUG    | bot.client | Response [200]: [{'accountAlias': 'oCmYSgSgfWmYsR', 'asset': 'FDUSD', 'balance': '0.00000000', 'crossWalletBalance': '0.00000000', 'crossUnPnl': '0.00000000', 'availableBalance': '0.00000000', 'maxWithdrawAmount': '0.00000000', 'marginAvailable': True, 'updateTime': 0}, {'accountAlias': 'oCmYSgSgfWmYsR', 'asset': 'BNB', 'balance': '0.00000000', 'crossWalletBalance': '0.00000000', 'crossUnPnl': '0.00000000', 'availableBalance': '0.00000000', 'maxWithdrawAmount': '0.00000000', 'marginAvailable': True, 'updateTime': 0}, {'accountAlias': 'oCmYSgSgfWmYsR', 'asset': 'ETH', 'balance': '0.00000000', 'crossWalletBalance': '0.00000000', 'crossUnPnl': '0.00000000', 'availableBalance': '0.00000000', 'maxWithdrawAmount': '0.00000000', 'marginAvailable': True, 'updateTime': 0}, {'accountAlias': 'oCmYSgSgfWmYsR', 'asset': 'BTC', 'balance': '0.01000000', 'crossWalletBalance': '0.01000000', 'crossUnPnl': '0.00000000', 'availableBalance': '0.01000000', 'maxWithdrawAmount': '0.01000000', 'marginAvailable': True, 'updateTime': 1776777601189}, {'accountAlias': 'oCmYSgSgfWmYsR', 'asset': 'USDT', 'balance': '4973.71253575', 'crossWalletBalance': '4973.71253575', 'crossUnPnl': '-260.59612167', 'availableBalance': '1003.37902408', 'maxWithdrawAmount': '1003.37902408', 'marginAvailable': True, 'updateTime': 1776787201091}, {'accountAlias': 'oCmYSgSgfWmYsR', 'asset': 'USDC', 'balance': '5000.00000000', 'crossWalletBalance': '5000.00000000', 'crossUnPnl': '0.00000000', 'availableBalance': '5000.00000000', 'maxWithdrawAmount': '5000.00000000', 'marginAvailable': True, 'updateTime': 1776777601169}]
2026-04-21 21:57:21 | DEBUG    | bot.client | Response [200]: []
2026-04-21 21:58:19 | INFO     | bot.orders | Fetching USDT account balance
2026-04-21 21:58:19 | DEBUG    | bot.client | GET https://testnet.binancefuture.com/fapi/v2/balance | params: {'timestamp': 1776788899909, 'recvWindow': 5000}
2026-04-21 21:58:19 | DEBUG    | bot.client | GET https://testnet.binancefuture.com/fapi/v1/openOrders | params: {'timestamp': 1776788899910, 'recvWindow': 5000}
2026-04-21 21:58:24 | DEBUG    | bot.client | Response [200]: []
2026-04-21 21:58:25 | ERROR    | bot.client | HTTP error 400: {'code': -1021, 'msg': 'Timestamp for this request is outside of the recvWindow.'}
2026-04-21 21:59:19 | INFO     | bot.orders | Fetching USDT account balance
2026-04-21 21:59:19 | DEBUG    | bot.client | GET https://testnet.binancefuture.com/fapi/v2/balance | params: {'timestamp': 1776788959610, 'recvWindow': 5000}
2026-04-21 21:59:19 | INFO     | bot.orders | Fetching open orders (symbol=ALL)
2026-04-21 21:59:19 | DEBUG    | bot.client | GET https://testnet.binancefuture.com/fapi/v1/openOrders | params: {'timestamp': 1776788959917, 'recvWindow': 5000}
2026-04-21 21:59:20 | DEBUG    | bot.client | Response [200]: [{'accountAlias': 'oCmYSgSgfWmYsR', 'asset': 'FDUSD', 'balance': '0.00000000', 'crossWalletBalance': '0.00000000', 'crossUnPnl': '0.00000000', 'availableBalance': '0.00000000', 'maxWithdrawAmount': '0.00000000', 'marginAvailable': True, 'updateTime': 0}, {'accountAlias': 'oCmYSgSgfWmYsR', 'asset': 'BNB', 'balance': '0.00000000', 'crossWalletBalance': '0.00000000', 'crossUnPnl': '0.00000000', 'availableBalance': '0.00000000', 'maxWithdrawAmount': '0.00000000', 'marginAvailable': True, 'updateTime': 0}, {'accountAlias': 'oCmYSgSgfWmYsR', 'asset': 'ETH', 'balance': '0.00000000', 'crossWalletBalance': '0.00000000', 'crossUnPnl': '0.00000000', 'availableBalance': '0.00000000', 'maxWithdrawAmount': '0.00000000', 'marginAvailable': True, 'updateTime': 0}, {'accountAlias': 'oCmYSgSgfWmYsR', 'asset': 'BTC', 'balance': '0.01000000', 'crossWalletBalance': '0.01000000', 'crossUnPnl': '0.00000000', 'availableBalance': '0.01000000', 'maxWithdrawAmount': '0.01000000', 'marginAvailable': True, 'updateTime': 1776777601189}, {'accountAlias': 'oCmYSgSgfWmYsR', 'asset': 'USDT', 'balance': '4973.71253575', 'crossWalletBalance': '4973.71253575', 'crossUnPnl': '-162.89612167', 'availableBalance': '1047.44172408', 'maxWithdrawAmount': '1047.44172408', 'marginAvailable': True, 'updateTime': 1776787201091}, {'accountAlias': 'oCmYSgSgfWmYsR', 'asset': 'USDC', 'balance': '5000.00000000', 'crossWalletBalance': '5000.00000000', 'crossUnPnl': '0.00000000', 'availableBalance': '5000.00000000', 'maxWithdrawAmount': '5000.00000000', 'marginAvailable': True, 'updateTime': 1776777601169}]
2026-04-21 21:59:20 | DEBUG    | bot.client | Response [200]: []
2026-04-21 22:00:19 | INFO     | bot.orders | Fetching USDT account balance
2026-04-21 22:00:19 | INFO     | bot.orders | Fetching open orders (symbol=ALL)
2026-04-21 22:00:19 | DEBUG    | bot.client | GET https://testnet.binancefuture.com/fapi/v2/balance | params: {'timestamp': 1776789019919, 'recvWindow': 5000}
2026-04-21 22:00:19 | DEBUG    | bot.client | GET https://testnet.binancefuture.com/fapi/v1/openOrders | params: {'timestamp': 1776789019919, 'recvWindow': 5000}
2026-04-21 22:00:20 | DEBUG    | bot.client | Response [200]: []
2026-04-21 22:00:20 | DEBUG    | bot.client | Response [200]: [{'accountAlias': 'oCmYSgSgfWmYsR', 'asset': 'FDUSD', 'balance': '0.00000000', 'crossWalletBalance': '0.00000000', 'crossUnPnl': '0.00000000', 'availableBalance': '0.00000000', 'maxWithdrawAmount': '0.00000000', 'marginAvailable': True, 'updateTime': 0}, {'accountAlias': 'oCmYSgSgfWmYsR', 'asset': 'BNB', 'balance': '0.00000000', 'crossWalletBalance': '0.00000000', 'crossUnPnl': '0.00000000', 'availableBalance': '0.00000000', 'maxWithdrawAmount': '0.00000000', 'marginAvailable': True, 'updateTime': 0}, {'accountAlias': 'oCmYSgSgfWmYsR', 'asset': 'ETH', 'balance': '0.00000000', 'crossWalletBalance': '0.00000000', 'crossUnPnl': '0.00000000', 'availableBalance': '0.00000000', 'maxWithdrawAmount': '0.00000000', 'marginAvailable': True, 'updateTime': 0}, {'accountAlias': 'oCmYSgSgfWmYsR', 'asset': 'BTC', 'balance': '0.01000000', 'crossWalletBalance': '0.01000000', 'crossUnPnl': '0.00000000', 'availableBalance': '0.01000000', 'maxWithdrawAmount': '0.01000000', 'marginAvailable': True, 'updateTime': 1776777601189}, {'accountAlias': 'oCmYSgSgfWmYsR', 'asset': 'USDT', 'balance': '4973.71253575', 'crossWalletBalance': '4973.71253575', 'crossUnPnl': '-130.83227372', 'availableBalance': '1125.25091647', 'maxWithdrawAmount': '1125.25091647', 'marginAvailable': True, 'updateTime': 1776787201091}, {'accountAlias': 'oCmYSgSgfWmYsR', 'asset': 'USDC', 'balance': '5000.00000000', 'crossWalletBalance': '5000.00000000', 'crossUnPnl': '0.00000000', 'availableBalance': '5000.00000000', 'maxWithdrawAmount': '5000.00000000', 'marginAvailable': True, 'updateTime': 1776777601169}]
2026-04-21 22:01:19 | INFO     | bot.orders | Fetching USDT account balance
2026-04-21 22:01:19 | DEBUG    | bot.client | GET https://testnet.binancefuture.com/fapi/v2/balance | params: {'timestamp': 1776789079613, 'recvWindow': 5000}
2026-04-21 22:01:19 | INFO     | bot.orders | Fetching open orders (symbol=ALL)
2026-04-21 22:01:19 | DEBUG    | bot.client | GET https://testnet.binancefuture.com/fapi/v1/openOrders | params: {'timestamp': 1776789079919, 'recvWindow': 5000}
2026-04-21 22:01:20 | DEBUG    | bot.client | Response [200]: [{'accountAlias': 'oCmYSgSgfWmYsR', 'asset': 'FDUSD', 'balance': '0.00000000', 'crossWalletBalance': '0.00000000', 'crossUnPnl': '0.00000000', 'availableBalance': '0.00000000', 'maxWithdrawAmount': '0.00000000', 'marginAvailable': True, 'updateTime': 0}, {'accountAlias': 'oCmYSgSgfWmYsR', 'asset': 'BNB', 'balance': '0.00000000', 'crossWalletBalance': '0.00000000', 'crossUnPnl': '0.00000000', 'availableBalance': '0.00000000', 'maxWithdrawAmount': '0.00000000', 'marginAvailable': True, 'updateTime': 0}, {'accountAlias': 'oCmYSgSgfWmYsR', 'asset': 'ETH', 'balance': '0.00000000', 'crossWalletBalance': '0.00000000', 'crossUnPnl': '0.00000000', 'availableBalance': '0.00000000', 'maxWithdrawAmount': '0.00000000', 'marginAvailable': True, 'updateTime': 0}, {'accountAlias': 'oCmYSgSgfWmYsR', 'asset': 'BTC', 'balance': '0.01000000', 'crossWalletBalance': '0.01000000', 'crossUnPnl': '0.00000000', 'availableBalance': '0.01000000', 'maxWithdrawAmount': '0.01000000', 'marginAvailable': True, 'updateTime': 1776777601189}, {'accountAlias': 'oCmYSgSgfWmYsR', 'asset': 'USDT', 'balance': '4973.71253575', 'crossWalletBalance': '4973.71253575', 'crossUnPnl': '-256.10682438', 'availableBalance': '1008.09278623', 'maxWithdrawAmount': '1008.09278623', 'marginAvailable': True, 'updateTime': 1776787201091}, {'accountAlias': 'oCmYSgSgfWmYsR', 'asset': 'USDC', 'balance': '5000.00000000', 'crossWalletBalance': '5000.00000000', 'crossUnPnl': '0.00000000', 'availableBalance': '5000.00000000', 'maxWithdrawAmount': '5000.00000000', 'marginAvailable': True, 'updateTime': 1776777601169}]
2026-04-21 22:01:20 | DEBUG    | bot.client | Response [200]: []
2026-04-21 22:02:19 | INFO     | bot.orders | Fetching USDT account balance
2026-04-21 22:02:19 | INFO     | bot.orders | Fetching open orders (symbol=ALL)
2026-04-21 22:02:19 | DEBUG    | bot.client | GET https://testnet.binancefuture.com/fapi/v2/balance | params: {'timestamp': 1776789139907, 'recvWindow': 5000}
2026-04-21 22:02:19 | DEBUG    | bot.client | GET https://testnet.binancefuture.com/fapi/v1/openOrders | params: {'timestamp': 1776789139907, 'recvWindow': 5000}
2026-04-21 22:02:21 | DEBUG    | bot.client | Response [200]: [{'accountAlias': 'oCmYSgSgfWmYsR', 'asset': 'FDUSD', 'balance': '0.00000000', 'crossWalletBalance': '0.00000000', 'crossUnPnl': '0.00000000', 'availableBalance': '0.00000000', 'maxWithdrawAmount': '0.00000000', 'marginAvailable': True, 'updateTime': 0}, {'accountAlias': 'oCmYSgSgfWmYsR', 'asset': 'BNB', 'balance': '0.00000000', 'crossWalletBalance': '0.00000000', 'crossUnPnl': '0.00000000', 'availableBalance': '0.00000000', 'maxWithdrawAmount': '0.00000000', 'marginAvailable': True, 'updateTime': 0}, {'accountAlias': 'oCmYSgSgfWmYsR', 'asset': 'ETH', 'balance': '0.00000000', 'crossWalletBalance': '0.00000000', 'crossUnPnl': '0.00000000', 'availableBalance': '0.00000000', 'maxWithdrawAmount': '0.00000000', 'marginAvailable': True, 'updateTime': 0}, {'accountAlias': 'oCmYSgSgfWmYsR', 'asset': 'BTC', 'balance': '0.01000000', 'crossWalletBalance': '0.01000000', 'crossUnPnl': '0.00000000', 'availableBalance': '0.01000000', 'maxWithdrawAmount': '0.01000000', 'marginAvailable': True, 'updateTime': 1776777601189}, {'accountAlias': 'oCmYSgSgfWmYsR', 'asset': 'USDT', 'balance': '4973.71253575', 'crossWalletBalance': '4973.71253575', 'crossUnPnl': '-207.83812167', 'availableBalance': '1058.77492408', 'maxWithdrawAmount': '1058.77492408', 'marginAvailable': True, 'updateTime': 1776787201091}, {'accountAlias': 'oCmYSgSgfWmYsR', 'asset': 'USDC', 'balance': '5000.00000000', 'crossWalletBalance': '5000.00000000', 'crossUnPnl': '0.00000000', 'availableBalance': '5000.00000000', 'maxWithdrawAmount': '5000.00000000', 'marginAvailable': True, 'updateTime': 1776777601169}]
2026-04-21 22:02:21 | DEBUG    | bot.client | Response [200]: []
2026-04-21 22:03:19 | INFO     | bot.orders | Fetching USDT account balance
2026-04-21 22:03:19 | DEBUG    | bot.client | GET https://testnet.binancefuture.com/fapi/v2/balance | params: {'timestamp': 1776789199610, 'recvWindow': 5000}
2026-04-21 22:03:19 | INFO     | bot.orders | Fetching open orders (symbol=ALL)
2026-04-21 22:03:19 | DEBUG    | bot.client | GET https://testnet.binancefuture.com/fapi/v1/openOrders | params: {'timestamp': 1776789199920, 'recvWindow': 5000}
2026-04-21 22:03:20 | DEBUG    | bot.client | Response [200]: [{'accountAlias': 'oCmYSgSgfWmYsR', 'asset': 'FDUSD', 'balance': '0.00000000', 'crossWalletBalance': '0.00000000', 'crossUnPnl': '0.00000000', 'availableBalance': '0.00000000', 'maxWithdrawAmount': '0.00000000', 'marginAvailable': True, 'updateTime': 0}, {'accountAlias': 'oCmYSgSgfWmYsR', 'asset': 'BNB', 'balance': '0.00000000', 'crossWalletBalance': '0.00000000', 'crossUnPnl': '0.00000000', 'availableBalance': '0.00000000', 'maxWithdrawAmount': '0.00000000', 'marginAvailable': True, 'updateTime': 0}, {'accountAlias': 'oCmYSgSgfWmYsR', 'asset': 'ETH', 'balance': '0.00000000', 'crossWalletBalance': '0.00000000', 'crossUnPnl': '0.00000000', 'availableBalance': '0.00000000', 'maxWithdrawAmount': '0.00000000', 'marginAvailable': True, 'updateTime': 0}, {'accountAlias': 'oCmYSgSgfWmYsR', 'asset': 'BTC', 'balance': '0.01000000', 'crossWalletBalance': '0.01000000', 'crossUnPnl': '0.00000000', 'availableBalance': '0.01000000', 'maxWithdrawAmount': '0.01000000', 'marginAvailable': True, 'updateTime': 1776777601189}, {'accountAlias': 'oCmYSgSgfWmYsR', 'asset': 'USDT', 'balance': '4973.71253575', 'crossWalletBalance': '4973.71253575', 'crossUnPnl': '-259.22832167', 'availableBalance': '1004.81521408', 'maxWithdrawAmount': '1004.81521408', 'marginAvailable': True, 'updateTime': 1776787201091}, {'accountAlias': 'oCmYSgSgfWmYsR', 'asset': 'USDC', 'balance': '5000.00000000', 'crossWalletBalance': '5000.00000000', 'crossUnPnl': '0.00000000', 'availableBalance': '5000.00000000', 'maxWithdrawAmount': '5000.00000000', 'marginAvailable': True, 'updateTime': 1776777601169}]
2026-04-21 22:03:20 | DEBUG    | bot.client | Response [200]: []
2026-04-21 22:04:19 | INFO     | bot.orders | Fetching USDT account balance
2026-04-21 22:04:19 | DEBUG    | bot.client | GET https://testnet.binancefuture.com/fapi/v2/balance | params: {'timestamp': 1776789259921, 'recvWindow': 5000}
2026-04-21 22:04:19 | DEBUG    | bot.client | GET https://testnet.binancefuture.com/fapi/v1/openOrders | params: {'timestamp': 1776789259922, 'recvWindow': 5000}
2026-04-21 22:04:20 | DEBUG    | bot.client | Response [200]: [{'accountAlias': 'oCmYSgSgfWmYsR', 'asset': 'FDUSD', 'balance': '0.00000000', 'crossWalletBalance': '0.00000000', 'crossUnPnl': '0.00000000', 'availableBalance': '0.00000000', 'maxWithdrawAmount': '0.00000000', 'marginAvailable': True, 'updateTime': 0}, {'accountAlias': 'oCmYSgSgfWmYsR', 'asset': 'BNB', 'balance': '0.00000000', 'crossWalletBalance': '0.00000000', 'crossUnPnl': '0.00000000', 'availableBalance': '0.00000000', 'maxWithdrawAmount': '0.00000000', 'marginAvailable': True, 'updateTime': 0}, {'accountAlias': 'oCmYSgSgfWmYsR', 'asset': 'ETH', 'balance': '0.00000000', 'crossWalletBalance': '0.00000000', 'crossUnPnl': '0.00000000', 'availableBalance': '0.00000000', 'maxWithdrawAmount': '0.00000000', 'marginAvailable': True, 'updateTime': 0}, {'accountAlias': 'oCmYSgSgfWmYsR', 'asset': 'BTC', 'balance': '0.01000000', 'crossWalletBalance': '0.01000000', 'crossUnPnl': '0.00000000', 'availableBalance': '0.01000000', 'maxWithdrawAmount': '0.01000000', 'marginAvailable': True, 'updateTime': 1776777601189}, {'accountAlias': 'oCmYSgSgfWmYsR', 'asset': 'USDT', 'balance': '4973.71253575', 'crossWalletBalance': '4973.71253575', 'crossUnPnl': '-254.92952167', 'availableBalance': '1009.32895408', 'maxWithdrawAmount': '1009.32895408', 'marginAvailable': True, 'updateTime': 1776787201091}, {'accountAlias': 'oCmYSgSgfWmYsR', 'asset': 'USDC', 'balance': '5000.00000000', 'crossWalletBalance': '5000.00000000', 'crossUnPnl': '0.00000000', 'availableBalance': '5000.00000000', 'maxWithdrawAmount': '5000.00000000', 'marginAvailable': True, 'updateTime': 1776777601169}]
2026-04-21 22:04:21 | DEBUG    | bot.client | Response [200]: []
2026-04-21 22:05:19 | INFO     | bot.orders | Fetching USDT account balance
2026-04-21 22:05:19 | DEBUG    | bot.client | GET https://testnet.binancefuture.com/fapi/v2/balance | params: {'timestamp': 1776789319611, 'recvWindow': 5000}
2026-04-21 22:05:19 | INFO     | bot.orders | Fetching open orders (symbol=ALL)
2026-04-21 22:05:19 | DEBUG    | bot.client | GET https://testnet.binancefuture.com/fapi/v1/openOrders | params: {'timestamp': 1776789319923, 'recvWindow': 5000}
2026-04-21 22:05:20 | DEBUG    | bot.client | Response [200]: [{'accountAlias': 'oCmYSgSgfWmYsR', 'asset': 'FDUSD', 'balance': '0.00000000', 'crossWalletBalance': '0.00000000', 'crossUnPnl': '0.00000000', 'availableBalance': '0.00000000', 'maxWithdrawAmount': '0.00000000', 'marginAvailable': True, 'updateTime': 0}, {'accountAlias': 'oCmYSgSgfWmYsR', 'asset': 'BNB', 'balance': '0.00000000', 'crossWalletBalance': '0.00000000', 'crossUnPnl': '0.00000000', 'availableBalance': '0.00000000', 'maxWithdrawAmount': '0.00000000', 'marginAvailable': True, 'updateTime': 0}, {'accountAlias': 'oCmYSgSgfWmYsR', 'asset': 'ETH', 'balance': '0.00000000', 'crossWalletBalance': '0.00000000', 'crossUnPnl': '0.00000000', 'availableBalance': '0.00000000', 'maxWithdrawAmount': '0.00000000', 'marginAvailable': True, 'updateTime': 0}, {'accountAlias': 'oCmYSgSgfWmYsR', 'asset': 'BTC', 'balance': '0.01000000', 'crossWalletBalance': '0.01000000', 'crossUnPnl': '0.00000000', 'availableBalance': '0.01000000', 'maxWithdrawAmount': '0.01000000', 'marginAvailable': True, 'updateTime': 1776777601189}, {'accountAlias': 'oCmYSgSgfWmYsR', 'asset': 'USDT', 'balance': '4973.71253575', 'crossWalletBalance': '4973.71253575', 'crossUnPnl': '-424.34132167', 'availableBalance': '831.44656408', 'maxWithdrawAmount': '831.44656408', 'marginAvailable': True, 'updateTime': 1776787201091}, {'accountAlias': 'oCmYSgSgfWmYsR', 'asset': 'USDC', 'balance': '5000.00000000', 'crossWalletBalance': '5000.00000000', 'crossUnPnl': '0.00000000', 'availableBalance': '5000.00000000', 'maxWithdrawAmount': '5000.00000000', 'marginAvailable': True, 'updateTime': 1776777601169}]
2026-04-21 22:05:20 | DEBUG    | bot.client | Response [200]: []
2026-04-21 22:06:19 | INFO     | bot.orders | Fetching USDT account balance
2026-04-21 22:06:19 | DEBUG    | bot.client | GET https://testnet.binancefuture.com/fapi/v2/balance | params: {'timestamp': 1776789379914, 'recvWindow': 5000}
2026-04-21 22:06:19 | INFO     | bot.orders | Fetching open orders (symbol=ALL)
2026-04-21 22:06:19 | DEBUG    | bot.client | GET https://testnet.binancefuture.com/fapi/v1/openOrders | params: {'timestamp': 1776789379917, 'recvWindow': 5000}
2026-04-21 22:06:20 | DEBUG    | bot.client | Response [200]: []
2026-04-21 22:06:20 | DEBUG    | bot.client | Response [200]: [{'accountAlias': 'oCmYSgSgfWmYsR', 'asset': 'FDUSD', 'balance': '0.00000000', 'crossWalletBalance': '0.00000000', 'crossUnPnl': '0.00000000', 'availableBalance': '0.00000000', 'maxWithdrawAmount': '0.00000000', 'marginAvailable': True, 'updateTime': 0}, {'accountAlias': 'oCmYSgSgfWmYsR', 'asset': 'BNB', 'balance': '0.00000000', 'crossWalletBalance': '0.00000000', 'crossUnPnl': '0.00000000', 'availableBalance': '0.00000000', 'maxWithdrawAmount': '0.00000000', 'marginAvailable': True, 'updateTime': 0}, {'accountAlias': 'oCmYSgSgfWmYsR', 'asset': 'ETH', 'balance': '0.00000000', 'crossWalletBalance': '0.00000000', 'crossUnPnl': '0.00000000', 'availableBalance': '0.00000000', 'maxWithdrawAmount': '0.00000000', 'marginAvailable': True, 'updateTime': 0}, {'accountAlias': 'oCmYSgSgfWmYsR', 'asset': 'BTC', 'balance': '0.01000000', 'crossWalletBalance': '0.01000000', 'crossUnPnl': '0.00000000', 'availableBalance': '0.01000000', 'maxWithdrawAmount': '0.01000000', 'marginAvailable': True, 'updateTime': 1776777601189}, {'accountAlias': 'oCmYSgSgfWmYsR', 'asset': 'USDT', 'balance': '4973.71253575', 'crossWalletBalance': '4973.71253575', 'crossUnPnl': '-413.07153818', 'availableBalance': '843.27983674', 'maxWithdrawAmount': '843.27983674', 'marginAvailable': True, 'updateTime': 1776787201091}, {'accountAlias': 'oCmYSgSgfWmYsR', 'asset': 'USDC', 'balance': '5000.00000000', 'crossWalletBalance': '5000.00000000', 'crossUnPnl': '0.00000000', 'availableBalance': '5000.00000000', 'maxWithdrawAmount': '5000.00000000', 'marginAvailable': True, 'updateTime': 1776777601169}]
2026-04-21 22:07:19 | INFO     | bot.orders | Fetching USDT account balance
2026-04-21 22:07:19 | DEBUG    | bot.client | GET https://testnet.binancefuture.com/fapi/v2/balance | params: {'timestamp': 1776789439609, 'recvWindow': 5000}
2026-04-21 22:07:19 | INFO     | bot.orders | Fetching open orders (symbol=ALL)
2026-04-21 22:07:19 | DEBUG    | bot.client | GET https://testnet.binancefuture.com/fapi/v1/openOrders | params: {'timestamp': 1776789439913, 'recvWindow': 5000}
2026-04-21 22:07:20 | DEBUG    | bot.client | Response [200]: [{'accountAlias': 'oCmYSgSgfWmYsR', 'asset': 'FDUSD', 'balance': '0.00000000', 'crossWalletBalance': '0.00000000', 'crossUnPnl': '0.00000000', 'availableBalance': '0.00000000', 'maxWithdrawAmount': '0.00000000', 'marginAvailable': True, 'updateTime': 0}, {'accountAlias': 'oCmYSgSgfWmYsR', 'asset': 'BNB', 'balance': '0.00000000', 'crossWalletBalance': '0.00000000', 'crossUnPnl': '0.00000000', 'availableBalance': '0.00000000', 'maxWithdrawAmount': '0.00000000', 'marginAvailable': True, 'updateTime': 0}, {'accountAlias': 'oCmYSgSgfWmYsR', 'asset': 'ETH', 'balance': '0.00000000', 'crossWalletBalance': '0.00000000', 'crossUnPnl': '0.00000000', 'availableBalance': '0.00000000', 'maxWithdrawAmount': '0.00000000', 'marginAvailable': True, 'updateTime': 0}, {'accountAlias': 'oCmYSgSgfWmYsR', 'asset': 'BTC', 'balance': '0.01000000', 'crossWalletBalance': '0.01000000', 'crossUnPnl': '0.00000000', 'availableBalance': '0.01000000', 'maxWithdrawAmount': '0.01000000', 'marginAvailable': True, 'updateTime': 1776777601189}, {'accountAlias': 'oCmYSgSgfWmYsR', 'asset': 'USDT', 'balance': '4973.71253575', 'crossWalletBalance': '4973.71253575', 'crossUnPnl': '-378.35807330', 'availableBalance': '879.72897486', 'maxWithdrawAmount': '879.72897486', 'marginAvailable': True, 'updateTime': 1776787201091}, {'accountAlias': 'oCmYSgSgfWmYsR', 'asset': 'USDC', 'balance': '5000.00000000', 'crossWalletBalance': '5000.00000000', 'crossUnPnl': '0.00000000', 'availableBalance': '5000.00000000', 'maxWithdrawAmount': '5000.00000000', 'marginAvailable': True, 'updateTime': 1776777601169}]
2026-04-21 22:07:20 | DEBUG    | bot.client | Response [200]: []
2026-04-21 22:08:19 | INFO     | bot.orders | Fetching USDT account balance
2026-04-21 22:08:19 | INFO     | bot.orders | Fetching open orders (symbol=ALL)
2026-04-21 22:08:19 | DEBUG    | bot.client | GET https://testnet.binancefuture.com/fapi/v2/balance | params: {'timestamp': 1776789499912, 'recvWindow': 5000}
2026-04-21 22:08:19 | DEBUG    | bot.client | GET https://testnet.binancefuture.com/fapi/v1/openOrders | params: {'timestamp': 1776789499913, 'recvWindow': 5000}
2026-04-21 22:08:20 | DEBUG    | bot.client | Response [200]: []
2026-04-21 22:08:20 | DEBUG    | bot.client | Response [200]: [{'accountAlias': 'oCmYSgSgfWmYsR', 'asset': 'FDUSD', 'balance': '0.00000000', 'crossWalletBalance': '0.00000000', 'crossUnPnl': '0.00000000', 'availableBalance': '0.00000000', 'maxWithdrawAmount': '0.00000000', 'marginAvailable': True, 'updateTime': 0}, {'accountAlias': 'oCmYSgSgfWmYsR', 'asset': 'BNB', 'balance': '0.00000000', 'crossWalletBalance': '0.00000000', 'crossUnPnl': '0.00000000', 'availableBalance': '0.00000000', 'maxWithdrawAmount': '0.00000000', 'marginAvailable': True, 'updateTime': 0}, {'accountAlias': 'oCmYSgSgfWmYsR', 'asset': 'ETH', 'balance': '0.00000000', 'crossWalletBalance': '0.00000000', 'crossUnPnl': '0.00000000', 'availableBalance': '0.00000000', 'maxWithdrawAmount': '0.00000000', 'marginAvailable': True, 'updateTime': 0}, {'accountAlias': 'oCmYSgSgfWmYsR', 'asset': 'BTC', 'balance': '0.01000000', 'crossWalletBalance': '0.01000000', 'crossUnPnl': '0.00000000', 'availableBalance': '0.01000000', 'maxWithdrawAmount': '0.01000000', 'marginAvailable': True, 'updateTime': 1776777601189}, {'accountAlias': 'oCmYSgSgfWmYsR', 'asset': 'USDT', 'balance': '4973.71253575', 'crossWalletBalance': '4973.71253575', 'crossUnPnl': '-323.90572167', 'availableBalance': '936.90394408', 'maxWithdrawAmount': '936.90394408', 'marginAvailable': True, 'updateTime': 1776787201091}, {'accountAlias': 'oCmYSgSgfWmYsR', 'asset': 'USDC', 'balance': '5000.00000000', 'crossWalletBalance': '5000.00000000', 'crossUnPnl': '0.00000000', 'availableBalance': '5000.00000000', 'maxWithdrawAmount': '5000.00000000', 'marginAvailable': True, 'updateTime': 1776777601169}]
2026-04-21 22:09:19 | INFO     | bot.orders | Fetching USDT account balance
2026-04-21 22:09:19 | DEBUG    | bot.client | GET https://testnet.binancefuture.com/fapi/v2/balance | params: {'timestamp': 1776789559607, 'recvWindow': 5000}
2026-04-21 22:09:19 | INFO     | bot.orders | Fetching open orders (symbol=ALL)
2026-04-21 22:09:19 | DEBUG    | bot.client | GET https://testnet.binancefuture.com/fapi/v1/openOrders | params: {'timestamp': 1776789559916, 'recvWindow': 5000}
2026-04-21 22:09:20 | DEBUG    | bot.client | Response [200]: [{'accountAlias': 'oCmYSgSgfWmYsR', 'asset': 'FDUSD', 'balance': '0.00000000', 'crossWalletBalance': '0.00000000', 'crossUnPnl': '0.00000000', 'availableBalance': '0.00000000', 'maxWithdrawAmount': '0.00000000', 'marginAvailable': True, 'updateTime': 0}, {'accountAlias': 'oCmYSgSgfWmYsR', 'asset': 'BNB', 'balance': '0.00000000', 'crossWalletBalance': '0.00000000', 'crossUnPnl': '0.00000000', 'availableBalance': '0.00000000', 'maxWithdrawAmount': '0.00000000', 'marginAvailable': True, 'updateTime': 0}, {'accountAlias': 'oCmYSgSgfWmYsR', 'asset': 'ETH', 'balance': '0.00000000', 'crossWalletBalance': '0.00000000', 'crossUnPnl': '0.00000000', 'availableBalance': '0.00000000', 'maxWithdrawAmount': '0.00000000', 'marginAvailable': True, 'updateTime': 0}, {'accountAlias': 'oCmYSgSgfWmYsR', 'asset': 'BTC', 'balance': '0.01000000', 'crossWalletBalance': '0.01000000', 'crossUnPnl': '0.00000000', 'availableBalance': '0.01000000', 'maxWithdrawAmount': '0.01000000', 'marginAvailable': True, 'updateTime': 1776777601189}, {'accountAlias': 'oCmYSgSgfWmYsR', 'asset': 'USDT', 'balance': '4973.71253575', 'crossWalletBalance': '4973.71253575', 'crossUnPnl': '-293.52102167', 'availableBalance': '968.80787908', 'maxWithdrawAmount': '968.80787908', 'marginAvailable': True, 'updateTime': 1776787201091}, {'accountAlias': 'oCmYSgSgfWmYsR', 'asset': 'USDC', 'balance': '5000.00000000', 'crossWalletBalance': '5000.00000000', 'crossUnPnl': '0.00000000', 'availableBalance': '5000.00000000', 'maxWithdrawAmount': '5000.00000000', 'marginAvailable': True, 'updateTime': 1776777601169}]
2026-04-21 22:09:20 | DEBUG    | bot.client | Response [200]: []
2026-04-21 22:10:19 | INFO     | bot.orders | Fetching USDT account balance
2026-04-21 22:10:19 | DEBUG    | bot.client | GET https://testnet.binancefuture.com/fapi/v2/balance | params: {'timestamp': 1776789619918, 'recvWindow': 5000}
2026-04-21 22:10:19 | INFO     | bot.orders | Fetching open orders (symbol=ALL)
2026-04-21 22:10:19 | DEBUG    | bot.client | GET https://testnet.binancefuture.com/fapi/v1/openOrders | params: {'timestamp': 1776789619918, 'recvWindow': 5000}
2026-04-21 22:10:20 | DEBUG    | bot.client | Response [200]: []
2026-04-21 22:10:20 | DEBUG    | bot.client | Response [200]: [{'accountAlias': 'oCmYSgSgfWmYsR', 'asset': 'FDUSD', 'balance': '0.00000000', 'crossWalletBalance': '0.00000000', 'crossUnPnl': '0.00000000', 'availableBalance': '0.00000000', 'maxWithdrawAmount': '0.00000000', 'marginAvailable': True, 'updateTime': 0}, {'accountAlias': 'oCmYSgSgfWmYsR', 'asset': 'BNB', 'balance': '0.00000000', 'crossWalletBalance': '0.00000000', 'crossUnPnl': '0.00000000', 'availableBalance': '0.00000000', 'maxWithdrawAmount': '0.00000000', 'marginAvailable': True, 'updateTime': 0}, {'accountAlias': 'oCmYSgSgfWmYsR', 'asset': 'ETH', 'balance': '0.00000000', 'crossWalletBalance': '0.00000000', 'crossUnPnl': '0.00000000', 'availableBalance': '0.00000000', 'maxWithdrawAmount': '0.00000000', 'marginAvailable': True, 'updateTime': 0}, {'accountAlias': 'oCmYSgSgfWmYsR', 'asset': 'BTC', 'balance': '0.01000000', 'crossWalletBalance': '0.01000000', 'crossUnPnl': '0.00000000', 'availableBalance': '0.01000000', 'maxWithdrawAmount': '0.01000000', 'marginAvailable': True, 'updateTime': 1776777601189}, {'accountAlias': 'oCmYSgSgfWmYsR', 'asset': 'USDT', 'balance': '4973.71253575', 'crossWalletBalance': '4973.71253575', 'crossUnPnl': '-365.71456055', 'availableBalance': '893.00466325', 'maxWithdrawAmount': '893.00466325', 'marginAvailable': True, 'updateTime': 1776787201091}, {'accountAlias': 'oCmYSgSgfWmYsR', 'asset': 'USDC', 'balance': '5000.00000000', 'crossWalletBalance': '5000.00000000', 'crossUnPnl': '0.00000000', 'availableBalance': '5000.00000000', 'maxWithdrawAmount': '5000.00000000', 'marginAvailable': True, 'updateTime': 1776777601169}]
2026-04-21 22:11:19 | INFO     | bot.orders | Fetching USDT account balance
2026-04-21 22:11:19 | DEBUG    | bot.client | GET https://testnet.binancefuture.com/fapi/v2/balance | params: {'timestamp': 1776789679608, 'recvWindow': 5000}
2026-04-21 22:11:19 | INFO     | bot.orders | Fetching open orders (symbol=ALL)
2026-04-21 22:11:19 | DEBUG    | bot.client | GET https://testnet.binancefuture.com/fapi/v1/openOrders | params: {'timestamp': 1776789679911, 'recvWindow': 5000}
2026-04-21 22:11:20 | DEBUG    | bot.client | Response [200]: [{'accountAlias': 'oCmYSgSgfWmYsR', 'asset': 'FDUSD', 'balance': '0.00000000', 'crossWalletBalance': '0.00000000', 'crossUnPnl': '0.00000000', 'availableBalance': '0.00000000', 'maxWithdrawAmount': '0.00000000', 'marginAvailable': True, 'updateTime': 0}, {'accountAlias': 'oCmYSgSgfWmYsR', 'asset': 'BNB', 'balance': '0.00000000', 'crossWalletBalance': '0.00000000', 'crossUnPnl': '0.00000000', 'availableBalance': '0.00000000', 'maxWithdrawAmount': '0.00000000', 'marginAvailable': True, 'updateTime': 0}, {'accountAlias': 'oCmYSgSgfWmYsR', 'asset': 'ETH', 'balance': '0.00000000', 'crossWalletBalance': '0.00000000', 'crossUnPnl': '0.00000000', 'availableBalance': '0.00000000', 'maxWithdrawAmount': '0.00000000', 'marginAvailable': True, 'updateTime': 0}, {'accountAlias': 'oCmYSgSgfWmYsR', 'asset': 'BTC', 'balance': '0.01000000', 'crossWalletBalance': '0.01000000', 'crossUnPnl': '0.00000000', 'availableBalance': '0.01000000', 'maxWithdrawAmount': '0.01000000', 'marginAvailable': True, 'updateTime': 1776777601189}, {'accountAlias': 'oCmYSgSgfWmYsR', 'asset': 'USDT', 'balance': '4973.71253575', 'crossWalletBalance': '4973.71253575', 'crossUnPnl': '-349.94779827', 'availableBalance': '894.95864025', 'maxWithdrawAmount': '894.95864025', 'marginAvailable': True, 'updateTime': 1776787201091}, {'accountAlias': 'oCmYSgSgfWmYsR', 'asset': 'USDC', 'balance': '5000.00000000', 'crossWalletBalance': '5000.00000000', 'crossUnPnl': '0.00000000', 'availableBalance': '5000.00000000', 'maxWithdrawAmount': '5000.00000000', 'marginAvailable': True, 'updateTime': 1776777601169}]
2026-04-21 22:11:20 | DEBUG    | bot.client | Response [200]: []
2026-04-21 22:12:19 | INFO     | bot.orders | Fetching USDT account balance
2026-04-21 22:12:19 | INFO     | bot.orders | Fetching open orders (symbol=ALL)
2026-04-21 22:12:19 | DEBUG    | bot.client | GET https://testnet.binancefuture.com/fapi/v2/balance | params: {'timestamp': 1776789739912, 'recvWindow': 5000}
2026-04-21 22:12:19 | DEBUG    | bot.client | GET https://testnet.binancefuture.com/fapi/v1/openOrders | params: {'timestamp': 1776789739912, 'recvWindow': 5000}
2026-04-21 22:12:20 | DEBUG    | bot.client | Response [200]: []
2026-04-21 22:12:20 | DEBUG    | bot.client | Response [200]: [{'accountAlias': 'oCmYSgSgfWmYsR', 'asset': 'FDUSD', 'balance': '0.00000000', 'crossWalletBalance': '0.00000000', 'crossUnPnl': '0.00000000', 'availableBalance': '0.00000000', 'maxWithdrawAmount': '0.00000000', 'marginAvailable': True, 'updateTime': 0}, {'accountAlias': 'oCmYSgSgfWmYsR', 'asset': 'BNB', 'balance': '0.00000000', 'crossWalletBalance': '0.00000000', 'crossUnPnl': '0.00000000', 'availableBalance': '0.00000000', 'maxWithdrawAmount': '0.00000000', 'marginAvailable': True, 'updateTime': 0}, {'accountAlias': 'oCmYSgSgfWmYsR', 'asset': 'ETH', 'balance': '0.00000000', 'crossWalletBalance': '0.00000000', 'crossUnPnl': '0.00000000', 'availableBalance': '0.00000000', 'maxWithdrawAmount': '0.00000000', 'marginAvailable': True, 'updateTime': 0}, {'accountAlias': 'oCmYSgSgfWmYsR', 'asset': 'BTC', 'balance': '0.01000000', 'crossWalletBalance': '0.01000000', 'crossUnPnl': '0.00000000', 'availableBalance': '0.01000000', 'maxWithdrawAmount': '0.01000000', 'marginAvailable': True, 'updateTime': 1776777601189}, {'accountAlias': 'oCmYSgSgfWmYsR', 'asset': 'USDT', 'balance': '4973.71253575', 'crossWalletBalance': '4973.71253575', 'crossUnPnl': '-333.53173807', 'availableBalance': '912.87694326', 'maxWithdrawAmount': '912.87694326', 'marginAvailable': True, 'updateTime': 1776787201091}, {'accountAlias': 'oCmYSgSgfWmYsR', 'asset': 'USDC', 'balance': '5000.00000000', 'crossWalletBalance': '5000.00000000', 'crossUnPnl': '0.00000000', 'availableBalance': '5000.00000000', 'maxWithdrawAmount': '5000.00000000', 'marginAvailable': True, 'updateTime': 1776777601169}]
2026-04-21 22:13:19 | INFO     | bot.orders | Fetching USDT account balance
2026-04-21 22:13:19 | DEBUG    | bot.client | GET https://testnet.binancefuture.com/fapi/v2/balance | params: {'timestamp': 1776789799614, 'recvWindow': 5000}
2026-04-21 22:13:19 | INFO     | bot.orders | Fetching open orders (symbol=ALL)
2026-04-21 22:13:19 | DEBUG    | bot.client | GET https://testnet.binancefuture.com/fapi/v1/openOrders | params: {'timestamp': 1776789799924, 'recvWindow': 5000}
2026-04-21 22:13:20 | DEBUG    | bot.client | Response [200]: []
2026-04-21 22:13:20 | DEBUG    | bot.client | Response [200]: [{'accountAlias': 'oCmYSgSgfWmYsR', 'asset': 'FDUSD', 'balance': '0.00000000', 'crossWalletBalance': '0.00000000', 'crossUnPnl': '0.00000000', 'availableBalance': '0.00000000', 'maxWithdrawAmount': '0.00000000', 'marginAvailable': True, 'updateTime': 0}, {'accountAlias': 'oCmYSgSgfWmYsR', 'asset': 'BNB', 'balance': '0.00000000', 'crossWalletBalance': '0.00000000', 'crossUnPnl': '0.00000000', 'availableBalance': '0.00000000', 'maxWithdrawAmount': '0.00000000', 'marginAvailable': True, 'updateTime': 0}, {'accountAlias': 'oCmYSgSgfWmYsR', 'asset': 'ETH', 'balance': '0.00000000', 'crossWalletBalance': '0.00000000', 'crossUnPnl': '0.00000000', 'availableBalance': '0.00000000', 'maxWithdrawAmount': '0.00000000', 'marginAvailable': True, 'updateTime': 0}, {'accountAlias': 'oCmYSgSgfWmYsR', 'asset': 'BTC', 'balance': '0.01000000', 'crossWalletBalance': '0.01000000', 'crossUnPnl': '0.00000000', 'availableBalance': '0.01000000', 'maxWithdrawAmount': '0.01000000', 'marginAvailable': True, 'updateTime': 1776777601189}, {'accountAlias': 'oCmYSgSgfWmYsR', 'asset': 'USDT', 'balance': '4973.71253575', 'crossWalletBalance': '4973.71253575', 'crossUnPnl': '-210.40425112', 'availableBalance': '951.27431760', 'maxWithdrawAmount': '951.27431760', 'marginAvailable': True, 'updateTime': 1776787201091}, {'accountAlias': 'oCmYSgSgfWmYsR', 'asset': 'USDC', 'balance': '5000.00000000', 'crossWalletBalance': '5000.00000000', 'crossUnPnl': '0.00000000', 'availableBalance': '5000.00000000', 'maxWithdrawAmount': '5000.00000000', 'marginAvailable': True, 'updateTime': 1776777601169}]
2026-04-21 22:14:19 | INFO     | bot.orders | Fetching USDT account balance
2026-04-21 22:14:19 | DEBUG    | bot.client | GET https://testnet.binancefuture.com/fapi/v2/balance | params: {'timestamp': 1776789859913, 'recvWindow': 5000}
2026-04-21 22:14:19 | DEBUG    | bot.client | GET https://testnet.binancefuture.com/fapi/v1/openOrders | params: {'timestamp': 1776789859913, 'recvWindow': 5000}
2026-04-21 22:14:20 | DEBUG    | bot.client | Response [200]: [{'accountAlias': 'oCmYSgSgfWmYsR', 'asset': 'FDUSD', 'balance': '0.00000000', 'crossWalletBalance': '0.00000000', 'crossUnPnl': '0.00000000', 'availableBalance': '0.00000000', 'maxWithdrawAmount': '0.00000000', 'marginAvailable': True, 'updateTime': 0}, {'accountAlias': 'oCmYSgSgfWmYsR', 'asset': 'BNB', 'balance': '0.00000000', 'crossWalletBalance': '0.00000000', 'crossUnPnl': '0.00000000', 'availableBalance': '0.00000000', 'maxWithdrawAmount': '0.00000000', 'marginAvailable': True, 'updateTime': 0}, {'accountAlias': 'oCmYSgSgfWmYsR', 'asset': 'ETH', 'balance': '0.00000000', 'crossWalletBalance': '0.00000000', 'crossUnPnl': '0.00000000', 'availableBalance': '0.00000000', 'maxWithdrawAmount': '0.00000000', 'marginAvailable': True, 'updateTime': 0}, {'accountAlias': 'oCmYSgSgfWmYsR', 'asset': 'BTC', 'balance': '0.01000000', 'crossWalletBalance': '0.01000000', 'crossUnPnl': '0.00000000', 'availableBalance': '0.01000000', 'maxWithdrawAmount': '0.01000000', 'marginAvailable': True, 'updateTime': 1776777601189}, {'accountAlias': 'oCmYSgSgfWmYsR', 'asset': 'USDT', 'balance': '4973.71253575', 'crossWalletBalance': '4973.71253575', 'crossUnPnl': '-155.86172167', 'availableBalance': '1009.88584408', 'maxWithdrawAmount': '1009.88584408', 'marginAvailable': True, 'updateTime': 1776787201091}, {'accountAlias': 'oCmYSgSgfWmYsR', 'asset': 'USDC', 'balance': '5000.00000000', 'crossWalletBalance': '5000.00000000', 'crossUnPnl': '0.00000000', 'availableBalance': '5000.00000000', 'maxWithdrawAmount': '5000.00000000', 'marginAvailable': True, 'updateTime': 1776777601169}]
2026-04-21 22:14:20 | DEBUG    | bot.client | Response [200]: []
2026-04-21 22:15:19 | INFO     | bot.orders | Fetching USDT account balance
2026-04-21 22:15:19 | DEBUG    | bot.client | GET https://testnet.binancefuture.com/fapi/v2/balance | params: {'timestamp': 1776789919610, 'recvWindow': 5000}
2026-04-21 22:15:19 | INFO     | bot.orders | Fetching open orders (symbol=ALL)
2026-04-21 22:15:19 | DEBUG    | bot.client | GET https://testnet.binancefuture.com/fapi/v1/openOrders | params: {'timestamp': 1776789919919, 'recvWindow': 5000}
2026-04-21 22:15:23 | DEBUG    | bot.client | Response [200]: []
2026-04-21 22:15:23 | DEBUG    | bot.client | Response [200]: [{'accountAlias': 'oCmYSgSgfWmYsR', 'asset': 'FDUSD', 'balance': '0.00000000', 'crossWalletBalance': '0.00000000', 'crossUnPnl': '0.00000000', 'availableBalance': '0.00000000', 'maxWithdrawAmount': '0.00000000', 'marginAvailable': True, 'updateTime': 0}, {'accountAlias': 'oCmYSgSgfWmYsR', 'asset': 'BNB', 'balance': '0.00000000', 'crossWalletBalance': '0.00000000', 'crossUnPnl': '0.00000000', 'availableBalance': '0.00000000', 'maxWithdrawAmount': '0.00000000', 'marginAvailable': True, 'updateTime': 0}, {'accountAlias': 'oCmYSgSgfWmYsR', 'asset': 'ETH', 'balance': '0.00000000', 'crossWalletBalance': '0.00000000', 'crossUnPnl': '0.00000000', 'availableBalance': '0.00000000', 'maxWithdrawAmount': '0.00000000', 'marginAvailable': True, 'updateTime': 0}, {'accountAlias': 'oCmYSgSgfWmYsR', 'asset': 'BTC', 'balance': '0.01000000', 'crossWalletBalance': '0.01000000', 'crossUnPnl': '0.00000000', 'availableBalance': '0.01000000', 'maxWithdrawAmount': '0.01000000', 'marginAvailable': True, 'updateTime': 1776777601189}, {'accountAlias': 'oCmYSgSgfWmYsR', 'asset': 'USDT', 'balance': '4973.71253575', 'crossWalletBalance': '4973.71253575', 'crossUnPnl': '-214.09092167', 'availableBalance': '997.10668408', 'maxWithdrawAmount': '997.10668408', 'marginAvailable': True, 'updateTime': 1776787201091}, {'accountAlias': 'oCmYSgSgfWmYsR', 'asset': 'USDC', 'balance': '5000.00000000', 'crossWalletBalance': '5000.00000000', 'crossUnPnl': '0.00000000', 'availableBalance': '5000.00000000', 'maxWithdrawAmount': '5000.00000000', 'marginAvailable': True, 'updateTime': 1776777601169}]
2026-04-21 22:19:16 | INFO     | bot.orders | Fetching open orders (symbol=ALL)
2026-04-21 22:19:16 | INFO     | bot.orders | Fetching USDT account balance
re.com/fapi/v1/openOrders | params: {'timestamp': 1776790156083, 'recvWindow': 5000}
2026-04-21 22:19:16 | DEBUG    | bot.client | GET https://testnet.binancefuture.com/fapi/v2/balance | params: {'timestamp': 1776790156084, 'recvWindow': 5000}
2026-04-21 22:19:25 | ERROR    | bot.client | HTTP error 400: {'code': -1021, 'msg': 'Timestamp for this request is outside of the recvWindow.'}
2026-04-21 22:19:25 | ERROR    | bot.client | HTTP error 400: {'code': -1021, 'msg': 'Timestamp for this request is outside of the recvWindow.'}
2026-04-21 22:19:25 | INFO     | bot.orders | Fetching USDT account balance
2026-04-21 22:19:25 | DEBUG    | bot.client | GET https://testnet.binancefuture.com/fapi/v2/balance | params: {'timestamp': 1776790165464, 'recvWindow': 5000}
2026-04-21 22:19:25 | INFO     | bot.orders | Fetching open orders (symbol=ALL)
2026-04-21 22:19:25 | DEBUG    | bot.client | GET https://testnet.binancefuture.com/fapi/v1/openOrders | params: {'timestamp': 1776790165465, 'recvWindow': 5000}
2026-04-21 22:19:27 | DEBUG    | bot.client | Response [200]: []
2026-04-21 22:19:27 | INFO     | bot.orders | Fetching open orders (symbol=ALL)
2026-04-21 22:19:27 | DEBUG    | bot.client | GET https://testnet.binancefuture.com/fapi/v1/openOrders | params: {'timestamp': 1776790167385, 'recvWindow': 5000}
2026-04-21 22:19:27 | DEBUG    | bot.client | Response [200]: [{'accountAlias': 'oCmYSgSgfWmYsR', 'asset': 'FDUSD', 'balance': '0.00000000', 'crossWalletBalance': '0.00000000', 'crossUnPnl': '0.00000000', 'availableBalance': '0.00000000', 'maxWithdrawAmount': '0.00000000', 'marginAvailable': True, 'updateTime': 0}, {'accountAlias': 'oCmYSgSgfWmYsR', 'asset': 'BNB', 'balance': '0.00000000', 'crossWalletBalance': '0.00000000', 'crossUnPnl': '0.00000000', 'availableBalance': '0.00000000', 'maxWithdrawAmount': '0.00000000', 'marginAvailable': True, 'updateTime': 0}, {'accountAlias': 'oCmYSgSgfWmYsR', 'asset': 'ETH', 'balance': '0.00000000', 'crossWalletBalance': '0.00000000', 'crossUnPnl': '0.00000000', 'availableBalance': '0.00000000', 'maxWithdrawAmount': '0.00000000', 'marginAvailable': True, 'updateTime': 0}, {'accountAlias': 'oCmYSgSgfWmYsR', 'asset': 'BTC', 'balance': '0.01000000', 'crossWalletBalance': '0.01000000', 'crossUnPnl': '0.00000000', 'availableBalance': '0.01000000', 'maxWithdrawAmount': '0.01000000', 'marginAvailable': True, 'updateTime': 1776777601189}, {'accountAlias': 'oCmYSgSgfWmYsR', 'asset': 'USDT', 'balance': '4973.71253575', 'crossWalletBalance': '4973.71253575', 'crossUnPnl': '-304.02141767', 'availableBalance': '955.19105928', 'maxWithdrawAmount': '955.19105928', 'marginAvailable': True, 'updateTime': 1776787201091}, {'accountAlias': 'oCmYSgSgfWmYsR', 'asset': 'USDC', 'balance': '5000.00000000', 'crossWalletBalance': '5000.00000000', 'crossUnPnl': '0.00000000', 'availableBalance': '5000.00000000', 'maxWithdrawAmount': '5000.00000000', 'marginAvailable': True, 'updateTime': 1776777601169}]
2026-04-21 22:19:27 | INFO     | bot.orders | Fetching USDT account balance
2026-04-21 22:19:27 | DEBUG    | bot.client | GET https://testnet.binancefuture.com/fapi/v2/balance | params: {'timestamp': 1776790167442, 'recvWindow': 5000}
2026-04-21 22:19:28 | DEBUG    | bot.client | Response [200]: []
2026-04-21 22:19:28 | DEBUG    | bot.client | Response [200]: [{'accountAlias': 'oCmYSgSgfWmYsR', 'asset': 'FDUSD', 'balance': '0.00000000', 'crossWalletBalance': '0.00000000', 'crossUnPnl': '0.00000000', 'availableBalance': '0.00000000', 'maxWithdrawAmount': '0.00000000', 'marginAvailable': True, 'updateTime': 0}, {'accountAlias': 'oCmYSgSgfWmYsR', 'asset': 'BNB', 'balance': '0.00000000', 'crossWalletBalance': '0.00000000', 'crossUnPnl': '0.00000000', 'availableBalance': '0.00000000', 'maxWithdrawAmount': '0.00000000', 'marginAvailable': True, 'updateTime': 0}, {'accountAlias': 'oCmYSgSgfWmYsR', 'asset': 'ETH', 'balance': '0.00000000', 'crossWalletBalance': '0.00000000', 'crossUnPnl': '0.00000000', 'availableBalance': '0.00000000', 'maxWithdrawAmount': '0.00000000', 'marginAvailable': True, 'updateTime': 0}, {'accountAlias': 'oCmYSgSgfWmYsR', 'asset': 'BTC', 'balance': '0.01000000', 'crossWalletBalance': '0.01000000', 'crossUnPnl': '0.00000000', 'availableBalance': '0.01000000', 'maxWithdrawAmount': '0.01000000', 'marginAvailable': True, 'updateTime': 1776777601189}, {'accountAlias': 'oCmYSgSgfWmYsR', 'asset': 'USDT', 'balance': '4973.71253575', 'crossWalletBalance': '4973.71253575', 'crossUnPnl': '-304.01653267', 'availableBalance': '943.36960353', 'maxWithdrawAmount': '943.36960353', 'marginAvailable': True, 'updateTime': 1776787201091}, {'accountAlias': 'oCmYSgSgfWmYsR', 'asset': 'USDC', 'balance': '5000.00000000', 'crossWalletBalance': '5000.00000000', 'crossUnPnl': '0.00000000', 'availableBalance': '5000.00000000', 'maxWithdrawAmount': '5000.00000000', 'marginAvailable': True, 'updateTime': 1776777601169}]
2026-04-21 22:19:31 | INFO     | bot.orders | Fetching open orders (symbol=ALL)
2026-04-21 22:19:31 | INFO     | bot.orders | Fetching USDT account balance
2026-04-21 22:19:31 | DEBUG    | bot.client | GET https://testnet.binancefuture.com/fapi/v1/openOrders | params: {'timestamp': 1776790171608, 'recvWindow': 5000}
2026-04-21 22:19:31 | DEBUG    | bot.client | GET https://testnet.binancefuture.com/fapi/v2/balance | params: {'timestamp': 1776790171608, 'recvWindow': 5000}
2026-04-21 22:19:32 | DEBUG    | bot.client | Response [200]: []
2026-04-21 22:19:32 | DEBUG    | bot.client | Response [200]: [{'accountAlias': 'oCmYSgSgfWmYsR', 'asset': 'FDUSD', 'balance': '0.00000000', 'crossWalletBalance': '0.00000000', 'crossUnPnl': '0.00000000', 'availableBalance': '0.00000000', 'maxWithdrawAmount': '0.00000000', 'marginAvailable': True, 'updateTime': 0}, {'accountAlias': 'oCmYSgSgfWmYsR', 'asset': 'BNB', 'balance': '0.00000000', 'crossWalletBalance': '0.00000000', 'crossUnPnl': '0.00000000', 'availableBalance': '0.00000000', 'maxWithdrawAmount': '0.00000000', 'marginAvailable': True, 'updateTime': 0}, {'accountAlias': 'oCmYSgSgfWmYsR', 'asset': 'ETH', 'balance': '0.00000000', 'crossWalletBalance': '0.00000000', 'crossUnPnl': '0.00000000', 'availableBalance': '0.00000000', 'maxWithdrawAmount': '0.00000000', 'marginAvailable': True, 'updateTime': 0}, {'accountAlias': 'oCmYSgSgfWmYsR', 'asset': 'BTC', 'balance': '0.01000000', 'crossWalletBalance': '0.01000000', 'crossUnPnl': '0.00000000', 'availableBalance': '0.01000000', 'maxWithdrawAmount': '0.01000000', 'marginAvailable': True, 'updateTime': 1776777601189}, {'accountAlias': 'oCmYSgSgfWmYsR', 'asset': 'USDT', 'balance': '4973.71253575', 'crossWalletBalance': '4973.71253575', 'crossUnPnl': '-305.82738093', 'availableBalance': '955.88620185', 'maxWithdrawAmount': '955.88620185', 'marginAvailable': True, 'updateTime': 1776787201091}, {'accountAlias': 'oCmYSgSgfWmYsR', 'asset': 'USDC', 'balance': '5000.00000000', 'crossWalletBalance': '5000.00000000', 'crossUnPnl': '0.00000000', 'availableBalance': '5000.00000000', 'maxWithdrawAmount': '5000.00000000', 'marginAvailable': True, 'updateTime': 1776777601169}]
2026-04-21 22:19:36 | INFO     | bot.orders | Fetching open orders (symbol=ALL)
2026-04-21 22:19:36 | INFO     | bot.orders | Fetching USDT account balance
2026-04-21 22:19:36 | DEBUG    | bot.client | GET https://testnet.binancefuture.com/fapi/v1/openOrders | params: {'timestamp': 1776790176602, 'recvWindow': 5000}
2026-04-21 22:19:36 | DEBUG    | bot.client | GET https://testnet.binancefuture.com/fapi/v2/balance | params: {'timestamp': 1776790176602, 'recvWindow': 5000}
2026-04-21 22:19:43 | ERROR    | bot.client | Could not connect to Binance testnet. Check your internet connection.
2026-04-21 22:19:43 | ERROR    | bot.client | Could not connect to Binance testnet. Check your internet connection.
2026-04-21 22:19:43 | INFO     | bot.orders | Fetching open orders (symbol=ALL)
2026-04-21 22:19:43 | DEBUG    | bot.client | GET https://testnet.binancefuture.com/fapi/v1/openOrders | params: {'timestamp': 1776790183586, 'recvWindow': 5000}
2026-04-21 22:19:43 | INFO     | bot.orders | Fetching USDT account balance
2026-04-21 22:19:43 | DEBUG    | bot.client | GET https://testnet.binancefuture.com/fapi/v2/balance | params: {'timestamp': 1776790183588, 'recvWindow': 5000}
2026-04-21 22:19:45 | DEBUG    | bot.client | Response [200]: []
2026-04-21 22:19:46 | DEBUG    | bot.client | Response [200]: [{'accountAlias': 'oCmYSgSgfWmYsR', 'asset': 'FDUSD', 'balance': '0.00000000', 'crossWalletBalance': '0.00000000', 'crossUnPnl': '0.00000000', 'availableBalance': '0.00000000', 'maxWithdrawAmount': '0.00000000', 'marginAvailable': True, 'updateTime': 0}, {'accountAlias': 'oCmYSgSgfWmYsR', 'asset': 'BNB', 'balance': '0.00000000', 'crossWalletBalance': '0.00000000', 'crossUnPnl': '0.00000000', 'availableBalance': '0.00000000', 'maxWithdrawAmount': '0.00000000', 'marginAvailable': True, 'updateTime': 0}, {'accountAlias': 'oCmYSgSgfWmYsR', 'asset': 'ETH', 'balance': '0.00000000', 'crossWalletBalance': '0.00000000', 'crossUnPnl': '0.00000000', 'availableBalance': '0.00000000', 'maxWithdrawAmount': '0.00000000', 'marginAvailable': True, 'updateTime': 0}, {'accountAlias': 'oCmYSgSgfWmYsR', 'asset': 'BTC', 'balance': '0.01000000', 'crossWalletBalance': '0.01000000', 'crossUnPnl': '0.00000000', 'availableBalance': '0.01000000', 'maxWithdrawAmount': '0.01000000', 'marginAvailable': True, 'updateTime': 1776777601189}, {'accountAlias': 'oCmYSgSgfWmYsR', 'asset': 'USDT', 'balance': '4973.71253575', 'crossWalletBalance': '4973.71253575', 'crossUnPnl': '-321.08323593', 'availableBalance': '939.86755410', 'maxWithdrawAmount': '939.86755410', 'marginAvailable': True, 'updateTime': 1776787201091}, {'accountAlias': 'oCmYSgSgfWmYsR', 'asset': 'USDC', 'balance': '5000.00000000', 'crossWalletBalance': '5000.00000000', 'crossUnPnl': '0.00000000', 'availableBalance': '5000.00000000', 'maxWithdrawAmount': '5000.00000000', 'marginAvailable': True, 'updateTime': 1776777601169}]
2026-04-21 22:19:46 | INFO     | bot.orders | Fetching open orders (symbol=ALL)
2026-04-21 22:19:46 | INFO     | bot.orders | Fetching USDT account balance
2026-04-21 22:19:46 | DEBUG    | bot.client | GET https://testnet.binancefuture.com/fapi/v1/openOrders | params: {'timestamp': 1776790186608, 'recvWindow': 5000}
2026-04-21 22:19:46 | DEBUG    | bot.client | GET https://testnet.binancefuture.com/fapi/v2/balance | params: {'timestamp': 1776790186608, 'recvWindow': 5000}
2026-04-21 22:19:48 | DEBUG    | bot.client | Response [200]: []
2026-04-21 22:19:48 | DEBUG    | bot.client | Response [200]: [{'accountAlias': 'oCmYSgSgfWmYsR', 'asset': 'FDUSD', 'balance': '0.00000000', 'crossWalletBalance': '0.00000000', 'crossUnPnl': '0.00000000', 'availableBalance': '0.00000000', 'maxWithdrawAmount': '0.00000000', 'marginAvailable': True, 'updateTime': 0}, {'accountAlias': 'oCmYSgSgfWmYsR', 'asset': 'BNB', 'balance': '0.00000000', 'crossWalletBalance': '0.00000000', 'crossUnPnl': '0.00000000', 'availableBalance': '0.00000000', 'maxWithdrawAmount': '0.00000000', 'marginAvailable': True, 'updateTime': 0}, {'accountAlias': 'oCmYSgSgfWmYsR', 'asset': 'ETH', 'balance': '0.00000000', 'crossWalletBalance': '0.00000000', 'crossUnPnl': '0.00000000', 'availableBalance': '0.00000000', 'maxWithdrawAmount': '0.00000000', 'marginAvailable': True, 'updateTime': 0}, {'accountAlias': 'oCmYSgSgfWmYsR', 'asset': 'BTC', 'balance': '0.01000000', 'crossWalletBalance': '0.01000000', 'crossUnPnl': '0.00000000', 'availableBalance': '0.01000000', 'maxWithdrawAmount': '0.01000000', 'marginAvailable': True, 'updateTime': 1776777601189}, {'accountAlias': 'oCmYSgSgfWmYsR', 'asset': 'USDT', 'balance': '4973.71253575', 'crossWalletBalance': '4973.71253575', 'crossUnPnl': '-321.56092167', 'availableBalance': '939.36598408', 'maxWithdrawAmount': '939.36598408', 'marginAvailable': True, 'updateTime': 1776787201091}, {'accountAlias': 'oCmYSgSgfWmYsR', 'asset': 'USDC', 'balance': '5000.00000000', 'crossWalletBalance': '5000.00000000', 'crossUnPnl': '0.00000000', 'availableBalance': '5000.00000000', 'maxWithdrawAmount': '5000.00000000', 'marginAvailable': True, 'updateTime': 1776777601169}]
2026-04-21 22:19:49 | INFO     | bot.orders | Fetching open orders (symbol=ALL)
2026-04-21 22:19:49 | INFO     | bot.orders | Fetching USDT account balance
2026-04-21 22:19:49 | DEBUG    | bot.client | GET https://testnet.binancefuture.com/fapi/v1/openOrders | params: {'timestamp': 1776790189663, 'recvWindow': 5000}
2026-04-21 22:19:49 | DEBUG    | bot.client | GET https://testnet.binancefuture.com/fapi/v2/balance | params: {'timestamp': 1776790189663, 'recvWindow': 5000}
2026-04-21 22:19:52 | DEBUG    | bot.client | Response [200]: [{'accountAlias': 'oCmYSgSgfWmYsR', 'asset': 'FDUSD', 'balance': '0.00000000', 'crossWalletBalance': '0.00000000', 'crossUnPnl': '0.00000000', 'availableBalance': '0.00000000', 'maxWithdrawAmount': '0.00000000', 'marginAvailable': True, 'updateTime': 0}, {'accountAlias': 'oCmYSgSgfWmYsR', 'asset': 'BNB', 'balance': '0.00000000', 'crossWalletBalance': '0.00000000', 'crossUnPnl': '0.00000000', 'availableBalance': '0.00000000', 'maxWithdrawAmount': '0.00000000', 'marginAvailable': True, 'updateTime': 0}, {'accountAlias': 'oCmYSgSgfWmYsR', 'asset': 'ETH', 'balance': '0.00000000', 'crossWalletBalance': '0.00000000', 'crossUnPnl': '0.00000000', 'availableBalance': '0.00000000', 'maxWithdrawAmount': '0.00000000', 'marginAvailable': True, 'updateTime': 0}, {'accountAlias': 'oCmYSgSgfWmYsR', 'asset': 'BTC', 'balance': '0.01000000', 'crossWalletBalance': '0.01000000', 'crossUnPnl': '0.00000000', 'availableBalance': '0.01000000', 'maxWithdrawAmount': '0.01000000', 'marginAvailable': True, 'updateTime': 1776777601189}, {'accountAlias': 'oCmYSgSgfWmYsR', 'asset': 'USDT', 'balance': '4973.71253575', 'crossWalletBalance': '4973.71253575', 'crossUnPnl': '-332.78912957', 'availableBalance': '927.57636578', 'maxWithdrawAmount': '927.57636578', 'marginAvailable': True, 'updateTime': 1776787201091}, {'accountAlias': 'oCmYSgSgfWmYsR', 'asset': 'USDC', 'balance': '5000.00000000', 'crossWalletBalance': '5000.00000000', 'crossUnPnl': '0.00000000', 'availableBalance': '5000.00000000', 'maxWithdrawAmount': '5000.00000000', 'marginAvailable': True, 'updateTime': 1776777601169}]
2026-04-21 22:19:52 | DEBUG    | bot.client | Response [200]: []
2026-04-21 22:19:52 | INFO     | bot.orders | Fetching USDT account balance
2026-04-21 22:19:52 | INFO     | bot.orders | Fetching open orders (symbol=ALL)
2026-04-21 22:19:52 | DEBUG    | bot.client | GET https://testnet.binancefuture.com/fapi/v2/balance | params: {'timestamp': 1776790192307, 'recvWindow': 5000}
2026-04-21 22:19:52 | DEBUG    | bot.client | GET https://testnet.binancefuture.com/fapi/v1/openOrders | params: {'timestamp': 1776790192308, 'recvWindow': 5000}
2026-04-21 22:19:53 | DEBUG    | bot.client | Response [200]: [{'accountAlias': 'oCmYSgSgfWmYsR', 'asset': 'FDUSD', 'balance': '0.00000000', 'crossWalletBalance': '0.00000000', 'crossUnPnl': '0.00000000', 'availableBalance': '0.00000000', 'maxWithdrawAmount': '0.00000000', 'marginAvailable': True, 'updateTime': 0}, {'accountAlias': 'oCmYSgSgfWmYsR', 'asset': 'BNB', 'balance': '0.00000000', 'crossWalletBalance': '0.00000000', 'crossUnPnl': '0.00000000', 'availableBalance': '0.00000000', 'maxWithdrawAmount': '0.00000000', 'marginAvailable': True, 'updateTime': 0}, {'accountAlias': 'oCmYSgSgfWmYsR', 'asset': 'ETH', 'balance': '0.00000000', 'crossWalletBalance': '0.00000000', 'crossUnPnl': '0.00000000', 'availableBalance': '0.00000000', 'maxWithdrawAmount': '0.00000000', 'marginAvailable': True, 'updateTime': 0}, {'accountAlias': 'oCmYSgSgfWmYsR', 'asset': 'BTC', 'balance': '0.01000000', 'crossWalletBalance': '0.01000000', 'crossUnPnl': '0.00000000', 'availableBalance': '0.01000000', 'maxWithdrawAmount': '0.01000000', 'marginAvailable': True, 'updateTime': 1776777601189}, {'accountAlias': 'oCmYSgSgfWmYsR', 'asset': 'USDT', 'balance': '4973.71253575', 'crossWalletBalance': '4973.71253575', 'crossUnPnl': '-332.78976675', 'availableBalance': '927.57569674', 'maxWithdrawAmount': '927.57569674', 'marginAvailable': True, 'updateTime': 1776787201091}, {'accountAlias': 'oCmYSgSgfWmYsR', 'asset': 'USDC', 'balance': '5000.00000000', 'crossWalletBalance': '5000.00000000', 'crossUnPnl': '0.00000000', 'availableBalance': '5000.00000000', 'maxWithdrawAmount': '5000.00000000', 'marginAvailable': True, 'updateTime': 1776777601169}]
2026-04-21 22:19:54 | DEBUG    | bot.client | Response [200]: []
2026-04-21 22:19:54 | INFO     | bot.orders | Fetching open orders (symbol=ALL)
2026-04-21 22:19:54 | INFO     | bot.orders | Fetching USDT account balance
2026-04-21 22:19:54 | DEBUG    | bot.client | GET https://testnet.binancefuture.com/fapi/v1/openOrders | params: {'timestamp': 1776790194873, 'recvWindow': 5000}
2026-04-21 22:19:54 | DEBUG    | bot.client | GET https://testnet.binancefuture.com/fapi/v2/balance | params: {'timestamp': 1776790194874, 'recvWindow': 5000}
2026-04-21 22:19:56 | DEBUG    | bot.client | Response [200]: []
2026-04-21 22:19:56 | INFO     | bot.orders | Fetching open orders (symbol=ALL)
2026-04-21 22:19:56 | DEBUG    | bot.client | GET https://testnet.binancefuture.com/fapi/v1/openOrders | params: {'timestamp': 1776790196311, 'recvWindow': 5000}
2026-04-21 22:19:56 | DEBUG    | bot.client | Response [200]: [{'accountAlias': 'oCmYSgSgfWmYsR', 'asset': 'FDUSD', 'balance': '0.00000000', 'crossWalletBalance': '0.00000000', 'crossUnPnl': '0.00000000', 'availableBalance': '0.00000000', 'maxWithdrawAmount': '0.00000000', 'marginAvailable': True, 'updateTime': 0}, {'accountAlias': 'oCmYSgSgfWmYsR', 'asset': 'BNB', 'balance': '0.00000000', 'crossWalletBalance': '0.00000000', 'crossUnPnl': '0.00000000', 'availableBalance': '0.00000000', 'maxWithdrawAmount': '0.00000000', 'marginAvailable': True, 'updateTime': 0}, {'accountAlias': 'oCmYSgSgfWmYsR', 'asset': 'ETH', 'balance': '0.00000000', 'crossWalletBalance': '0.00000000', 'crossUnPnl': '0.00000000', 'availableBalance': '0.00000000', 'maxWithdrawAmount': '0.00000000', 'marginAvailable': True, 'updateTime': 0}, {'accountAlias': 'oCmYSgSgfWmYsR', 'asset': 'BTC', 'balance': '0.01000000', 'crossWalletBalance': '0.01000000', 'crossUnPnl': '0.00000000', 'availableBalance': '0.01000000', 'maxWithdrawAmount': '0.01000000', 'marginAvailable': True, 'updateTime': 1776777601189}, {'accountAlias': 'oCmYSgSgfWmYsR', 'asset': 'USDT', 'balance': '4973.71253575', 'crossWalletBalance': '4973.71253575', 'crossUnPnl': '-333.41802022', 'availableBalance': '926.91603060', 'maxWithdrawAmount': '926.91603060', 'marginAvailable': True, 'updateTime': 1776787201091}, {'accountAlias': 'oCmYSgSgfWmYsR', 'asset': 'USDC', 'balance': '5000.00000000', 'crossWalletBalance': '5000.00000000', 'crossUnPnl': '0.00000000', 'availableBalance': '5000.00000000', 'maxWithdrawAmount': '5000.00000000', 'marginAvailable': True, 'updateTime': 1776777601169}]
2026-04-21 22:19:56 | INFO     | bot.orders | Fetching USDT account balance
2026-04-21 22:19:56 | DEBUG    | bot.client | GET https://testnet.binancefuture.com/fapi/v2/balance | params: {'timestamp': 1776790196864, 'recvWindow': 5000}
2026-04-21 22:19:57 | INFO     | bot.orders | Fetching USDT account balance
2026-04-21 22:19:57 | INFO     | bot.orders | Fetching open orders (symbol=ALL)
2026-04-21 22:19:57 | DEBUG    | bot.client | GET https://testnet.binancefuture.com/fapi/v2/balance | params: {'timestamp': 1776790197624, 'recvWindow': 5000}
2026-04-21 22:19:57 | DEBUG    | bot.client | GET https://testnet.binancefuture.com/fapi/v1/openOrders | params: {'timestamp': 1776790197624, 'recvWindow': 5000}
2026-04-21 22:19:58 | DEBUG    | bot.client | Response [200]: []
2026-04-21 22:19:58 | DEBUG    | bot.client | Response [200]: [{'accountAlias': 'oCmYSgSgfWmYsR', 'asset': 'FDUSD', 'balance': '0.00000000', 'crossWalletBalance': '0.00000000', 'crossUnPnl': '0.00000000', 'availableBalance': '0.00000000', 'maxWithdrawAmount': '0.00000000', 'marginAvailable': True, 'updateTime': 0}, {'accountAlias': 'oCmYSgSgfWmYsR', 'asset': 'BNB', 'balance': '0.00000000', 'crossWalletBalance': '0.00000000', 'crossUnPnl': '0.00000000', 'availableBalance': '0.00000000', 'maxWithdrawAmount': '0.00000000', 'marginAvailable': True, 'updateTime': 0}, {'accountAlias': 'oCmYSgSgfWmYsR', 'asset': 'ETH', 'balance': '0.00000000', 'crossWalletBalance': '0.00000000', 'crossUnPnl': '0.00000000', 'availableBalance': '0.00000000', 'maxWithdrawAmount': '0.00000000', 'marginAvailable': True, 'updateTime': 0}, {'accountAlias': 'oCmYSgSgfWmYsR', 'asset': 'BTC', 'balance': '0.01000000', 'crossWalletBalance': '0.01000000', 'crossUnPnl': '0.00000000', 'availableBalance': '0.01000000', 'maxWithdrawAmount': '0.01000000', 'marginAvailable': True, 'updateTime': 1776777601189}, {'accountAlias': 'oCmYSgSgfWmYsR', 'asset': 'USDT', 'balance': '4973.71253575', 'crossWalletBalance': '4973.71253575', 'crossUnPnl': '-332.87012145', 'availableBalance': '895.32402409', 'maxWithdrawAmount': '895.32402409', 'marginAvailable': True, 'updateTime': 1776787201091}, {'accountAlias': 'oCmYSgSgfWmYsR', 'asset': 'USDC', 'balance': '5000.00000000', 'crossWalletBalance': '5000.00000000', 'crossUnPnl': '0.00000000', 'availableBalance': '5000.00000000', 'maxWithdrawAmount': '5000.00000000', 'marginAvailable': True, 'updateTime': 1776777601169}]
2026-04-21 22:19:59 | DEBUG    | bot.client | Response [200]: []
2026-04-21 22:19:59 | DEBUG    | bot.client | Response [200]: [{'accountAlias': 'oCmYSgSgfWmYsR', 'asset': 'FDUSD', 'balance': '0.00000000', 'crossWalletBalance': '0.00000000', 'crossUnPnl': '0.00000000', 'availableBalance': '0.00000000', 'maxWithdrawAmount': '0.00000000', 'marginAvailable': True, 'updateTime': 0}, {'accountAlias': 'oCmYSgSgfWmYsR', 'asset': 'BNB', 'balance': '0.00000000', 'crossWalletBalance': '0.00000000', 'crossUnPnl': '0.00000000', 'availableBalance': '0.00000000', 'maxWithdrawAmount': '0.00000000', 'marginAvailable': True, 'updateTime': 0}, {'accountAlias': 'oCmYSgSgfWmYsR', 'asset': 'ETH', 'balance': '0.00000000', 'crossWalletBalance': '0.00000000', 'crossUnPnl': '0.00000000', 'availableBalance': '0.00000000', 'maxWithdrawAmount': '0.00000000', 'marginAvailable': True, 'updateTime': 0}, {'accountAlias': 'oCmYSgSgfWmYsR', 'asset': 'BTC', 'balance': '0.01000000', 'crossWalletBalance': '0.01000000', 'crossUnPnl': '0.00000000', 'availableBalance': '0.01000000', 'maxWithdrawAmount': '0.01000000', 'marginAvailable': True, 'updateTime': 1776777601189}, {'accountAlias': 'oCmYSgSgfWmYsR', 'asset': 'USDT', 'balance': '4973.71253575', 'crossWalletBalance': '4973.71253575', 'crossUnPnl': '-332.60463232', 'availableBalance': '927.77008789', 'maxWithdrawAmount': '927.77008789', 'marginAvailable': True, 'updateTime': 1776787201091}, {'accountAlias': 'oCmYSgSgfWmYsR', 'asset': 'USDC', 'balance': '5000.00000000', 'crossWalletBalance': '5000.00000000', 'crossUnPnl': '0.00000000', 'availableBalance': '5000.00000000', 'maxWithdrawAmount': '5000.00000000', 'marginAvailable': True, 'updateTime': 1776777601169}]
2026-04-21 22:20:00 | INFO     | bot.orders | Fetching USDT account balance
2026-04-21 22:20:00 | INFO     | bot.orders | Fetching open orders (symbol=ALL)
2026-04-21 22:20:00 | DEBUG    | bot.client | GET https://testnet.binancefuture.com/fapi/v2/balance | params: {'timestamp': 1776790200607, 'recvWindow': 5000}
2026-04-21 22:20:00 | DEBUG    | bot.client | GET https://testnet.binancefuture.com/fapi/v1/openOrders | params: {'timestamp': 1776790200608, 'recvWindow': 5000}
2026-04-21 22:20:02 | DEBUG    | bot.client | Response [200]: []
2026-04-21 22:20:02 | DEBUG    | bot.client | Response [200]: [{'accountAlias': 'oCmYSgSgfWmYsR', 'asset': 'FDUSD', 'balance': '0.00000000', 'crossWalletBalance': '0.00000000', 'crossUnPnl': '0.00000000', 'availableBalance': '0.00000000', 'maxWithdrawAmount': '0.00000000', 'marginAvailable': True, 'updateTime': 0}, {'accountAlias': 'oCmYSgSgfWmYsR', 'asset': 'BNB', 'balance': '0.00000000', 'crossWalletBalance': '0.00000000', 'crossUnPnl': '0.00000000', 'availableBalance': '0.00000000', 'maxWithdrawAmount': '0.00000000', 'marginAvailable': True, 'updateTime': 0}, {'accountAlias': 'oCmYSgSgfWmYsR', 'asset': 'ETH', 'balance': '0.00000000', 'crossWalletBalance': '0.00000000', 'crossUnPnl': '0.00000000', 'availableBalance': '0.00000000', 'maxWithdrawAmount': '0.00000000', 'marginAvailable': True, 'updateTime': 0}, {'accountAlias': 'oCmYSgSgfWmYsR', 'asset': 'BTC', 'balance': '0.01000000', 'crossWalletBalance': '0.01000000', 'crossUnPnl': '0.00000000', 'availableBalance': '0.01000000', 'maxWithdrawAmount': '0.01000000', 'marginAvailable': True, 'updateTime': 1776777601189}, {'accountAlias': 'oCmYSgSgfWmYsR', 'asset': 'USDT', 'balance': '4973.71253575', 'crossWalletBalance': '4973.71253575', 'crossUnPnl': '-330.57332189', 'availableBalance': '929.90296384', 'maxWithdrawAmount': '929.90296384', 'marginAvailable': True, 'updateTime': 1776787201091}, {'accountAlias': 'oCmYSgSgfWmYsR', 'asset': 'USDC', 'balance': '5000.00000000', 'crossWalletBalance': '5000.00000000', 'crossUnPnl': '0.00000000', 'availableBalance': '5000.00000000', 'maxWithdrawAmount': '5000.00000000', 'marginAvailable': True, 'updateTime': 1776777601169}]
2026-04-21 22:20:02 | INFO     | bot.orders | Fetching open orders (symbol=ALL)
2026-04-21 22:20:02 | DEBUG    | bot.client | GET https://testnet.binancefuture.com/fapi/v1/openOrders | params: {'timestamp': 1776790202697, 'recvWindow': 5000}
2026-04-21 22:20:02 | INFO     | bot.orders | Fetching USDT account balance
2026-04-21 22:20:02 | DEBUG    | bot.client | GET https://testnet.binancefuture.com/fapi/v2/balance | params: {'timestamp': 1776790202697, 'recvWindow': 5000}
2026-04-21 22:20:03 | DEBUG    | bot.client | Response [200]: []
2026-04-21 22:20:03 | DEBUG    | bot.client | Response [200]: [{'accountAlias': 'oCmYSgSgfWmYsR', 'asset': 'FDUSD', 'balance': '0.00000000', 'crossWalletBalance': '0.00000000', 'crossUnPnl': '0.00000000', 'availableBalance': '0.00000000', 'maxWithdrawAmount': '0.00000000', 'marginAvailable': True, 'updateTime': 0}, {'accountAlias': 'oCmYSgSgfWmYsR', 'asset': 'BNB', 'balance': '0.00000000', 'crossWalletBalance': '0.00000000', 'crossUnPnl': '0.00000000', 'availableBalance': '0.00000000', 'maxWithdrawAmount': '0.00000000', 'marginAvailable': True, 'updateTime': 0}, {'accountAlias': 'oCmYSgSgfWmYsR', 'asset': 'ETH', 'balance': '0.00000000', 'crossWalletBalance': '0.00000000', 'crossUnPnl': '0.00000000', 'availableBalance': '0.00000000', 'maxWithdrawAmount': '0.00000000', 'marginAvailable': True, 'updateTime': 0}, {'accountAlias': 'oCmYSgSgfWmYsR', 'asset': 'BTC', 'balance': '0.01000000', 'crossWalletBalance': '0.01000000', 'crossUnPnl': '0.00000000', 'availableBalance': '0.01000000', 'maxWithdrawAmount': '0.01000000', 'marginAvailable': True, 'updateTime': 1776777601189}, {'accountAlias': 'oCmYSgSgfWmYsR', 'asset': 'USDT', 'balance': '4973.71253575', 'crossWalletBalance': '4973.71253575', 'crossUnPnl': '-321.97968653', 'availableBalance': '895.77084583', 'maxWithdrawAmount': '895.77084583', 'marginAvailable': True, 'updateTime': 1776787201091}, {'accountAlias': 'oCmYSgSgfWmYsR', 'asset': 'USDC', 'balance': '5000.00000000', 'crossWalletBalance': '5000.00000000', 'crossUnPnl': '0.00000000', 'availableBalance': '5000.00000000', 'maxWithdrawAmount': '5000.00000000', 'marginAvailable': True, 'updateTime': 1776777601169}]
2026-04-21 22:20:05 | INFO     | bot.orders | Fetching open orders (symbol=ALL)
2026-04-21 22:20:05 | INFO     | bot.orders | Fetching USDT account balance
2026-04-21 22:20:05 | DEBUG    | bot.client | GET https://testnet.binancefuture.com/fapi/v1/openOrders | params: {'timestamp': 1776790205598, 'recvWindow': 5000}
2026-04-21 22:20:05 | DEBUG    | bot.client | GET https://testnet.binancefuture.com/fapi/v2/balance | params: {'timestamp': 1776790205598, 'recvWindow': 5000}
2026-04-21 22:20:06 | DEBUG    | bot.client | Response [200]: []
2026-04-21 22:20:06 | DEBUG    | bot.client | Response [200]: [{'accountAlias': 'oCmYSgSgfWmYsR', 'asset': 'FDUSD', 'balance': '0.00000000', 'crossWalletBalance': '0.00000000', 'crossUnPnl': '0.00000000', 'availableBalance': '0.00000000', 'maxWithdrawAmount': '0.00000000', 'marginAvailable': True, 'updateTime': 0}, {'accountAlias': 'oCmYSgSgfWmYsR', 'asset': 'BNB', 'balance': '0.00000000', 'crossWalletBalance': '0.00000000', 'crossUnPnl': '0.00000000', 'availableBalance': '0.00000000', 'maxWithdrawAmount': '0.00000000', 'marginAvailable': True, 'updateTime': 0}, {'accountAlias': 'oCmYSgSgfWmYsR', 'asset': 'ETH', 'balance': '0.00000000', 'crossWalletBalance': '0.00000000', 'crossUnPnl': '0.00000000', 'availableBalance': '0.00000000', 'maxWithdrawAmount': '0.00000000', 'marginAvailable': True, 'updateTime': 0}, {'accountAlias': 'oCmYSgSgfWmYsR', 'asset': 'BTC', 'balance': '0.01000000', 'crossWalletBalance': '0.01000000', 'crossUnPnl': '0.00000000', 'availableBalance': '0.01000000', 'maxWithdrawAmount': '0.01000000', 'marginAvailable': True, 'updateTime': 1776777601189}, {'accountAlias': 'oCmYSgSgfWmYsR', 'asset': 'USDT', 'balance': '4973.71253575', 'crossWalletBalance': '4973.71253575', 'crossUnPnl': '-321.99030609', 'availableBalance': '935.72961485', 'maxWithdrawAmount': '935.72961485', 'marginAvailable': True, 'updateTime': 1776787201091}, {'accountAlias': 'oCmYSgSgfWmYsR', 'asset': 'USDC', 'balance': '5000.00000000', 'crossWalletBalance': '5000.00000000', 'crossUnPnl': '0.00000000', 'availableBalance': '5000.00000000', 'maxWithdrawAmount': '5000.00000000', 'marginAvailable': True, 'updateTime': 1776777601169}]
2026-04-21 22:20:07 | INFO     | bot.orders | Fetching USDT account balance
2026-04-21 22:20:07 | INFO     | bot.orders | Fetching open orders (symbol=ALL)
2026-04-21 22:20:07 | DEBUG    | bot.client | GET https://testnet.binancefuture.com/fapi/v2/balance | params: {'timestamp': 1776790207619, 'recvWindow': 5000}
2026-04-21 22:20:07 | DEBUG    | bot.client | GET https://testnet.binancefuture.com/fapi/v1/openOrders | params: {'timestamp': 1776790207619, 'recvWindow': 5000}
2026-04-21 22:20:09 | DEBUG    | bot.client | Response [200]: [{'accountAlias': 'oCmYSgSgfWmYsR', 'asset': 'FDUSD', 'balance': '0.00000000', 'crossWalletBalance': '0.00000000', 'crossUnPnl': '0.00000000', 'availableBalance': '0.00000000', 'maxWithdrawAmount': '0.00000000', 'marginAvailable': True, 'updateTime': 0}, {'accountAlias': 'oCmYSgSgfWmYsR', 'asset': 'BNB', 'balance': '0.00000000', 'crossWalletBalance': '0.00000000', 'crossUnPnl': '0.00000000', 'availableBalance': '0.00000000', 'maxWithdrawAmount': '0.00000000', 'marginAvailable': True, 'updateTime': 0}, {'accountAlias': 'oCmYSgSgfWmYsR', 'asset': 'ETH', 'balance': '0.00000000', 'crossWalletBalance': '0.00000000', 'crossUnPnl': '0.00000000', 'availableBalance': '0.00000000', 'maxWithdrawAmount': '0.00000000', 'marginAvailable': True, 'updateTime': 0}, {'accountAlias': 'oCmYSgSgfWmYsR', 'asset': 'BTC', 'balance': '0.01000000', 'crossWalletBalance': '0.01000000', 'crossUnPnl': '0.00000000', 'availableBalance': '0.01000000', 'maxWithdrawAmount': '0.01000000', 'marginAvailable': True, 'updateTime': 1776777601189}, {'accountAlias': 'oCmYSgSgfWmYsR', 'asset': 'USDT', 'balance': '4973.71253575', 'crossWalletBalance': '4973.71253575', 'crossUnPnl': '-314.93509175', 'availableBalance': '936.08237557', 'maxWithdrawAmount': '936.08237557', 'marginAvailable': True, 'updateTime': 1776787201091}, {'accountAlias': 'oCmYSgSgfWmYsR', 'asset': 'USDC', 'balance': '5000.00000000', 'crossWalletBalance': '5000.00000000', 'crossUnPnl': '0.00000000', 'availableBalance': '5000.00000000', 'maxWithdrawAmount': '5000.00000000', 'marginAvailable': True, 'updateTime': 1776777601169}]
2026-04-21 22:20:09 | DEBUG    | bot.client | Response [200]: []
2026-04-21 22:20:10 | INFO     | bot.orders | Fetching open orders (symbol=ALL)
2026-04-21 22:20:10 | INFO     | bot.orders | Fetching USDT account balance
2026-04-21 22:20:10 | DEBUG    | bot.client | GET https://testnet.binancefuture.com/fapi/v1/openOrders | params: {'timestamp': 1776790210600, 'recvWindow': 5000}
2026-04-21 22:20:10 | DEBUG    | bot.client | GET https://testnet.binancefuture.com/fapi/v2/balance | params: {'timestamp': 1776790210601, 'recvWindow': 5000}
2026-04-21 22:20:12 | DEBUG    | bot.client | Response [200]: []
2026-04-21 22:20:12 | DEBUG    | bot.client | Response [200]: [{'accountAlias': 'oCmYSgSgfWmYsR', 'asset': 'FDUSD', 'balance': '0.00000000', 'crossWalletBalance': '0.00000000', 'crossUnPnl': '0.00000000', 'availableBalance': '0.00000000', 'maxWithdrawAmount': '0.00000000', 'marginAvailable': True, 'updateTime': 0}, {'accountAlias': 'oCmYSgSgfWmYsR', 'asset': 'BNB', 'balance': '0.00000000', 'crossWalletBalance': '0.00000000', 'crossUnPnl': '0.00000000', 'availableBalance': '0.00000000', 'maxWithdrawAmount': '0.00000000', 'marginAvailable': True, 'updateTime': 0}, {'accountAlias': 'oCmYSgSgfWmYsR', 'asset': 'ETH', 'balance': '0.00000000', 'crossWalletBalance': '0.00000000', 'crossUnPnl': '0.00000000', 'availableBalance': '0.00000000', 'maxWithdrawAmount': '0.00000000', 'marginAvailable': True, 'updateTime': 0}, {'accountAlias': 'oCmYSgSgfWmYsR', 'asset': 'BTC', 'balance': '0.01000000', 'crossWalletBalance': '0.01000000', 'crossUnPnl': '0.00000000', 'availableBalance': '0.01000000', 'maxWithdrawAmount': '0.01000000', 'marginAvailable': True, 'updateTime': 1776777601189}, {'accountAlias': 'oCmYSgSgfWmYsR', 'asset': 'USDT', 'balance': '4973.71253575', 'crossWalletBalance': '4973.71253575', 'crossUnPnl': '-313.16727042', 'availableBalance': '936.17076664', 'maxWithdrawAmount': '936.17076664', 'marginAvailable': True, 'updateTime': 1776787201091}, {'accountAlias': 'oCmYSgSgfWmYsR', 'asset': 'USDC', 'balance': '5000.00000000', 'crossWalletBalance': '5000.00000000', 'crossUnPnl': '0.00000000', 'availableBalance': '5000.00000000', 'maxWithdrawAmount': '5000.00000000', 'marginAvailable': True, 'updateTime': 1776777601169}]
2026-04-21 22:20:12 | INFO     | bot.orders | Fetching USDT account balance
2026-04-21 22:20:12 | INFO     | bot.orders | Fetching open orders (symbol=ALL)
2026-04-21 22:20:12 | DEBUG    | bot.client | GET https://testnet.binancefuture.com/fapi/v2/balance | params: {'timestamp': 1776790212617, 'recvWindow': 5000}
2026-04-21 22:20:12 | DEBUG    | bot.client | GET https://testnet.binancefuture.com/fapi/v1/openOrders | params: {'timestamp': 1776790212618, 'recvWindow': 5000}
2026-04-21 22:20:13 | DEBUG    | bot.client | Response [200]: [{'accountAlias': 'oCmYSgSgfWmYsR', 'asset': 'FDUSD', 'balance': '0.00000000', 'crossWalletBalance': '0.00000000', 'crossUnPnl': '0.00000000', 'availableBalance': '0.00000000', 'maxWithdrawAmount': '0.00000000', 'marginAvailable': True, 'updateTime': 0}, {'accountAlias': 'oCmYSgSgfWmYsR', 'asset': 'BNB', 'balance': '0.00000000', 'crossWalletBalance': '0.00000000', 'crossUnPnl': '0.00000000', 'availableBalance': '0.00000000', 'maxWithdrawAmount': '0.00000000', 'marginAvailable': True, 'updateTime': 0}, {'accountAlias': 'oCmYSgSgfWmYsR', 'asset': 'ETH', 'balance': '0.00000000', 'crossWalletBalance': '0.00000000', 'crossUnPnl': '0.00000000', 'availableBalance': '0.00000000', 'maxWithdrawAmount': '0.00000000', 'marginAvailable': True, 'updateTime': 0}, {'accountAlias': 'oCmYSgSgfWmYsR', 'asset': 'BTC', 'balance': '0.01000000', 'crossWalletBalance': '0.01000000', 'crossUnPnl': '0.00000000', 'availableBalance': '0.01000000', 'maxWithdrawAmount': '0.01000000', 'marginAvailable': True, 'updateTime': 1776777601189}, {'accountAlias': 'oCmYSgSgfWmYsR', 'asset': 'USDT', 'balance': '4973.71253575', 'crossWalletBalance': '4973.71253575', 'crossUnPnl': '-312.10234042', 'availableBalance': '949.29749439', 'maxWithdrawAmount': '949.29749439', 'marginAvailable': True, 'updateTime': 1776787201091}, {'accountAlias': 'oCmYSgSgfWmYsR', 'asset': 'USDC', 'balance': '5000.00000000', 'crossWalletBalance': '5000.00000000', 'crossUnPnl': '0.00000000', 'availableBalance': '5000.00000000', 'maxWithdrawAmount': '5000.00000000', 'marginAvailable': True, 'updateTime': 1776777601169}]
2026-04-21 22:20:14 | DEBUG    | bot.client | Response [200]: []
2026-04-21 22:20:15 | INFO     | bot.orders | Fetching open orders (symbol=ALL)
2026-04-21 22:20:15 | INFO     | bot.orders | Fetching USDT account balance
2026-04-21 22:20:15 | DEBUG    | bot.client | GET https://testnet.binancefuture.com/fapi/v1/openOrders | params: {'timestamp': 1776790215598, 'recvWindow': 5000}
2026-04-21 22:20:15 | DEBUG    | bot.client | GET https://testnet.binancefuture.com/fapi/v2/balance | params: {'timestamp': 1776790215599, 'recvWindow': 5000}
2026-04-21 22:20:17 | DEBUG    | bot.client | Response [200]: []
2026-04-21 22:20:17 | DEBUG    | bot.client | Response [200]: [{'accountAlias': 'oCmYSgSgfWmYsR', 'asset': 'FDUSD', 'balance': '0.00000000', 'crossWalletBalance': '0.00000000', 'crossUnPnl': '0.00000000', 'availableBalance': '0.00000000', 'maxWithdrawAmount': '0.00000000', 'marginAvailable': True, 'updateTime': 0}, {'accountAlias': 'oCmYSgSgfWmYsR', 'asset': 'BNB', 'balance': '0.00000000', 'crossWalletBalance': '0.00000000', 'crossUnPnl': '0.00000000', 'availableBalance': '0.00000000', 'maxWithdrawAmount': '0.00000000', 'marginAvailable': True, 'updateTime': 0}, {'accountAlias': 'oCmYSgSgfWmYsR', 'asset': 'ETH', 'balance': '0.00000000', 'crossWalletBalance': '0.00000000', 'crossUnPnl': '0.00000000', 'availableBalance': '0.00000000', 'maxWithdrawAmount': '0.00000000', 'marginAvailable': True, 'updateTime': 0}, {'accountAlias': 'oCmYSgSgfWmYsR', 'asset': 'BTC', 'balance': '0.01000000', 'crossWalletBalance': '0.01000000', 'crossUnPnl': '0.00000000', 'availableBalance': '0.01000000', 'maxWithdrawAmount': '0.01000000', 'marginAvailable': True, 'updateTime': 1776777601189}, {'accountAlias': 'oCmYSgSgfWmYsR', 'asset': 'USDT', 'balance': '4973.71253575', 'crossWalletBalance': '4973.71253575', 'crossUnPnl': '-311.49782167', 'availableBalance': '948.27133908', 'maxWithdrawAmount': '948.27133908', 'marginAvailable': True, 'updateTime': 1776787201091}, {'accountAlias': 'oCmYSgSgfWmYsR', 'asset': 'USDC', 'balance': '5000.00000000', 'crossWalletBalance': '5000.00000000', 'crossUnPnl': '0.00000000', 'availableBalance': '5000.00000000', 'maxWithdrawAmount': '5000.00000000', 'marginAvailable': True, 'updateTime': 1776777601169}]
2026-04-21 22:20:17 | INFO     | bot.orders | Fetching USDT account balance
2026-04-21 22:20:17 | INFO     | bot.orders | Fetching open orders (symbol=ALL)
2026-04-21 22:20:17 | DEBUG    | bot.client | GET https://testnet.binancefuture.com/fapi/v2/balance | params: {'timestamp': 1776790217622, 'recvWindow': 5000}
2026-04-21 22:20:17 | DEBUG    | bot.client | GET https://testnet.binancefuture.com/fapi/v1/openOrders | params: {'timestamp': 1776790217622, 'recvWindow': 5000}
2026-04-21 22:20:19 | DEBUG    | bot.client | Response [200]: [{'accountAlias': 'oCmYSgSgfWmYsR', 'asset': 'FDUSD', 'balance': '0.00000000', 'crossWalletBalance': '0.00000000', 'crossUnPnl': '0.00000000', 'availableBalance': '0.00000000', 'maxWithdrawAmount': '0.00000000', 'marginAvailable': True, 'updateTime': 0}, {'accountAlias': 'oCmYSgSgfWmYsR', 'asset': 'BNB', 'balance': '0.00000000', 'crossWalletBalance': '0.00000000', 'crossUnPnl': '0.00000000', 'availableBalance': '0.00000000', 'maxWithdrawAmount': '0.00000000', 'marginAvailable': True, 'updateTime': 0}, {'accountAlias': 'oCmYSgSgfWmYsR', 'asset': 'ETH', 'balance': '0.00000000', 'crossWalletBalance': '0.00000000', 'crossUnPnl': '0.00000000', 'availableBalance': '0.00000000', 'maxWithdrawAmount': '0.00000000', 'marginAvailable': True, 'updateTime': 0}, {'accountAlias': 'oCmYSgSgfWmYsR', 'asset': 'BTC', 'balance': '0.01000000', 'crossWalletBalance': '0.01000000', 'crossUnPnl': '0.00000000', 'availableBalance': '0.01000000', 'maxWithdrawAmount': '0.01000000', 'marginAvailable': True, 'updateTime': 1776777601189}, {'accountAlias': 'oCmYSgSgfWmYsR', 'asset': 'USDT', 'balance': '4973.71253575', 'crossWalletBalance': '4973.71253575', 'crossUnPnl': '-322.04942167', 'availableBalance': '938.85305908', 'maxWithdrawAmount': '938.85305908', 'marginAvailable': True, 'updateTime': 1776787201091}, {'accountAlias': 'oCmYSgSgfWmYsR', 'asset': 'USDC', 'balance': '5000.00000000', 'crossWalletBalance': '5000.00000000', 'crossUnPnl': '0.00000000', 'availableBalance': '5000.00000000', 'maxWithdrawAmount': '5000.00000000', 'marginAvailable': True, 'updateTime': 1776777601169}]
2026-04-21 22:20:19 | DEBUG    | bot.client | Response [200]: []
2026-04-21 22:20:20 | INFO     | bot.orders | Fetching open orders (symbol=ALL)
2026-04-21 22:20:20 | INFO     | bot.orders | Fetching USDT account balance
2026-04-21 22:20:20 | DEBUG    | bot.client | GET https://testnet.binancefuture.com/fapi/v1/openOrders | params: {'timestamp': 1776790220611, 'recvWindow': 5000}
2026-04-21 22:20:20 | DEBUG    | bot.client | GET https://testnet.binancefuture.com/fapi/v2/balance | params: {'timestamp': 1776790220611, 'recvWindow': 5000}
2026-04-21 22:20:22 | DEBUG    | bot.client | Response [200]: []
2026-04-21 22:20:22 | INFO     | bot.orders | Fetching open orders (symbol=ALL)
2026-04-21 22:20:22 | DEBUG    | bot.client | GET https://testnet.binancefuture.com/fapi/v1/openOrders | params: {'timestamp': 1776790222633, 'recvWindow': 5000}
2026-04-21 22:20:23 | DEBUG    | bot.client | Response [200]: [{'accountAlias': 'oCmYSgSgfWmYsR', 'asset': 'FDUSD', 'balance': '0.00000000', 'crossWalletBalance': '0.00000000', 'crossUnPnl': '0.00000000', 'availableBalance': '0.00000000', 'maxWithdrawAmount': '0.00000000', 'marginAvailable': True, 'updateTime': 0}, {'accountAlias': 'oCmYSgSgfWmYsR', 'asset': 'BNB', 'balance': '0.00000000', 'crossWalletBalance': '0.00000000', 'crossUnPnl': '0.00000000', 'availableBalance': '0.00000000', 'maxWithdrawAmount': '0.00000000', 'marginAvailable': True, 'updateTime': 0}, {'accountAlias': 'oCmYSgSgfWmYsR', 'asset': 'ETH', 'balance': '0.00000000', 'crossWalletBalance': '0.00000000', 'crossUnPnl': '0.00000000', 'availableBalance': '0.00000000', 'maxWithdrawAmount': '0.00000000', 'marginAvailable': True, 'updateTime': 0}, {'accountAlias': 'oCmYSgSgfWmYsR', 'asset': 'BTC', 'balance': '0.01000000', 'crossWalletBalance': '0.01000000', 'crossUnPnl': '0.00000000', 'availableBalance': '0.01000000', 'maxWithdrawAmount': '0.01000000', 'marginAvailable': True, 'updateTime': 1776777601189}, {'accountAlias': 'oCmYSgSgfWmYsR', 'asset': 'USDT', 'balance': '4973.71253575', 'crossWalletBalance': '4973.71253575', 'crossUnPnl': '-322.04942167', 'availableBalance': '938.85305908', 'maxWithdrawAmount': '938.85305908', 'marginAvailable': True, 'updateTime': 1776787201091}, {'accountAlias': 'oCmYSgSgfWmYsR', 'asset': 'USDC', 'balance': '5000.00000000', 'crossWalletBalance': '5000.00000000', 'crossUnPnl': '0.00000000', 'availableBalance': '5000.00000000', 'maxWithdrawAmount': '5000.00000000', 'marginAvailable': True, 'updateTime': 1776777601169}]
2026-04-21 22:20:23 | INFO     | bot.orders | Fetching USDT account balance
2026-04-21 22:20:23 | DEBUG    | bot.client | GET https://testnet.binancefuture.com/fapi/v2/balance | params: {'timestamp': 1776790223115, 'recvWindow': 5000}
2026-04-21 22:20:24 | DEBUG    | bot.client | Response [200]: []
2026-04-21 22:20:24 | DEBUG    | bot.client | Response [200]: [{'accountAlias': 'oCmYSgSgfWmYsR', 'asset': 'FDUSD', 'balance': '0.00000000', 'crossWalletBalance': '0.00000000', 'crossUnPnl': '0.00000000', 'availableBalance': '0.00000000', 'maxWithdrawAmount': '0.00000000', 'marginAvailable': True, 'updateTime': 0}, {'accountAlias': 'oCmYSgSgfWmYsR', 'asset': 'BNB', 'balance': '0.00000000', 'crossWalletBalance': '0.00000000', 'crossUnPnl': '0.00000000', 'availableBalance': '0.00000000', 'maxWithdrawAmount': '0.00000000', 'marginAvailable': True, 'updateTime': 0}, {'accountAlias': 'oCmYSgSgfWmYsR', 'asset': 'ETH', 'balance': '0.00000000', 'crossWalletBalance': '0.00000000', 'crossUnPnl': '0.00000000', 'availableBalance': '0.00000000', 'maxWithdrawAmount': '0.00000000', 'marginAvailable': True, 'updateTime': 0}, {'accountAlias': 'oCmYSgSgfWmYsR', 'asset': 'BTC', 'balance': '0.01000000', 'crossWalletBalance': '0.01000000', 'crossUnPnl': '0.00000000', 'availableBalance': '0.01000000', 'maxWithdrawAmount': '0.01000000', 'marginAvailable': True, 'updateTime': 1776777601189}, {'accountAlias': 'oCmYSgSgfWmYsR', 'asset': 'USDT', 'balance': '4973.71253575', 'crossWalletBalance': '4973.71253575', 'crossUnPnl': '-322.89226117', 'availableBalance': '937.96807760', 'maxWithdrawAmount': '937.96807760', 'marginAvailable': True, 'updateTime': 1776787201091}, {'accountAlias': 'oCmYSgSgfWmYsR', 'asset': 'USDC', 'balance': '5000.00000000', 'crossWalletBalance': '5000.00000000', 'crossUnPnl': '0.00000000', 'availableBalance': '5000.00000000', 'maxWithdrawAmount': '5000.00000000', 'marginAvailable': True, 'updateTime': 1776777601169}]
2026-04-21 22:20:25 | INFO     | bot.orders | Fetching open orders (symbol=ALL)
2026-04-21 22:20:25 | INFO     | bot.orders | Fetching USDT account balance
2026-04-21 22:20:25 | DEBUG    | bot.client | GET https://testnet.binancefuture.com/fapi/v1/openOrders | params: {'timestamp': 1776790225609, 'recvWindow': 5000}
2026-04-21 22:20:25 | DEBUG    | bot.client | GET https://testnet.binancefuture.com/fapi/v2/balance | params: {'timestamp': 1776790225610, 'recvWindow': 5000}
2026-04-21 22:20:27 | DEBUG    | bot.client | Response [200]: []
2026-04-21 22:20:27 | DEBUG    | bot.client | Response [200]: [{'accountAlias': 'oCmYSgSgfWmYsR', 'asset': 'FDUSD', 'balance': '0.00000000', 'crossWalletBalance': '0.00000000', 'crossUnPnl': '0.00000000', 'availableBalance': '0.00000000', 'maxWithdrawAmount': '0.00000000', 'marginAvailable': True, 'updateTime': 0}, {'accountAlias': 'oCmYSgSgfWmYsR', 'asset': 'BNB', 'balance': '0.00000000', 'crossWalletBalance': '0.00000000', 'crossUnPnl': '0.00000000', 'availableBalance': '0.00000000', 'maxWithdrawAmount': '0.00000000', 'marginAvailable': True, 'updateTime': 0}, {'accountAlias': 'oCmYSgSgfWmYsR', 'asset': 'ETH', 'balance': '0.00000000', 'crossWalletBalance': '0.00000000', 'crossUnPnl': '0.00000000', 'availableBalance': '0.00000000', 'maxWithdrawAmount': '0.00000000', 'marginAvailable': True, 'updateTime': 0}, {'accountAlias': 'oCmYSgSgfWmYsR', 'asset': 'BTC', 'balance': '0.01000000', 'crossWalletBalance': '0.01000000', 'crossUnPnl': '0.00000000', 'availableBalance': '0.01000000', 'maxWithdrawAmount': '0.01000000', 'marginAvailable': True, 'updateTime': 1776777601189}, {'accountAlias': 'oCmYSgSgfWmYsR', 'asset': 'USDT', 'balance': '4973.71253575', 'crossWalletBalance': '4973.71253575', 'crossUnPnl': '-321.91122573', 'availableBalance': '938.99816481', 'maxWithdrawAmount': '938.99816481', 'marginAvailable': True, 'updateTime': 1776787201091}, {'accountAlias': 'oCmYSgSgfWmYsR', 'asset': 'USDC', 'balance': '5000.00000000', 'crossWalletBalance': '5000.00000000', 'crossUnPnl': '0.00000000', 'availableBalance': '5000.00000000', 'maxWithdrawAmount': '5000.00000000', 'marginAvailable': True, 'updateTime': 1776777601169}]
2026-04-21 22:20:27 | INFO     | bot.orders | Fetching USDT account balance
2026-04-21 22:20:27 | INFO     | bot.orders | Fetching open orders (symbol=ALL)
2026-04-21 22:20:27 | DEBUG    | bot.client | GET https://testnet.binancefuture.com/fapi/v2/balance | params: {'timestamp': 1776790227625, 'recvWindow': 5000}
2026-04-21 22:20:27 | DEBUG    | bot.client | GET https://testnet.binancefuture.com/fapi/v1/openOrders | params: {'timestamp': 1776790227625, 'recvWindow': 5000}
2026-04-21 22:20:28 | DEBUG    | bot.client | Response [200]: []
2026-04-21 22:20:28 | DEBUG    | bot.client | Response [200]: [{'accountAlias': 'oCmYSgSgfWmYsR', 'asset': 'FDUSD', 'balance': '0.00000000', 'crossWalletBalance': '0.00000000', 'crossUnPnl': '0.00000000', 'availableBalance': '0.00000000', 'maxWithdrawAmount': '0.00000000', 'marginAvailable': True, 'updateTime': 0}, {'accountAlias': 'oCmYSgSgfWmYsR', 'asset': 'BNB', 'balance': '0.00000000', 'crossWalletBalance': '0.00000000', 'crossUnPnl': '0.00000000', 'availableBalance': '0.00000000', 'maxWithdrawAmount': '0.00000000', 'marginAvailable': True, 'updateTime': 0}, {'accountAlias': 'oCmYSgSgfWmYsR', 'asset': 'ETH', 'balance': '0.00000000', 'crossWalletBalance': '0.00000000', 'crossUnPnl': '0.00000000', 'availableBalance': '0.00000000', 'maxWithdrawAmount': '0.00000000', 'marginAvailable': True, 'updateTime': 0}, {'accountAlias': 'oCmYSgSgfWmYsR', 'asset': 'BTC', 'balance': '0.01000000', 'crossWalletBalance': '0.01000000', 'crossUnPnl': '0.00000000', 'availableBalance': '0.01000000', 'maxWithdrawAmount': '0.01000000', 'marginAvailable': True, 'updateTime': 1776777601189}, {'accountAlias': 'oCmYSgSgfWmYsR', 'asset': 'USDT', 'balance': '4973.71253575', 'crossWalletBalance': '4973.71253575', 'crossUnPnl': '-307.68396412', 'availableBalance': '949.82983195', 'maxWithdrawAmount': '949.82983195', 'marginAvailable': True, 'updateTime': 1776787201091}, {'accountAlias': 'oCmYSgSgfWmYsR', 'asset': 'USDC', 'balance': '5000.00000000', 'crossWalletBalance': '5000.00000000', 'crossUnPnl': '0.00000000', 'availableBalance': '5000.00000000', 'maxWithdrawAmount': '5000.00000000', 'marginAvailable': True, 'updateTime': 1776777601169}]
2026-04-21 22:20:30 | INFO     | bot.orders | Fetching open orders (symbol=ALL)
2026-04-21 22:20:30 | INFO     | bot.orders | Fetching USDT account balance
2026-04-21 22:20:30 | DEBUG    | bot.client | GET https://testnet.binancefuture.com/fapi/v1/openOrders | params: {'timestamp': 1776790230610, 'recvWindow': 5000}
2026-04-21 22:20:30 | DEBUG    | bot.client | GET https://testnet.binancefuture.com/fapi/v2/balance | params: {'timestamp': 1776790230610, 'recvWindow': 5000}
2026-04-21 22:20:31 | DEBUG    | bot.client | Response [200]: [{'accountAlias': 'oCmYSgSgfWmYsR', 'asset': 'FDUSD', 'balance': '0.00000000', 'crossWalletBalance': '0.00000000', 'crossUnPnl': '0.00000000', 'availableBalance': '0.00000000', 'maxWithdrawAmount': '0.00000000', 'marginAvailable': True, 'updateTime': 0}, {'accountAlias': 'oCmYSgSgfWmYsR', 'asset': 'BNB', 'balance': '0.00000000', 'crossWalletBalance': '0.00000000', 'crossUnPnl': '0.00000000', 'availableBalance': '0.00000000', 'maxWithdrawAmount': '0.00000000', 'marginAvailable': True, 'updateTime': 0}, {'accountAlias': 'oCmYSgSgfWmYsR', 'asset': 'ETH', 'balance': '0.00000000', 'crossWalletBalance': '0.00000000', 'crossUnPnl': '0.00000000', 'availableBalance': '0.00000000', 'maxWithdrawAmount': '0.00000000', 'marginAvailable': True, 'updateTime': 0}, {'accountAlias': 'oCmYSgSgfWmYsR', 'asset': 'BTC', 'balance': '0.01000000', 'crossWalletBalance': '0.01000000', 'crossUnPnl': '0.00000000', 'availableBalance': '0.01000000', 'maxWithdrawAmount': '0.01000000', 'marginAvailable': True, 'updateTime': 1776777601189}, {'accountAlias': 'oCmYSgSgfWmYsR', 'asset': 'USDT', 'balance': '4973.71253575', 'crossWalletBalance': '4973.71253575', 'crossUnPnl': '-307.48006846', 'availableBalance': '954.15087995', 'maxWithdrawAmount': '954.15087995', 'marginAvailable': True, 'updateTime': 1776787201091}, {'accountAlias': 'oCmYSgSgfWmYsR', 'asset': 'USDC', 'balance': '5000.00000000', 'crossWalletBalance': '5000.00000000', 'crossUnPnl': '0.00000000', 'availableBalance': '5000.00000000', 'maxWithdrawAmount': '5000.00000000', 'marginAvailable': True, 'updateTime': 1776777601169}]
2026-04-21 22:20:31 | DEBUG    | bot.client | Response [200]: []
2026-04-21 22:20:32 | INFO     | bot.orders | Fetching USDT account balance
2026-04-21 22:20:32 | INFO     | bot.orders | Fetching open orders (symbol=ALL)
2026-04-21 22:20:32 | DEBUG    | bot.client | GET https://testnet.binancefuture.com/fapi/v2/balance | params: {'timestamp': 1776790232626, 'recvWindow': 5000}
2026-04-21 22:20:32 | DEBUG    | bot.client | GET https://testnet.binancefuture.com/fapi/v1/openOrders | params: {'timestamp': 1776790232626, 'recvWindow': 5000}
2026-04-21 22:20:33 | INFO     | bot.orders | Fetching USDT account balance
2026-04-21 22:20:33 | DEBUG    | bot.client | GET https://testnet.binancefuture.com/fapi/v2/balance | params: {'timestamp': 1776790233894, 'recvWindow': 5000}
2026-04-21 22:20:34 | DEBUG    | bot.client | Response [200]: [{'accountAlias': 'oCmYSgSgfWmYsR', 'asset': 'FDUSD', 'balance': '0.00000000', 'crossWalletBalance': '0.00000000', 'crossUnPnl': '0.00000000', 'availableBalance': '0.00000000', 'maxWithdrawAmount': '0.00000000', 'marginAvailable': True, 'updateTime': 0}, {'accountAlias': 'oCmYSgSgfWmYsR', 'asset': 'BNB', 'balance': '0.00000000', 'crossWalletBalance': '0.00000000', 'crossUnPnl': '0.00000000', 'availableBalance': '0.00000000', 'maxWithdrawAmount': '0.00000000', 'marginAvailable': True, 'updateTime': 0}, {'accountAlias': 'oCmYSgSgfWmYsR', 'asset': 'ETH', 'balance': '0.00000000', 'crossWalletBalance': '0.00000000', 'crossUnPnl': '0.00000000', 'availableBalance': '0.00000000', 'maxWithdrawAmount': '0.00000000', 'marginAvailable': True, 'updateTime': 0}, {'accountAlias': 'oCmYSgSgfWmYsR', 'asset': 'BTC', 'balance': '0.01000000', 'crossWalletBalance': '0.01000000', 'crossUnPnl': '0.00000000', 'availableBalance': '0.01000000', 'maxWithdrawAmount': '0.01000000', 'marginAvailable': True, 'updateTime': 1776777601189}, {'accountAlias': 'oCmYSgSgfWmYsR', 'asset': 'USDT', 'balance': '4973.71253575', 'crossWalletBalance': '4973.71253575', 'crossUnPnl': '-307.33500520', 'availableBalance': '954.30319637', 'maxWithdrawAmount': '954.30319637', 'marginAvailable': True, 'updateTime': 1776787201091}, {'accountAlias': 'oCmYSgSgfWmYsR', 'asset': 'USDC', 'balance': '5000.00000000', 'crossWalletBalance': '5000.00000000', 'crossUnPnl': '0.00000000', 'availableBalance': '5000.00000000', 'maxWithdrawAmount': '5000.00000000', 'marginAvailable': True, 'updateTime': 1776777601169}]
2026-04-21 22:20:34 | DEBUG    | bot.client | Response [200]: []
2026-04-21 22:20:34 | INFO     | bot.orders | Fetching open orders (symbol=ALL)
2026-04-21 22:20:34 | DEBUG    | bot.client | GET https://testnet.binancefuture.com/fapi/v1/openOrders | params: {'timestamp': 1776790234208, 'recvWindow': 5000}
2026-04-21 22:20:34 | DEBUG    | bot.client | Response [200]: [{'accountAlias': 'oCmYSgSgfWmYsR', 'asset': 'FDUSD', 'balance': '0.00000000', 'crossWalletBalance': '0.00000000', 'crossUnPnl': '0.00000000', 'availableBalance': '0.00000000', 'maxWithdrawAmount': '0.00000000', 'marginAvailable': True, 'updateTime': 0}, {'accountAlias': 'oCmYSgSgfWmYsR', 'asset': 'BNB', 'balance': '0.00000000', 'crossWalletBalance': '0.00000000', 'crossUnPnl': '0.00000000', 'availableBalance': '0.00000000', 'maxWithdrawAmount': '0.00000000', 'marginAvailable': True, 'updateTime': 0}, {'accountAlias': 'oCmYSgSgfWmYsR', 'asset': 'ETH', 'balance': '0.00000000', 'crossWalletBalance': '0.00000000', 'crossUnPnl': '0.00000000', 'availableBalance': '0.00000000', 'maxWithdrawAmount': '0.00000000', 'marginAvailable': True, 'updateTime': 0}, {'accountAlias': 'oCmYSgSgfWmYsR', 'asset': 'BTC', 'balance': '0.01000000', 'crossWalletBalance': '0.01000000', 'crossUnPnl': '0.00000000', 'availableBalance': '0.01000000', 'maxWithdrawAmount': '0.01000000', 'marginAvailable': True, 'updateTime': 1776777601189}, {'accountAlias': 'oCmYSgSgfWmYsR', 'asset': 'USDT', 'balance': '4973.71253575', 'crossWalletBalance': '4973.71253575', 'crossUnPnl': '-304.32435846', 'availableBalance': '957.46437545', 'maxWithdrawAmount': '957.46437545', 'marginAvailable': True, 'updateTime': 1776787201091}, {'accountAlias': 'oCmYSgSgfWmYsR', 'asset': 'USDC', 'balance': '5000.00000000', 'crossWalletBalance': '5000.00000000', 'crossUnPnl': '0.00000000', 'availableBalance': '5000.00000000', 'maxWithdrawAmount': '5000.00000000', 'marginAvailable': True, 'updateTime': 1776777601169}]
2026-04-21 22:20:35 | DEBUG    | bot.client | Response [200]: []
2026-04-21 22:20:35 | INFO     | bot.orders | Fetching USDT account balance
2026-04-21 22:20:35 | INFO     | bot.orders | Fetching open orders (symbol=ALL)
2026-04-21 22:20:35 | DEBUG    | bot.client | GET https://testnet.binancefuture.com/fapi/v2/balance | params: {'timestamp': 1776790235613, 'recvWindow': 5000}
2026-04-21 22:20:35 | DEBUG    | bot.client | GET https://testnet.binancefuture.com/fapi/v1/openOrders | params: {'timestamp': 1776790235614, 'recvWindow': 5000}
2026-04-21 22:20:37 | DEBUG    | bot.client | Response [200]: []
2026-04-21 22:20:37 | DEBUG    | bot.client | Response [200]: [{'accountAlias': 'oCmYSgSgfWmYsR', 'asset': 'FDUSD', 'balance': '0.00000000', 'crossWalletBalance': '0.00000000', 'crossUnPnl': '0.00000000', 'availableBalance': '0.00000000', 'maxWithdrawAmount': '0.00000000', 'marginAvailable': True, 'updateTime': 0}, {'accountAlias': 'oCmYSgSgfWmYsR', 'asset': 'BNB', 'balance': '0.00000000', 'crossWalletBalance': '0.00000000', 'crossUnPnl': '0.00000000', 'availableBalance': '0.00000000', 'maxWithdrawAmount': '0.00000000', 'marginAvailable': True, 'updateTime': 0}, {'accountAlias': 'oCmYSgSgfWmYsR', 'asset': 'ETH', 'balance': '0.00000000', 'crossWalletBalance': '0.00000000', 'crossUnPnl': '0.00000000', 'availableBalance': '0.00000000', 'maxWithdrawAmount': '0.00000000', 'marginAvailable': True, 'updateTime': 0}, {'accountAlias': 'oCmYSgSgfWmYsR', 'asset': 'BTC', 'balance': '0.01000000', 'crossWalletBalance': '0.01000000', 'crossUnPnl': '0.00000000', 'availableBalance': '0.01000000', 'maxWithdrawAmount': '0.01000000', 'marginAvailable': True, 'updateTime': 1776777601189}, {'accountAlias': 'oCmYSgSgfWmYsR', 'asset': 'USDT', 'balance': '4973.71253575', 'crossWalletBalance': '4973.71253575', 'crossUnPnl': '-302.25715390', 'availableBalance': '959.63494023', 'maxWithdrawAmount': '959.63494023', 'marginAvailable': True, 'updateTime': 1776787201091}, {'accountAlias': 'oCmYSgSgfWmYsR', 'asset': 'USDC', 'balance': '5000.00000000', 'crossWalletBalance': '5000.00000000', 'crossUnPnl': '0.00000000', 'availableBalance': '5000.00000000', 'maxWithdrawAmount': '5000.00000000', 'marginAvailable': True, 'updateTime': 1776777601169}]
2026-04-21 22:20:38 | INFO     | bot.orders | Fetching USDT account balance
2026-04-21 22:20:38 | INFO     | bot.orders | Fetching open orders (symbol=ALL)
2026-04-21 22:20:38 | DEBUG    | bot.client | GET https://testnet.binancefuture.com/fapi/v2/balance | params: {'timestamp': 1776790238895, 'recvWindow': 5000}
2026-04-21 22:20:38 | DEBUG    | bot.client | GET https://testnet.binancefuture.com/fapi/v1/openOrders | params: {'timestamp': 1776790238895, 'recvWindow': 5000}
2026-04-21 22:20:40 | DEBUG    | bot.client | Response [200]: []
2026-04-21 22:20:40 | DEBUG    | bot.client | Response [200]: [{'accountAlias': 'oCmYSgSgfWmYsR', 'asset': 'FDUSD', 'balance': '0.00000000', 'crossWalletBalance': '0.00000000', 'crossUnPnl': '0.00000000', 'availableBalance': '0.00000000', 'maxWithdrawAmount': '0.00000000', 'marginAvailable': True, 'updateTime': 0}, {'accountAlias': 'oCmYSgSgfWmYsR', 'asset': 'BNB', 'balance': '0.00000000', 'crossWalletBalance': '0.00000000', 'crossUnPnl': '0.00000000', 'availableBalance': '0.00000000', 'maxWithdrawAmount': '0.00000000', 'marginAvailable': True, 'updateTime': 0}, {'accountAlias': 'oCmYSgSgfWmYsR', 'asset': 'ETH', 'balance': '0.00000000', 'crossWalletBalance': '0.00000000', 'crossUnPnl': '0.00000000', 'availableBalance': '0.00000000', 'maxWithdrawAmount': '0.00000000', 'marginAvailable': True, 'updateTime': 0}, {'accountAlias': 'oCmYSgSgfWmYsR', 'asset': 'BTC', 'balance': '0.01000000', 'crossWalletBalance': '0.01000000', 'crossUnPnl': '0.00000000', 'availableBalance': '0.01000000', 'maxWithdrawAmount': '0.01000000', 'marginAvailable': True, 'updateTime': 1776777601189}, {'accountAlias': 'oCmYSgSgfWmYsR', 'asset': 'USDT', 'balance': '4973.71253575', 'crossWalletBalance': '4973.71253575', 'crossUnPnl': '-300.15690479', 'availableBalance': '961.84020180', 'maxWithdrawAmount': '961.84020180', 'marginAvailable': True, 'updateTime': 1776787201091}, {'accountAlias': 'oCmYSgSgfWmYsR', 'asset': 'USDC', 'balance': '5000.00000000', 'crossWalletBalance': '5000.00000000', 'crossUnPnl': '0.00000000', 'availableBalance': '5000.00000000', 'maxWithdrawAmount': '5000.00000000', 'marginAvailable': True, 'updateTime': 1776777601169}]
2026-04-21 22:20:40 | INFO     | bot.orders | Fetching USDT account balance
2026-04-21 22:20:40 | INFO     | bot.orders | Fetching open orders (symbol=ALL)
2026-04-21 22:20:40 | DEBUG    | bot.client | GET https://testnet.binancefuture.com/fapi/v2/balance | params: {'timestamp': 1776790240609, 'recvWindow': 5000}
2026-04-21 22:20:40 | DEBUG    | bot.client | GET https://testnet.binancefuture.com/fapi/v1/openOrders | params: {'timestamp': 1776790240610, 'recvWindow': 5000}
2026-04-21 22:20:42 | DEBUG    | bot.client | Response [200]: []
2026-04-21 22:20:42 | DEBUG    | bot.client | Response [200]: [{'accountAlias': 'oCmYSgSgfWmYsR', 'asset': 'FDUSD', 'balance': '0.00000000', 'crossWalletBalance': '0.00000000', 'crossUnPnl': '0.00000000', 'availableBalance': '0.00000000', 'maxWithdrawAmount': '0.00000000', 'marginAvailable': True, 'updateTime': 0}, {'accountAlias': 'oCmYSgSgfWmYsR', 'asset': 'BNB', 'balance': '0.00000000', 'crossWalletBalance': '0.00000000', 'crossUnPnl': '0.00000000', 'availableBalance': '0.00000000', 'maxWithdrawAmount': '0.00000000', 'marginAvailable': True, 'updateTime': 0}, {'accountAlias': 'oCmYSgSgfWmYsR', 'asset': 'ETH', 'balance': '0.00000000', 'crossWalletBalance': '0.00000000', 'crossUnPnl': '0.00000000', 'availableBalance': '0.00000000', 'maxWithdrawAmount': '0.00000000', 'marginAvailable': True, 'updateTime': 0}, {'accountAlias': 'oCmYSgSgfWmYsR', 'asset': 'BTC', 'balance': '0.01000000', 'crossWalletBalance': '0.01000000', 'crossUnPnl': '0.00000000', 'availableBalance': '0.01000000', 'maxWithdrawAmount': '0.01000000', 'marginAvailable': True, 'updateTime': 1776777601189}, {'accountAlias': 'oCmYSgSgfWmYsR', 'asset': 'USDT', 'balance': '4973.71253575', 'crossWalletBalance': '4973.71253575', 'crossUnPnl': '-292.62423479', 'availableBalance': '962.30681842', 'maxWithdrawAmount': '962.30681842', 'marginAvailable': True, 'updateTime': 1776787201091}, {'accountAlias': 'oCmYSgSgfWmYsR', 'asset': 'USDC', 'balance': '5000.00000000', 'crossWalletBalance': '5000.00000000', 'crossUnPnl': '0.00000000', 'availableBalance': '5000.00000000', 'maxWithdrawAmount': '5000.00000000', 'marginAvailable': True, 'updateTime': 1776777601169}]
2026-04-21 22:20:44 | INFO     | bot.orders | Fetching USDT account balance
2026-04-21 22:20:44 | INFO     | bot.orders | Fetching open orders (symbol=ALL)
2026-04-21 22:20:44 | DEBUG    | bot.client | GET https://testnet.binancefuture.com/fapi/v2/balance | params: {'timestamp': 1776790244603, 'recvWindow': 5000}
2026-04-21 22:20:44 | DEBUG    | bot.client | GET https://testnet.binancefuture.com/fapi/v1/openOrders | params: {'timestamp': 1776790244604, 'recvWindow': 5000}
2026-04-21 22:20:46 | DEBUG    | bot.client | Response [200]: [{'accountAlias': 'oCmYSgSgfWmYsR', 'asset': 'FDUSD', 'balance': '0.00000000', 'crossWalletBalance': '0.00000000', 'crossUnPnl': '0.00000000', 'availableBalance': '0.00000000', 'maxWithdrawAmount': '0.00000000', 'marginAvailable': True, 'updateTime': 0}, {'accountAlias': 'oCmYSgSgfWmYsR', 'asset': 'BNB', 'balance': '0.00000000', 'crossWalletBalance': '0.00000000', 'crossUnPnl': '0.00000000', 'availableBalance': '0.00000000', 'maxWithdrawAmount': '0.00000000', 'marginAvailable': True, 'updateTime': 0}, {'accountAlias': 'oCmYSgSgfWmYsR', 'asset': 'ETH', 'balance': '0.00000000', 'crossWalletBalance': '0.00000000', 'crossUnPnl': '0.00000000', 'availableBalance': '0.00000000', 'maxWithdrawAmount': '0.00000000', 'marginAvailable': True, 'updateTime': 0}, {'accountAlias': 'oCmYSgSgfWmYsR', 'asset': 'BTC', 'balance': '0.01000000', 'crossWalletBalance': '0.01000000', 'crossUnPnl': '0.00000000', 'availableBalance': '0.01000000', 'maxWithdrawAmount': '0.01000000', 'marginAvailable': True, 'updateTime': 1776777601189}, {'accountAlias': 'oCmYSgSgfWmYsR', 'asset': 'USDT', 'balance': '4973.71253575', 'crossWalletBalance': '4973.71253575', 'crossUnPnl': '-280.89152675', 'availableBalance': '982.06884874', 'maxWithdrawAmount': '982.06884874', 'marginAvailable': True, 'updateTime': 1776787201091}, {'accountAlias': 'oCmYSgSgfWmYsR', 'asset': 'USDC', 'balance': '5000.00000000', 'crossWalletBalance': '5000.00000000', 'crossUnPnl': '0.00000000', 'availableBalance': '5000.00000000', 'maxWithdrawAmount': '5000.00000000', 'marginAvailable': True, 'updateTime': 1776777601169}]
2026-04-21 22:20:46 | INFO     | bot.orders | Fetching USDT account balance
2026-04-21 22:20:46 | DEBUG    | bot.client | GET https://testnet.binancefuture.com/fapi/v2/balance | params: {'timestamp': 1776790246115, 'recvWindow': 5000}
2026-04-21 22:20:46 | DEBUG    | bot.client | Response [200]: []
2026-04-21 22:20:46 | INFO     | bot.orders | Fetching open orders (symbol=ALL)
2026-04-21 22:20:46 | DEBUG    | bot.client | GET https://testnet.binancefuture.com/fapi/v1/openOrders | params: {'timestamp': 1776790246130, 'recvWindow': 5000}
2026-04-21 22:20:46 | DEBUG    | bot.client | Response [200]: []
2026-04-21 22:20:47 | DEBUG    | bot.client | Response [200]: [{'accountAlias': 'oCmYSgSgfWmYsR', 'asset': 'FDUSD', 'balance': '0.00000000', 'crossWalletBalance': '0.00000000', 'crossUnPnl': '0.00000000', 'availableBalance': '0.00000000', 'maxWithdrawAmount': '0.00000000', 'marginAvailable': True, 'updateTime': 0}, {'accountAlias': 'oCmYSgSgfWmYsR', 'asset': 'BNB', 'balance': '0.00000000', 'crossWalletBalance': '0.00000000', 'crossUnPnl': '0.00000000', 'availableBalance': '0.00000000', 'maxWithdrawAmount': '0.00000000', 'marginAvailable': True, 'updateTime': 0}, {'accountAlias': 'oCmYSgSgfWmYsR', 'asset': 'ETH', 'balance': '0.00000000', 'crossWalletBalance': '0.00000000', 'crossUnPnl': '0.00000000', 'availableBalance': '0.00000000', 'maxWithdrawAmount': '0.00000000', 'marginAvailable': True, 'updateTime': 0}, {'accountAlias': 'oCmYSgSgfWmYsR', 'asset': 'BTC', 'balance': '0.01000000', 'crossWalletBalance': '0.01000000', 'crossUnPnl': '0.00000000', 'availableBalance': '0.01000000', 'maxWithdrawAmount': '0.01000000', 'marginAvailable': True, 'updateTime': 1776777601189}, {'accountAlias': 'oCmYSgSgfWmYsR', 'asset': 'USDT', 'balance': '4973.71253575', 'crossWalletBalance': '4973.71253575', 'crossUnPnl': '-274.34143202', 'availableBalance': '987.84135856', 'maxWithdrawAmount': '987.84135856', 'marginAvailable': True, 'updateTime': 1776787201091}, {'accountAlias': 'oCmYSgSgfWmYsR', 'asset': 'USDC', 'balance': '5000.00000000', 'crossWalletBalance': '5000.00000000', 'crossUnPnl': '0.00000000', 'availableBalance': '5000.00000000', 'maxWithdrawAmount': '5000.00000000', 'marginAvailable': True, 'updateTime': 1776777601169}]
2026-04-21 22:20:49 | INFO     | bot.orders | Fetching USDT account balance
2026-04-21 22:20:49 | INFO     | bot.orders | Fetching open orders (symbol=ALL)
2026-04-21 22:20:49 | DEBUG    | bot.client | GET https://testnet.binancefuture.com/fapi/v2/balance | params: {'timestamp': 1776790249611, 'recvWindow': 5000}
2026-04-21 22:20:49 | DEBUG    | bot.client | GET https://testnet.binancefuture.com/fapi/v1/openOrders | params: {'timestamp': 1776790249611, 'recvWindow': 5000}
2026-04-21 22:20:50 | DEBUG    | bot.client | Response [200]: []
2026-04-21 22:20:50 | DEBUG    | bot.client | Response [200]: [{'accountAlias': 'oCmYSgSgfWmYsR', 'asset': 'FDUSD', 'balance': '0.00000000', 'crossWalletBalance': '0.00000000', 'crossUnPnl': '0.00000000', 'availableBalance': '0.00000000', 'maxWithdrawAmount': '0.00000000', 'marginAvailable': True, 'updateTime': 0}, {'accountAlias': 'oCmYSgSgfWmYsR', 'asset': 'BNB', 'balance': '0.00000000', 'crossWalletBalance': '0.00000000', 'crossUnPnl': '0.00000000', 'availableBalance': '0.00000000', 'maxWithdrawAmount': '0.00000000', 'marginAvailable': True, 'updateTime': 0}, {'accountAlias': 'oCmYSgSgfWmYsR', 'asset': 'ETH', 'balance': '0.00000000', 'crossWalletBalance': '0.00000000', 'crossUnPnl': '0.00000000', 'availableBalance': '0.00000000', 'maxWithdrawAmount': '0.00000000', 'marginAvailable': True, 'updateTime': 0}, {'accountAlias': 'oCmYSgSgfWmYsR', 'asset': 'BTC', 'balance': '0.01000000', 'crossWalletBalance': '0.01000000', 'crossUnPnl': '0.00000000', 'availableBalance': '0.01000000', 'maxWithdrawAmount': '0.01000000', 'marginAvailable': True, 'updateTime': 1776777601189}, {'accountAlias': 'oCmYSgSgfWmYsR', 'asset': 'USDT', 'balance': '4973.71253575', 'crossWalletBalance': '4973.71253575', 'crossUnPnl': '-265.90779810', 'availableBalance': '987.96994025', 'maxWithdrawAmount': '987.96994025', 'marginAvailable': True, 'updateTime': 1776787201091}, {'accountAlias': 'oCmYSgSgfWmYsR', 'asset': 'USDC', 'balance': '5000.00000000', 'crossWalletBalance': '5000.00000000', 'crossUnPnl': '0.00000000', 'availableBalance': '5000.00000000', 'maxWithdrawAmount': '5000.00000000', 'marginAvailable': True, 'updateTime': 1776777601169}]
2026-04-21 22:20:50 | INFO     | bot.orders | Fetching open orders (symbol=ALL)
2026-04-21 22:20:50 | INFO     | bot.orders | Fetching USDT account balance
2026-04-21 22:20:50 | DEBUG    | bot.client | GET https://testnet.binancefuture.com/fapi/v1/openOrders | params: {'timestamp': 1776790250631, 'recvWindow': 5000}
2026-04-21 22:20:50 | DEBUG    | bot.client | GET https://testnet.binancefuture.com/fapi/v2/balance | params: {'timestamp': 1776790250631, 'recvWindow': 5000}
2026-04-21 22:20:51 | DEBUG    | bot.client | Response [200]: []
2026-04-21 22:20:52 | DEBUG    | bot.client | Response [200]: [{'accountAlias': 'oCmYSgSgfWmYsR', 'asset': 'FDUSD', 'balance': '0.00000000', 'crossWalletBalance': '0.00000000', 'crossUnPnl': '0.00000000', 'availableBalance': '0.00000000', 'maxWithdrawAmount': '0.00000000', 'marginAvailable': True, 'updateTime': 0}, {'accountAlias': 'oCmYSgSgfWmYsR', 'asset': 'BNB', 'balance': '0.00000000', 'crossWalletBalance': '0.00000000', 'crossUnPnl': '0.00000000', 'availableBalance': '0.00000000', 'maxWithdrawAmount': '0.00000000', 'marginAvailable': True, 'updateTime': 0}, {'accountAlias': 'oCmYSgSgfWmYsR', 'asset': 'ETH', 'balance': '0.00000000', 'crossWalletBalance': '0.00000000', 'crossUnPnl': '0.00000000', 'availableBalance': '0.00000000', 'maxWithdrawAmount': '0.00000000', 'marginAvailable': True, 'updateTime': 0}, {'accountAlias': 'oCmYSgSgfWmYsR', 'asset': 'BTC', 'balance': '0.01000000', 'crossWalletBalance': '0.01000000', 'crossUnPnl': '0.00000000', 'availableBalance': '0.01000000', 'maxWithdrawAmount': '0.01000000', 'marginAvailable': True, 'updateTime': 1776777601189}, {'accountAlias': 'oCmYSgSgfWmYsR', 'asset': 'USDT', 'balance': '4973.71253575', 'crossWalletBalance': '4973.71253575', 'crossUnPnl': '-265.90779810', 'availableBalance': '987.96994025', 'maxWithdrawAmount': '987.96994025', 'marginAvailable': True, 'updateTime': 1776787201091}, {'accountAlias': 'oCmYSgSgfWmYsR', 'asset': 'USDC', 'balance': '5000.00000000', 'crossWalletBalance': '5000.00000000', 'crossUnPnl': '0.00000000', 'availableBalance': '5000.00000000', 'maxWithdrawAmount': '5000.00000000', 'marginAvailable': True, 'updateTime': 1776777601169}]
2026-04-21 22:20:54 | INFO     | bot.orders | Fetching open orders (symbol=ALL)
2026-04-21 22:20:54 | INFO     | bot.orders | Fetching USDT account balance
2026-04-21 22:20:54 | DEBUG    | bot.client | GET https://testnet.binancefuture.com/fapi/v1/openOrders | params: {'timestamp': 1776790254606, 'recvWindow': 5000}
2026-04-21 22:20:54 | DEBUG    | bot.client | GET https://testnet.binancefuture.com/fapi/v2/balance | params: {'timestamp': 1776790254606, 'recvWindow': 5000}
2026-04-21 22:20:55 | DEBUG    | bot.client | Response [200]: []
2026-04-21 22:20:55 | DEBUG    | bot.client | Response [200]: [{'accountAlias': 'oCmYSgSgfWmYsR', 'asset': 'FDUSD', 'balance': '0.00000000', 'crossWalletBalance': '0.00000000', 'crossUnPnl': '0.00000000', 'availableBalance': '0.00000000', 'maxWithdrawAmount': '0.00000000', 'marginAvailable': True, 'updateTime': 0}, {'accountAlias': 'oCmYSgSgfWmYsR', 'asset': 'BNB', 'balance': '0.00000000', 'crossWalletBalance': '0.00000000', 'crossUnPnl': '0.00000000', 'availableBalance': '0.00000000', 'maxWithdrawAmount': '0.00000000', 'marginAvailable': True, 'updateTime': 0}, {'accountAlias': 'oCmYSgSgfWmYsR', 'asset': 'ETH', 'balance': '0.00000000', 'crossWalletBalance': '0.00000000', 'crossUnPnl': '0.00000000', 'availableBalance': '0.00000000', 'maxWithdrawAmount': '0.00000000', 'marginAvailable': True, 'updateTime': 0}, {'accountAlias': 'oCmYSgSgfWmYsR', 'asset': 'BTC', 'balance': '0.01000000', 'crossWalletBalance': '0.01000000', 'crossUnPnl': '0.00000000', 'availableBalance': '0.01000000', 'maxWithdrawAmount': '0.01000000', 'marginAvailable': True, 'updateTime': 1776777601189}, {'accountAlias': 'oCmYSgSgfWmYsR', 'asset': 'USDT', 'balance': '4973.71253575', 'crossWalletBalance': '4973.71253575', 'crossUnPnl': '-261.24474702', 'availableBalance': '1002.69796746', 'maxWithdrawAmount': '1002.69796746', 'marginAvailable': True, 'updateTime': 1776787201091}, {'accountAlias': 'oCmYSgSgfWmYsR', 'asset': 'USDC', 'balance': '5000.00000000', 'crossWalletBalance': '5000.00000000', 'crossUnPnl': '0.00000000', 'availableBalance': '5000.00000000', 'maxWithdrawAmount': '5000.00000000', 'marginAvailable': True, 'updateTime': 1776777601169}]
2026-04-21 22:20:55 | INFO     | bot.orders | Fetching USDT account balance
2026-04-21 22:20:55 | INFO     | bot.orders | Fetching open orders (symbol=ALL)
2026-04-21 22:20:55 | DEBUG    | bot.client | GET https://testnet.binancefuture.com/fapi/v2/balance | params: {'timestamp': 1776790255599, 'recvWindow': 5000}
2026-04-21 22:20:55 | DEBUG    | bot.client | GET https://testnet.binancefuture.com/fapi/v1/openOrders | params: {'timestamp': 1776790255599, 'recvWindow': 5000}
2026-04-21 22:20:56 | DEBUG    | bot.client | Response [200]: []
2026-04-21 22:20:56 | DEBUG    | bot.client | Response [200]: [{'accountAlias': 'oCmYSgSgfWmYsR', 'asset': 'FDUSD', 'balance': '0.00000000', 'crossWalletBalance': '0.00000000', 'crossUnPnl': '0.00000000', 'availableBalance': '0.00000000', 'maxWithdrawAmount': '0.00000000', 'marginAvailable': True, 'updateTime': 0}, {'accountAlias': 'oCmYSgSgfWmYsR', 'asset': 'BNB', 'balance': '0.00000000', 'crossWalletBalance': '0.00000000', 'crossUnPnl': '0.00000000', 'availableBalance': '0.00000000', 'maxWithdrawAmount': '0.00000000', 'marginAvailable': True, 'updateTime': 0}, {'accountAlias': 'oCmYSgSgfWmYsR', 'asset': 'ETH', 'balance': '0.00000000', 'crossWalletBalance': '0.00000000', 'crossUnPnl': '0.00000000', 'availableBalance': '0.00000000', 'maxWithdrawAmount': '0.00000000', 'marginAvailable': True, 'updateTime': 0}, {'accountAlias': 'oCmYSgSgfWmYsR', 'asset': 'BTC', 'balance': '0.01000000', 'crossWalletBalance': '0.01000000', 'crossUnPnl': '0.00000000', 'availableBalance': '0.01000000', 'maxWithdrawAmount': '0.01000000', 'marginAvailable': True, 'updateTime': 1776777601189}, {'accountAlias': 'oCmYSgSgfWmYsR', 'asset': 'USDT', 'balance': '4973.71253575', 'crossWalletBalance': '4973.71253575', 'crossUnPnl': '-261.05062137', 'availableBalance': '1002.90179939', 'maxWithdrawAmount': '1002.90179939', 'marginAvailable': True, 'updateTime': 1776787201091}, {'accountAlias': 'oCmYSgSgfWmYsR', 'asset': 'USDC', 'balance': '5000.00000000', 'crossWalletBalance': '5000.00000000', 'crossUnPnl': '0.00000000', 'availableBalance': '5000.00000000', 'maxWithdrawAmount': '5000.00000000', 'marginAvailable': True, 'updateTime': 1776777601169}]
2026-04-21 22:20:59 | INFO     | bot.orders | Fetching USDT account balance
2026-04-21 22:20:59 | INFO     | bot.orders | Fetching open orders (symbol=ALL)
2026-04-21 22:20:59 | DEBUG    | bot.client | GET https://testnet.binancefuture.com/fapi/v2/balance | params: {'timestamp': 1776790259600, 'recvWindow': 5000}
2026-04-21 22:20:59 | DEBUG    | bot.client | GET https://testnet.binancefuture.com/fapi/v1/openOrders | params: {'timestamp': 1776790259600, 'recvWindow': 5000}
2026-04-21 22:21:00 | DEBUG    | bot.client | Response [200]: []
2026-04-21 22:21:00 | DEBUG    | bot.client | Response [200]: [{'accountAlias': 'oCmYSgSgfWmYsR', 'asset': 'FDUSD', 'balance': '0.00000000', 'crossWalletBalance': '0.00000000', 'crossUnPnl': '0.00000000', 'availableBalance': '0.00000000', 'maxWithdrawAmount': '0.00000000', 'marginAvailable': True, 'updateTime': 0}, {'accountAlias': 'oCmYSgSgfWmYsR', 'asset': 'BNB', 'balance': '0.00000000', 'crossWalletBalance': '0.00000000', 'crossUnPnl': '0.00000000', 'availableBalance': '0.00000000', 'maxWithdrawAmount': '0.00000000', 'marginAvailable': True, 'updateTime': 0}, {'accountAlias': 'oCmYSgSgfWmYsR', 'asset': 'ETH', 'balance': '0.00000000', 'crossWalletBalance': '0.00000000', 'crossUnPnl': '0.00000000', 'availableBalance': '0.00000000', 'maxWithdrawAmount': '0.00000000', 'marginAvailable': True, 'updateTime': 0}, {'accountAlias': 'oCmYSgSgfWmYsR', 'asset': 'BTC', 'balance': '0.01000000', 'crossWalletBalance': '0.01000000', 'crossUnPnl': '0.00000000', 'availableBalance': '0.01000000', 'maxWithdrawAmount': '0.01000000', 'marginAvailable': True, 'updateTime': 1776777601189}, {'accountAlias': 'oCmYSgSgfWmYsR', 'asset': 'USDT', 'balance': '4973.71253575', 'crossWalletBalance': '4973.71253575', 'crossUnPnl': '-264.97007280', 'availableBalance': '998.78637539', 'maxWithdrawAmount': '998.78637539', 'marginAvailable': True, 'updateTime': 1776787201091}, {'accountAlias': 'oCmYSgSgfWmYsR', 'asset': 'USDC', 'balance': '5000.00000000', 'crossWalletBalance': '5000.00000000', 'crossUnPnl': '0.00000000', 'availableBalance': '5000.00000000', 'maxWithdrawAmount': '5000.00000000', 'marginAvailable': True, 'updateTime': 1776777601169}]
2026-04-21 22:21:04 | INFO     | bot.orders | Fetching open orders (symbol=ALL)
2026-04-21 22:21:04 | INFO     | bot.orders | Fetching USDT account balance
2026-04-21 22:21:04 | DEBUG    | bot.client | GET https://testnet.binancefuture.com/fapi/v1/openOrders | params: {'timestamp': 1776790264611, 'recvWindow': 5000}
2026-04-21 22:21:04 | DEBUG    | bot.client | GET https://testnet.binancefuture.com/fapi/v2/balance | params: {'timestamp': 1776790264611, 'recvWindow': 5000}
2026-04-21 22:21:05 | DEBUG    | bot.client | Response [200]: []
2026-04-21 22:21:05 | DEBUG    | bot.client | Response [200]: [{'accountAlias': 'oCmYSgSgfWmYsR', 'asset': 'FDUSD', 'balance': '0.00000000', 'crossWalletBalance': '0.00000000', 'crossUnPnl': '0.00000000', 'availableBalance': '0.00000000', 'maxWithdrawAmount': '0.00000000', 'marginAvailable': True, 'updateTime': 0}, {'accountAlias': 'oCmYSgSgfWmYsR', 'asset': 'BNB', 'balance': '0.00000000', 'crossWalletBalance': '0.00000000', 'crossUnPnl': '0.00000000', 'availableBalance': '0.00000000', 'maxWithdrawAmount': '0.00000000', 'marginAvailable': True, 'updateTime': 0}, {'accountAlias': 'oCmYSgSgfWmYsR', 'asset': 'ETH', 'balance': '0.00000000', 'crossWalletBalance': '0.00000000', 'crossUnPnl': '0.00000000', 'availableBalance': '0.00000000', 'maxWithdrawAmount': '0.00000000', 'marginAvailable': True, 'updateTime': 0}, {'accountAlias': 'oCmYSgSgfWmYsR', 'asset': 'BTC', 'balance': '0.01000000', 'crossWalletBalance': '0.01000000', 'crossUnPnl': '0.00000000', 'availableBalance': '0.01000000', 'maxWithdrawAmount': '0.01000000', 'marginAvailable': True, 'updateTime': 1776777601189}, {'accountAlias': 'oCmYSgSgfWmYsR', 'asset': 'USDT', 'balance': '4973.71253575', 'crossWalletBalance': '4973.71253575', 'crossUnPnl': '-269.29142167', 'availableBalance': '994.24895908', 'maxWithdrawAmount': '994.24895908', 'marginAvailable': True, 'updateTime': 1776787201091}, {'accountAlias': 'oCmYSgSgfWmYsR', 'asset': 'USDC', 'balance': '5000.00000000', 'crossWalletBalance': '5000.00000000', 'crossUnPnl': '0.00000000', 'availableBalance': '5000.00000000', 'maxWithdrawAmount': '5000.00000000', 'marginAvailable': True, 'updateTime': 1776777601169}]
2026-04-21 22:21:09 | INFO     | bot.orders | Fetching USDT account balance
2026-04-21 22:21:09 | INFO     | bot.orders | Fetching open orders (symbol=ALL)
2026-04-21 22:21:09 | DEBUG    | bot.client | GET https://testnet.binancefuture.com/fapi/v2/balance | params: {'timestamp': 1776790269615, 'recvWindow': 5000}
2026-04-21 22:21:09 | DEBUG    | bot.client | GET https://testnet.binancefuture.com/fapi/v1/openOrders | params: {'timestamp': 1776790269617, 'recvWindow': 5000}
2026-04-21 22:21:10 | DEBUG    | bot.client | Response [200]: []
2026-04-21 22:21:10 | DEBUG    | bot.client | Response [200]: [{'accountAlias': 'oCmYSgSgfWmYsR', 'asset': 'FDUSD', 'balance': '0.00000000', 'crossWalletBalance': '0.00000000', 'crossUnPnl': '0.00000000', 'availableBalance': '0.00000000', 'maxWithdrawAmount': '0.00000000', 'marginAvailable': True, 'updateTime': 0}, {'accountAlias': 'oCmYSgSgfWmYsR', 'asset': 'BNB', 'balance': '0.00000000', 'crossWalletBalance': '0.00000000', 'crossUnPnl': '0.00000000', 'availableBalance': '0.00000000', 'maxWithdrawAmount': '0.00000000', 'marginAvailable': True, 'updateTime': 0}, {'accountAlias': 'oCmYSgSgfWmYsR', 'asset': 'ETH', 'balance': '0.00000000', 'crossWalletBalance': '0.00000000', 'crossUnPnl': '0.00000000', 'availableBalance': '0.00000000', 'maxWithdrawAmount': '0.00000000', 'marginAvailable': True, 'updateTime': 0}, {'accountAlias': 'oCmYSgSgfWmYsR', 'asset': 'BTC', 'balance': '0.01000000', 'crossWalletBalance': '0.01000000', 'crossUnPnl': '0.00000000', 'availableBalance': '0.01000000', 'maxWithdrawAmount': '0.01000000', 'marginAvailable': True, 'updateTime': 1776777601189}, {'accountAlias': 'oCmYSgSgfWmYsR', 'asset': 'USDT', 'balance': '4973.71253575', 'crossWalletBalance': '4973.71253575', 'crossUnPnl': '-269.22965120', 'availableBalance': '994.31381807', 'maxWithdrawAmount': '994.31381807', 'marginAvailable': True, 'updateTime': 1776787201091}, {'accountAlias': 'oCmYSgSgfWmYsR', 'asset': 'USDC', 'balance': '5000.00000000', 'crossWalletBalance': '5000.00000000', 'crossUnPnl': '0.00000000', 'availableBalance': '5000.00000000', 'maxWithdrawAmount': '5000.00000000', 'marginAvailable': True, 'updateTime': 1776777601169}]
2026-04-21 22:21:14 | INFO     | bot.orders | Fetching open orders (symbol=ALL)
2026-04-21 22:21:14 | DEBUG    | bot.client | GET https://testnet.binancefuture.com/fapi/v1/openOrders | params: {'timestamp': 1776790274604, 'recvWindow': 5000}
2026-04-21 22:21:14 | DEBUG    | bot.client | GET https://testnet.binancefuture.com/fapi/v2/balance | params: {'timestamp': 1776790274604, 'recvWindow': 5000}
2026-04-21 22:21:15 | DEBUG    | bot.client | Response [200]: []
2026-04-21 22:21:15 | DEBUG    | bot.client | Response [200]: [{'accountAlias': 'oCmYSgSgfWmYsR', 'asset': 'FDUSD', 'balance': '0.00000000', 'crossWalletBalance': '0.00000000', 'crossUnPnl': '0.00000000', 'availableBalance': '0.00000000', 'maxWithdrawAmount': '0.00000000', 'marginAvailable': True, 'updateTime': 0}, {'accountAlias': 'oCmYSgSgfWmYsR', 'asset': 'BNB', 'balance': '0.00000000', 'crossWalletBalance': '0.00000000', 'crossUnPnl': '0.00000000', 'availableBalance': '0.00000000', 'maxWithdrawAmount': '0.00000000', 'marginAvailable': True, 'updateTime': 0}, {'accountAlias': 'oCmYSgSgfWmYsR', 'asset': 'ETH', 'balance': '0.00000000', 'crossWalletBalance': '0.00000000', 'crossUnPnl': '0.00000000', 'availableBalance': '0.00000000', 'maxWithdrawAmount': '0.00000000', 'marginAvailable': True, 'updateTime': 0}, {'accountAlias': 'oCmYSgSgfWmYsR', 'asset': 'BTC', 'balance': '0.01000000', 'crossWalletBalance': '0.01000000', 'crossUnPnl': '0.00000000', 'availableBalance': '0.01000000', 'maxWithdrawAmount': '0.01000000', 'marginAvailable': True, 'updateTime': 1776777601189}, {'accountAlias': 'oCmYSgSgfWmYsR', 'asset': 'USDT', 'balance': '4973.71253575', 'crossWalletBalance': '4973.71253575', 'crossUnPnl': '-278.57292167', 'availableBalance': '984.50338408', 'maxWithdrawAmount': '984.50338408', 'marginAvailable': True, 'updateTime': 1776787201091}, {'accountAlias': 'oCmYSgSgfWmYsR', 'asset': 'USDC', 'balance': '5000.00000000', 'crossWalletBalance': '5000.00000000', 'crossUnPnl': '0.00000000', 'availableBalance': '5000.00000000', 'maxWithdrawAmount': '5000.00000000', 'marginAvailable': True, 'updateTime': 1776777601169}]
2026-04-21 22:21:20 | INFO     | bot.orders | Fetching USDT account balance
2026-04-21 22:21:20 | INFO     | bot.orders | Fetching open orders (symbol=ALL)
2026-04-21 22:21:20 | DEBUG    | bot.client | GET https://testnet.binancefuture.com/fapi/v2/balance | params: {'timestamp': 1776790280386, 'recvWindow': 5000}
2026-04-21 22:21:20 | DEBUG    | bot.client | GET https://testnet.binancefuture.com/fapi/v1/openOrders | params: {'timestamp': 1776790280387, 'recvWindow': 5000}
2026-04-21 22:21:22 | DEBUG    | bot.client | Response [200]: []
2026-04-21 22:21:22 | INFO     | bot.orders | Fetching open orders (symbol=ALL)
2026-04-21 22:21:22 | DEBUG    | bot.client | GET https://testnet.binancefuture.com/fapi/v1/openOrders | params: {'timestamp': 1776790282676, 'recvWindow': 5000}
2026-04-21 22:21:22 | DEBUG    | bot.client | Response [200]: [{'accountAlias': 'oCmYSgSgfWmYsR', 'asset': 'FDUSD', 'balance': '0.00000000', 'crossWalletBalance': '0.00000000', 'crossUnPnl': '0.00000000', 'availableBalance': '0.00000000', 'maxWithdrawAmount': '0.00000000', 'marginAvailable': True, 'updateTime': 0}, {'accountAlias': 'oCmYSgSgfWmYsR', 'asset': 'BNB', 'balance': '0.00000000', 'crossWalletBalance': '0.00000000', 'crossUnPnl': '0.00000000', 'availableBalance': '0.00000000', 'maxWithdrawAmount': '0.00000000', 'marginAvailable': True, 'updateTime': 0}, {'accountAlias': 'oCmYSgSgfWmYsR', 'asset': 'ETH', 'balance': '0.00000000', 'crossWalletBalance': '0.00000000', 'crossUnPnl': '0.00000000', 'availableBalance': '0.00000000', 'maxWithdrawAmount': '0.00000000', 'marginAvailable': True, 'updateTime': 0}, {'accountAlias': 'oCmYSgSgfWmYsR', 'asset': 'BTC', 'balance': '0.01000000', 'crossWalletBalance': '0.01000000', 'crossUnPnl': '0.00000000', 'availableBalance': '0.01000000', 'maxWithdrawAmount': '0.01000000', 'marginAvailable': True, 'updateTime': 1776777601189}, {'accountAlias': 'oCmYSgSgfWmYsR', 'asset': 'USDT', 'balance': '4973.71253575', 'crossWalletBalance': '4973.71253575', 'crossUnPnl': '-268.35364327', 'availableBalance': '995.23362640', 'maxWithdrawAmount': '995.23362640', 'marginAvailable': True, 'updateTime': 1776787201091}, {'accountAlias': 'oCmYSgSgfWmYsR', 'asset': 'USDC', 'balance': '5000.00000000', 'crossWalletBalance': '5000.00000000', 'crossUnPnl': '0.00000000', 'availableBalance': '5000.00000000', 'maxWithdrawAmount': '5000.00000000', 'marginAvailable': True, 'updateTime': 1776777601169}]
2026-04-21 22:21:22 | INFO     | bot.orders | Fetching USDT account balance
2026-04-21 22:21:22 | DEBUG    | bot.client | GET https://testnet.binancefuture.com/fapi/v2/balance | params: {'timestamp': 1776790282728, 'recvWindow': 5000}
2026-04-21 22:21:24 | DEBUG    | bot.client | Response [200]: []
2026-04-21 22:21:24 | DEBUG    | bot.client | Response [200]: [{'accountAlias': 'oCmYSgSgfWmYsR', 'asset': 'FDUSD', 'balance': '0.00000000', 'crossWalletBalance': '0.00000000', 'crossUnPnl': '0.00000000', 'availableBalance': '0.00000000', 'maxWithdrawAmount': '0.00000000', 'marginAvailable': True, 'updateTime': 0}, {'accountAlias': 'oCmYSgSgfWmYsR', 'asset': 'BNB', 'balance': '0.00000000', 'crossWalletBalance': '0.00000000', 'crossUnPnl': '0.00000000', 'availableBalance': '0.00000000', 'maxWithdrawAmount': '0.00000000', 'marginAvailable': True, 'updateTime': 0}, {'accountAlias': 'oCmYSgSgfWmYsR', 'asset': 'ETH', 'balance': '0.00000000', 'crossWalletBalance': '0.00000000', 'crossUnPnl': '0.00000000', 'availableBalance': '0.00000000', 'maxWithdrawAmount': '0.00000000', 'marginAvailable': True, 'updateTime': 0}, {'accountAlias': 'oCmYSgSgfWmYsR', 'asset': 'BTC', 'balance': '0.01000000', 'crossWalletBalance': '0.01000000', 'crossUnPnl': '0.00000000', 'availableBalance': '0.01000000', 'maxWithdrawAmount': '0.01000000', 'marginAvailable': True, 'updateTime': 1776777601189}, {'accountAlias': 'oCmYSgSgfWmYsR', 'asset': 'USDT', 'balance': '4973.71253575', 'crossWalletBalance': '4973.71253575', 'crossUnPnl': '-266.16502167', 'availableBalance': '997.53167908', 'maxWithdrawAmount': '997.53167908', 'marginAvailable': True, 'updateTime': 1776787201091}, {'accountAlias': 'oCmYSgSgfWmYsR', 'asset': 'USDC', 'balance': '5000.00000000', 'crossWalletBalance': '5000.00000000', 'crossUnPnl': '0.00000000', 'availableBalance': '5000.00000000', 'maxWithdrawAmount': '5000.00000000', 'marginAvailable': True, 'updateTime': 1776777601169}]
2026-04-21 22:21:24 | INFO     | bot.orders | Fetching USDT account balance
2026-04-21 22:21:24 | INFO     | bot.orders | Fetching open orders (symbol=ALL)
2026-04-21 22:21:24 | DEBUG    | bot.client | GET https://testnet.binancefuture.com/fapi/v2/balance | params: {'timestamp': 1776790284608, 'recvWindow': 5000}
2026-04-21 22:21:24 | DEBUG    | bot.client | GET https://testnet.binancefuture.com/fapi/v1/openOrders | params: {'timestamp': 1776790284608, 'recvWindow': 5000}
2026-04-21 22:21:26 | DEBUG    | bot.client | Response [200]: []
2026-04-21 22:21:26 | DEBUG    | bot.client | Response [200]: [{'accountAlias': 'oCmYSgSgfWmYsR', 'asset': 'FDUSD', 'balance': '0.00000000', 'crossWalletBalance': '0.00000000', 'crossUnPnl': '0.00000000', 'availableBalance': '0.00000000', 'maxWithdrawAmount': '0.00000000', 'marginAvailable': True, 'updateTime': 0}, {'accountAlias': 'oCmYSgSgfWmYsR', 'asset': 'BNB', 'balance': '0.00000000', 'crossWalletBalance': '0.00000000', 'crossUnPnl': '0.00000000', 'availableBalance': '0.00000000', 'maxWithdrawAmount': '0.00000000', 'marginAvailable': True, 'updateTime': 0}, {'accountAlias': 'oCmYSgSgfWmYsR', 'asset': 'ETH', 'balance': '0.00000000', 'crossWalletBalance': '0.00000000', 'crossUnPnl': '0.00000000', 'availableBalance': '0.00000000', 'maxWithdrawAmount': '0.00000000', 'marginAvailable': True, 'updateTime': 0}, {'accountAlias': 'oCmYSgSgfWmYsR', 'asset': 'BTC', 'balance': '0.01000000', 'crossWalletBalance': '0.01000000', 'crossUnPnl': '0.00000000', 'availableBalance': '0.01000000', 'maxWithdrawAmount': '0.01000000', 'marginAvailable': True, 'updateTime': 1776777601189}, {'accountAlias': 'oCmYSgSgfWmYsR', 'asset': 'USDT', 'balance': '4973.71253575', 'crossWalletBalance': '4973.71253575', 'crossUnPnl': '-274.76262167', 'availableBalance': '988.50419908', 'maxWithdrawAmount': '988.50419908', 'marginAvailable': True, 'updateTime': 1776787201091}, {'accountAlias': 'oCmYSgSgfWmYsR', 'asset': 'USDC', 'balance': '5000.00000000', 'crossWalletBalance': '5000.00000000', 'crossUnPnl': '0.00000000', 'availableBalance': '5000.00000000', 'maxWithdrawAmount': '5000.00000000', 'marginAvailable': True, 'updateTime': 1776777601169}]
2026-04-21 22:21:29 | INFO     | bot.orders | Fetching USDT account balance
2026-04-21 22:21:29 | INFO     | bot.orders | Fetching open orders (symbol=ALL)
2026-04-21 22:21:29 | DEBUG    | bot.client | GET https://testnet.binancefuture.com/fapi/v2/balance | params: {'timestamp': 1776790289599, 'recvWindow': 5000}
2026-04-21 22:21:29 | DEBUG    | bot.client | GET https://testnet.binancefuture.com/fapi/v1/openOrders | params: {'timestamp': 1776790289599, 'recvWindow': 5000}
2026-04-21 22:21:30 | DEBUG    | bot.client | Response [200]: []
2026-04-21 22:21:30 | DEBUG    | bot.client | Response [200]: [{'accountAlias': 'oCmYSgSgfWmYsR', 'asset': 'FDUSD', 'balance': '0.00000000', 'crossWalletBalance': '0.00000000', 'crossUnPnl': '0.00000000', 'availableBalance': '0.00000000', 'maxWithdrawAmount': '0.00000000', 'marginAvailable': True, 'updateTime': 0}, {'accountAlias': 'oCmYSgSgfWmYsR', 'asset': 'BNB', 'balance': '0.00000000', 'crossWalletBalance': '0.00000000', 'crossUnPnl': '0.00000000', 'availableBalance': '0.00000000', 'maxWithdrawAmount': '0.00000000', 'marginAvailable': True, 'updateTime': 0}, {'accountAlias': 'oCmYSgSgfWmYsR', 'asset': 'ETH', 'balance': '0.00000000', 'crossWalletBalance': '0.00000000', 'crossUnPnl': '0.00000000', 'availableBalance': '0.00000000', 'maxWithdrawAmount': '0.00000000', 'marginAvailable': True, 'updateTime': 0}, {'accountAlias': 'oCmYSgSgfWmYsR', 'asset': 'BTC', 'balance': '0.01000000', 'crossWalletBalance': '0.01000000', 'crossUnPnl': '0.00000000', 'availableBalance': '0.01000000', 'maxWithdrawAmount': '0.01000000', 'marginAvailable': True, 'updateTime': 1776777601189}, {'accountAlias': 'oCmYSgSgfWmYsR', 'asset': 'USDT', 'balance': '4973.71253575', 'crossWalletBalance': '4973.71253575', 'crossUnPnl': '-273.29712167', 'availableBalance': '990.04297408', 'maxWithdrawAmount': '990.04297408', 'marginAvailable': True, 'updateTime': 1776787201091}, {'accountAlias': 'oCmYSgSgfWmYsR', 'asset': 'USDC', 'balance': '5000.00000000', 'crossWalletBalance': '5000.00000000', 'crossUnPnl': '0.00000000', 'availableBalance': '5000.00000000', 'maxWithdrawAmount': '5000.00000000', 'marginAvailable': True, 'updateTime': 1776777601169}]
2026-04-21 22:21:34 | INFO     | bot.orders | Fetching open orders (symbol=ALL)
2026-04-21 22:21:34 | INFO     | bot.orders | Fetching USDT account balance
2026-04-21 22:21:34 | DEBUG    | bot.client | GET https://testnet.binancefuture.com/fapi/v1/openOrders | params: {'timestamp': 1776790294601, 'recvWindow': 5000}
2026-04-21 22:21:34 | DEBUG    | bot.client | GET https://testnet.binancefuture.com/fapi/v2/balance | params: {'timestamp': 1776790294601, 'recvWindow': 5000}
2026-04-21 22:21:35 | DEBUG    | bot.client | Response [200]: []
2026-04-21 22:21:35 | DEBUG    | bot.client | Response [200]: [{'accountAlias': 'oCmYSgSgfWmYsR', 'asset': 'FDUSD', 'balance': '0.00000000', 'crossWalletBalance': '0.00000000', 'crossUnPnl': '0.00000000', 'availableBalance': '0.00000000', 'maxWithdrawAmount': '0.00000000', 'marginAvailable': True, 'updateTime': 0}, {'accountAlias': 'oCmYSgSgfWmYsR', 'asset': 'BNB', 'balance': '0.00000000', 'crossWalletBalance': '0.00000000', 'crossUnPnl': '0.00000000', 'availableBalance': '0.00000000', 'maxWithdrawAmount': '0.00000000', 'marginAvailable': True, 'updateTime': 0}, {'accountAlias': 'oCmYSgSgfWmYsR', 'asset': 'ETH', 'balance': '0.00000000', 'crossWalletBalance': '0.00000000', 'crossUnPnl': '0.00000000', 'availableBalance': '0.00000000', 'maxWithdrawAmount': '0.00000000', 'marginAvailable': True, 'updateTime': 0}, {'accountAlias': 'oCmYSgSgfWmYsR', 'asset': 'BTC', 'balance': '0.01000000', 'crossWalletBalance': '0.01000000', 'crossUnPnl': '0.00000000', 'availableBalance': '0.01000000', 'maxWithdrawAmount': '0.01000000', 'marginAvailable': True, 'updateTime': 1776777601189}, {'accountAlias': 'oCmYSgSgfWmYsR', 'asset': 'USDT', 'balance': '4973.71253575', 'crossWalletBalance': '4973.71253575', 'crossUnPnl': '-273.29712167', 'availableBalance': '990.04297408', 'maxWithdrawAmount': '990.04297408', 'marginAvailable': True, 'updateTime': 1776787201091}, {'accountAlias': 'oCmYSgSgfWmYsR', 'asset': 'USDC', 'balance': '5000.00000000', 'crossWalletBalance': '5000.00000000', 'crossUnPnl': '0.00000000', 'availableBalance': '5000.00000000', 'maxWithdrawAmount': '5000.00000000', 'marginAvailable': True, 'updateTime': 1776777601169}]
2026-04-21 22:21:39 | INFO     | bot.orders | Fetching open orders (symbol=ALL)
2026-04-21 22:21:39 | INFO     | bot.orders | Fetching USDT account balance
2026-04-21 22:21:39 | DEBUG    | bot.client | GET https://testnet.binancefuture.com/fapi/v1/openOrders | params: {'timestamp': 1776790299602, 'recvWindow': 5000}
2026-04-21 22:21:39 | DEBUG    | bot.client | GET https://testnet.binancefuture.com/fapi/v2/balance | params: {'timestamp': 1776790299602, 'recvWindow': 5000}
2026-04-21 22:21:40 | DEBUG    | bot.client | Response [200]: []
2026-04-21 22:21:40 | DEBUG    | bot.client | Response [200]: [{'accountAlias': 'oCmYSgSgfWmYsR', 'asset': 'FDUSD', 'balance': '0.00000000', 'crossWalletBalance': '0.00000000', 'crossUnPnl': '0.00000000', 'availableBalance': '0.00000000', 'maxWithdrawAmount': '0.00000000', 'marginAvailable': True, 'updateTime': 0}, {'accountAlias': 'oCmYSgSgfWmYsR', 'asset': 'BNB', 'balance': '0.00000000', 'crossWalletBalance': '0.00000000', 'crossUnPnl': '0.00000000', 'availableBalance': '0.00000000', 'maxWithdrawAmount': '0.00000000', 'marginAvailable': True, 'updateTime': 0}, {'accountAlias': 'oCmYSgSgfWmYsR', 'asset': 'ETH', 'balance': '0.00000000', 'crossWalletBalance': '0.00000000', 'crossUnPnl': '0.00000000', 'availableBalance': '0.00000000', 'maxWithdrawAmount': '0.00000000', 'marginAvailable': True, 'updateTime': 0}, {'accountAlias': 'oCmYSgSgfWmYsR', 'asset': 'BTC', 'balance': '0.01000000', 'crossWalletBalance': '0.01000000', 'crossUnPnl': '0.00000000', 'availableBalance': '0.01000000', 'maxWithdrawAmount': '0.01000000', 'marginAvailable': True, 'updateTime': 1776777601189}, {'accountAlias': 'oCmYSgSgfWmYsR', 'asset': 'USDT', 'balance': '4973.71253575', 'crossWalletBalance': '4973.71253575', 'crossUnPnl': '-258.88309731', 'availableBalance': '1003.07387529', 'maxWithdrawAmount': '1003.07387529', 'marginAvailable': True, 'updateTime': 1776787201091}, {'accountAlias': 'oCmYSgSgfWmYsR', 'asset': 'USDC', 'balance': '5000.00000000', 'crossWalletBalance': '5000.00000000', 'crossUnPnl': '0.00000000', 'availableBalance': '5000.00000000', 'maxWithdrawAmount': '5000.00000000', 'marginAvailable': True, 'updateTime': 1776777601169}]
